# .PCD v0.7 - Point Cloud Data
VERSION 0.7
FIELDS x y z intensity
SIZE 4 4 4 4
TYPE F F F F
COUNT 1 1 1 1
WIDTH 25500
HEIGHT 1
VIEWPOINT 0 0 0 1 0 0 0
POINTS 25500
DATA ascii
21.4374 -7.2656 -1.4283 0.3591
1.3327 5.9831 -1.5892 0.3326
26.5159 9.7637 -1.3811 0.3340
16.8421 -2.7922 -1.6100 0.3703
-19.3494 7.3070 -1.7541 0.3389
33.5373 5.2509 -1.3346 0.3413
20.6684 8.2317 -1.4349 0.3450
22.1639 -1.5126 -1.5882 0.3462
-17.3132 -7.9740 -1.7360 0.3637
2.0232 -7.6329 -1.5850 0.3258
-2.7521 5.2640 -1.6232 0.3462
30.6059 7.2666 -1.3523 0.3732
13.6319 -0.8597 -1.6305 0.3927
24.3657 -8.8086 -1.4016 0.3229
1.6049 -8.6659 -1.5888 0.3566
-11.3657 1.9720 -1.8514 0.3462
8.2751 8.3725 -1.5395 0.3480
-21.1710 -2.0083 -1.9190 0.3342
24.6579 3.0124 -1.5574 0.3651
12.8999 0.8402 -1.6358 0.3641
20.4853 7.7952 -1.4364 0.4005
-3.7284 6.6478 -1.6292 0.3236
33.2419 -6.0130 -1.3348 0.3150
28.5873 3.5509 -1.5282 0.3911
21.7030 6.9501 -1.4261 0.3490
-13.3217 8.6050 -1.7006 0.3409
3.0033 1.7985 -1.7213 0.3538
-22.3718 -6.4818 -1.7791 0.3221
-15.7426 1.1646 -1.8840 0.3575
15.9829 3.3164 -1.6166 0.3484
19.6857 -4.5502 -1.4416 0.3715
33.0506 9.4600 -1.3273 0.3671
-5.4505 -5.4135 -1.6455 0.3688
-2.7724 8.2271 -1.6199 0.3538
3.1733 -1.4964 -1.7195 0.3821
-13.6317 -9.9889 -1.7005 0.3615
-17.2047 0.8658 -1.8939 0.3393
3.5423 2.5657 -1.7168 0.3338
-11.3854 7.3873 -1.6878 0.3361
15.1888 0.8113 -1.6196 0.3618
1.2291 -8.1174 -1.5911 0.3234
24.9607 8.5363 -1.3967 0.3531
17.0159 1.3071 -1.6076 0.3333
-6.2580 -4.5694 -1.6541 0.3249
24.9356 7.9772 -1.3977 0.3282
23.2859 -7.5817 -1.4124 0.3495
-1.7513 -8.0503 -1.6127 0.3653
-7.7003 0.7002 -1.8224 0.3365
15.9497 2.4977 -1.6158 0.3085
-16.6149 0.2192 -1.8902 0.4131
-13.0055 8.5798 -1.6980 0.3724
-24.5583 -4.7436 -1.7941 0.3686
22.2155 9.8047 -1.4205 0.3826
14.8911 -9.6130 -1.4879 0.3518
17.3099 -7.6293 -1.4636 0.3473
21.8437 -6.2865 -1.4252 0.3771
2.5349 -8.4085 -1.5820 0.3770
9.1245 -1.2356 -1.6658 0.3623
-16.6122 7.3074 -1.7311 0.3676
-18.1282 6.4152 -1.7449 0.3252
15.1042 4.8951 -1.4760 0.3449
3.2658 -9.8518 -1.5783 0.3841
8.9142 7.3141 -1.5317 0.3661
20.8999 -2.0700 -1.5827 0.3208
13.0831 4.6328 -1.4909 0.3394
8.2148 4.5384 -1.5295 0.3808
8.5524 -6.4496 -1.5321 0.3591
-6.7630 0.3079 -1.8143 0.3536
-23.1509 8.5236 -1.7873 0.3542
1.2030 -4.7390 -1.5896 0.3483
-12.1249 4.3006 -1.7025 0.3395
-0.4883 9.1610 -1.6033 0.3333
26.2042 -2.7874 -1.5469 0.3702
-10.9636 -2.2473 -1.8478 0.3548
-21.5018 -0.9487 -1.9210 0.3641
-8.1170 6.1808 -1.6652 0.3609
-7.3844 -1.2143 -1.8193 0.3782
14.7150 -0.2751 -1.6227 0.3591
8.4219 -5.5537 -1.5306 0.3665
22.0339 9.7669 -1.4222 0.3533
14.8588 7.8471 -1.4847 0.3311
-0.6168 2.0051 -1.7559 0.3455
23.8412 9.2112 -1.4059 0.3618
-14.9816 3.7400 -1.8754 0.3636
-23.6373 9.1821 -1.7922 0.3790
-19.5971 -6.7693 -1.7565 0.3408
18.3416 -5.4909 -1.4524 0.3545
2.7126 7.7036 -1.5800 0.3474
-15.3237 -1.6025 -1.8808 0.3825
5.0627 -2.5768 -1.7029 0.3575
-15.8613 5.0867 -1.7293 0.3579
16.7792 2.6065 -1.6102 0.3493
1.7694 -3.1186 -1.7336 0.3455
-2.1387 -2.0428 -1.7704 0.3210
-6.9093 -1.8323 -1.8145 0.3248
12.8170 -7.4734 -1.5008 0.3536
-3.2912 -5.4089 -1.6276 0.3511
-19.7410 0.7506 -1.9100 0.3537
-17.9196 5.6365 -1.7442 0.3688
32.7139 -1.6190 -1.4991 0.3519
29.5148 -2.3329 -1.5235 0.3430
16.9824 3.0103 -1.6092 0.3458
-9.0478 -6.8549 -1.6707 0.3549
33.1506 -2.3850 -1.4944 0.3424
21.7251 -5.8373 -1.4264 0.3713
18.0134 3.0329 -1.6022 0.3498
1.9617 -7.7527 -1.5856 0.3550
-8.6655 -1.0435 -1.8305 0.3337
-19.2165 1.9236 -1.9065 0.3713
29.1561 6.6735 -1.3656 0.3788
2.3466 4.4910 -1.5794 0.3227
-12.8582 8.8573 -1.6961 0.3580
-6.6426 3.5976 -1.8094 0.3478
9.7532 -3.0162 -1.6633 0.3557
-14.3936 -5.3655 -1.7174 0.3590
26.3969 -8.8684 -1.3836 0.3053
20.5112 -4.4482 -1.4356 0.3652
18.1678 -7.2630 -1.4558 0.3722
0.9256 -2.6155 -1.7413 0.3745
12.6385 4.0516 -1.6429 0.3311
10.0459 3.8407 -1.6628 0.3494
13.9908 -3.6367 -1.6317 0.3392
-19.9333 0.1710 -1.9113 0.3117
-0.0516 -5.6646 -1.6004 0.3376
-22.5031 0.0595 -1.9272 0.3283
4.6394 0.2016 -1.7052 0.3567
-5.2083 -3.9741 -1.7963 0.3174
-16.3285 -4.8106 -1.7334 0.3304
-18.7958 9.5915 -1.7476 0.3396
10.2587 0.7425 -1.7310 0.3654
-14.7644 1.2415 -1.8773 0.4056
30.5072 -9.8441 -1.3467 0.3561
9.8637 -6.3632 -1.5213 0.3294
-4.1878 -2.8676 -1.7888 0.3364
10.4549 9.3196 -1.5246 0.3632
-23.6318 -6.4952 -1.7893 0.3231
32.5136 -3.9342 -1.4965 0.3719
3.9382 9.8031 -1.5736 0.3555
21.9641 -0.3778 -1.7530 0.3475
-20.0362 -3.6318 -1.9113 0.3163
4.1995 2.6872 -1.7109 0.3684
4.4424 -0.0740 -1.7070 0.3348
31.2696 9.1490 -1.3420 0.3531
9.3037 -8.3361 -1.5314 0.3469
3.4094 5.8110 -1.5720 0.3183
-8.9815 -4.4183 -1.6771 0.3454
-5.1059 6.1334 -1.6412 0.3258
6.2403 6.9544 -1.5517 0.3370
1.3347 6.9845 -1.5897 0.3587
-23.7033 7.3339 -1.7909 0.3640
24.5775 4.3626 -1.4063 0.3496
28.7696 -7.1519 -1.3675 0.3323
-16.5851 -8.9619 -1.7281 0.3371
8.2422 -3.1847 -1.6761 0.3367
-18.4855 -0.0986 -1.9022 0.3073
15.3344 -3.9476 -1.6224 0.3515
-8.1260 4.8441 -1.6690 0.3167
14.5654 4.4489 -1.4791 0.3515
18.6197 9.4385 -1.4540 0.3208
21.1188 -1.9885 -1.5813 0.3259
-18.5355 5.7146 -1.7489 0.3634
29.9607 4.8240 -1.3645 0.3505
-11.1872 9.7750 -1.6804 0.3123
-22.7552 5.4723 -1.7814 0.3388
8.2911 -4.3285 -1.5283 0.3552
-2.7447 -9.6946 -1.6183 0.3376
24.7874 9.3633 -1.3971 0.3431
23.4951 4.3214 -1.4141 0.3549
-5.9717 6.2521 -1.6478 0.3509
32.1740 5.8649 -1.3439 0.3302
-7.5449 4.7152 -1.6645 0.3504
5.9034 5.0295 -1.5499 0.3443
-9.6421 8.5892 -1.6706 0.3845
31.1626 8.2822 -1.3450 0.3479
-15.1235 -2.4155 -1.8786 0.3527
-22.3054 -9.3808 -1.7801 0.3552
1.1058 -9.2264 -1.5925 0.3436
34.5425 -1.0672 -1.4840 0.3356
28.5006 6.6996 -1.3709 0.3592
19.9165 6.9522 -1.4410 0.3594
28.4475 -1.9122 -1.5320 0.3917
28.6068 -3.9678 -1.5271 0.3648
6.1315 0.1320 -1.6914 0.3652
-6.0443 6.6509 -1.6475 0.3644
21.3207 2.7299 -1.5800 0.3362
14.6997 -7.2039 -1.4846 0.3248
-2.5805 -2.7553 -1.7741 0.3299
-19.3320 1.1085 -1.9074 0.3638
19.8074 0.7652 -1.5895 0.3784
-9.2524 6.6127 -1.6730 0.3647
31.2088 8.6434 -1.3437 0.3467
-10.5418 -7.9907 -1.6794 0.3835
-17.6345 -5.5118 -1.7422 0.3411
24.8668 -2.1569 -1.5568 0.3270
-15.8029 -4.0720 -1.8808 0.3551
-14.2439 -1.8342 -1.8730 0.3758
10.9630 -9.1856 -1.5202 0.3331
27.4737 -8.6797 -1.3746 0.3159
-13.2139 6.7672 -1.7044 0.3508
-6.3806 -7.9484 -1.6471 0.3654
21.6443 6.4815 -1.4268 0.2907
33.3096 -3.8698 -1.4901 0.3695
5.0445 -3.8155 -1.7049 0.3227
-16.3661 -7.9851 -1.7278 0.3645
-24.1638 -9.7347 -1.7975 0.3101
-11.2206 -2.8942 -1.8487 0.3205
-17.0907 6.7071 -1.7360 0.3624
15.6595 8.3991 -1.4790 0.3743
-17.6901 -8.7683 -1.7382 0.3498
5.3798 -9.3818 -1.5630 0.3979
16.6557 -6.8240 -1.4677 0.3295
9.8670 5.3258 -1.5182 0.3293
-13.0135 -5.9023 -1.7052 0.3440
23.2475 -5.3838 -1.4149 0.3430
17.9244 7.7789 -1.4585 0.3557
19.3390 7.4990 -1.4461 0.3351
-17.1365 3.4058 -1.8914 0.3614
-17.5748 -6.7197 -1.7400 0.3609
30.6538 -2.3770 -1.5146 0.3823
-1.1453 -5.2765 -1.6097 0.3402
-6.9431 3.4369 -1.8123 0.3567
4.3150 5.5986 -1.5642 0.3621
14.7719 -7.1573 -1.4839 0.3499
32.3374 7.9591 -1.3365 0.3458
-7.8132 -0.7435 -1.8234 0.3087
30.4885 5.9001 -1.3572 0.3517
-23.5084 -8.9672 -1.7909 0.3619
8.3119 -2.7884 -1.6748 0.3488
13.0385 -9.7044 -1.5041 0.3344
-18.6462 4.3697 -1.7510 0.3164
-16.5796 -8.4110 -1.7289 0.3591
0.1469 -3.2343 -1.7486 0.3507
32.9739 5.6350 -1.3381 0.3778
10.7626 4.9793 -1.5101 0.3210
30.9814 2.8058 -1.5113 0.3406
23.2617 3.8804 -1.5662 0.3236
3.0429 3.0246 -1.7218 0.3705
22.0858 2.8255 -1.5749 0.3748
-23.9298 -3.0069 -1.9376 0.3885
-18.4514 -9.4367 -1.7445 0.3604
24.7657 -1.1635 -1.5581 0.3658
22.8090 -9.0908 -1.4154 0.3587
-11.0416 -0.6227 -1.8501 0.3615
6.8462 -0.7184 -1.6851 0.3510
11.3609 -6.4256 -1.5095 0.3624
27.0643 5.6852 -1.3849 0.3928
11.1864 4.0842 -1.6543 0.3544
-0.2457 1.1908 -1.7524 0.3505
-2.5490 8.5182 -1.6180 0.3540
0.5529 -4.2563 -1.7451 0.3470
14.1159 -4.7594 -1.4833 0.3549
27.0494 -6.3313 -1.3835 0.3463
2.2338 0.8888 -1.7283 0.3729
-10.1296 -5.8929 -1.6822 0.3709
-10.8003 7.3779 -1.6832 0.3933
19.7609 -3.9138 -1.5907 0.3495
23.9941 -0.1814 -1.5633 0.3558
-18.6833 0.5902 -1.9034 0.3549
-21.0065 -3.8471 -1.9180 0.3540
10.6660 4.7684 -1.5102 0.3726
-16.2296 3.8415 -1.8843 0.3175
24.4799 5.2162 -1.4058 0.3592
-6.3799 2.1184 -1.8095 0.3899
-16.3677 -0.7964 -1.8884 0.3773
30.2582 -1.0217 -1.5194 0.3750
-15.0681 4.3307 -1.7249 0.3668
-7.9168 -2.4593 -1.8224 0.3381
-15.7832 -1.2548 -1.8842 0.3350
-18.0706 -6.7266 -1.7440 0.3352
-23.7311 3.5926 -1.9368 0.3272
-21.6763 -8.4615 -1.7741 0.3689
-14.5215 9.8102 -1.7086 0.3794
-21.7971 -7.1252 -1.7747 0.3587
10.4686 -2.3404 -1.6562 0.3661
15.8429 -5.2444 -1.4711 0.3559
-1.3822 -4.1868 -1.7623 0.3614
-5.9205 -3.5509 -1.8032 0.3077
5.2716 4.3667 -1.5539 0.3563
27.5003 -6.4650 -1.3795 0.3415
26.0679 -4.7229 -1.3946 0.3492
-22.3915 -7.9759 -1.7802 0.3545
-14.1101 -3.3708 -1.8697 0.3357
-10.7953 8.8248 -1.6792 0.3285
-10.0367 -2.3978 -1.8402 0.3351
9.2740 5.5468 -1.5236 0.3210
-0.0243 -0.7659 -1.7502 0.3269
-22.0448 -1.0080 -1.9244 0.3296
-2.5832 6.4794 -1.6204 0.3213
6.4252 -9.4636 -1.5556 0.3606
-18.8997 7.2977 -1.7503 0.3320
25.0075 -0.2958 -1.5568 0.3127
-21.8823 -2.9775 -1.9238 0.3420
30.4905 8.1367 -1.3508 0.3277
-19.0532 -3.2028 -1.9048 0.3792
25.6145 9.5539 -1.3894 0.3527
29.1592 8.7271 -1.3602 0.3206
33.7742 -4.6415 -1.3343 0.3614
23.1216 -3.1879 -1.5677 0.3517
21.7687 6.2434 -1.4259 0.3452
13.5490 -6.0878 -1.4911 0.3815
21.7398 4.6390 -1.4267 0.3305
-16.9269 -7.4170 -1.7335 0.3707
7.1641 -5.8879 -1.5416 0.3418
5.8534 0.0101 -1.6939 0.3496
26.4543 4.9176 -1.3913 0.3350
2.7680 4.7886 -1.5761 0.3363
-1.8946 2.1784 -1.7680 0.3413
13.3738 -4.5577 -1.4885 0.3120
-9.0122 -1.6924 -1.8328 0.3569
-16.6139 -5.0757 -1.7351 0.3523
3.6726 -4.4597 -1.5679 0.3200
0.0134 -3.5355 -1.7499 0.3632
-11.0458 1.9770 -1.8489 0.3791
-2.9493 -5.8481 -1.6242 0.3367
-3.0165 -9.1486 -1.6207 0.3343
-5.3503 3.8491 -1.7977 0.3723
-2.2322 -9.5639 -1.6150 0.3581
16.1446 9.4157 -1.4764 0.3473
-7.1874 -2.9943 -1.8152 0.3663
31.9315 -9.8684 -1.3352 0.3555
29.9809 7.6917 -1.3561 0.3786
3.8546 1.9961 -1.7134 0.3497
-5.2983 6.3478 -1.6422 0.3585
7.1261 -1.2995 -1.6830 0.3720
25.9136 -2.9164 -1.5488 0.3010
14.1552 3.1038 -1.6295 0.3727
23.2635 -1.8800 -1.5675 0.3399
6.9633 1.1242 -1.6843 0.3600
12.9751 -4.4435 -1.4912 0.3833
-7.7107 -3.3471 -1.8190 0.3439
19.0936 -8.3562 -1.4489 0.3409
-12.8557 5.6274 -1.7047 0.3489
16.6879 -3.0230 -1.6113 0.3210
26.6431 9.5000 -1.3803 0.3940
-17.0738 -4.8048 -1.7390 0.3491
11.8628 -0.4989 -1.6434 0.3829
-19.2943 -3.8894 -1.9060 0.3433
18.5429 3.8785 -1.5993 0.3507
-19.9304 6.1673 -1.7595 0.3689
31.1564 -0.2598 -1.5127 0.3280
-16.7555 -2.6614 -1.8896 0.3479
32.5328 4.8950 -1.3438 0.3681
23.0531 -6.1709 -1.4157 0.3457
10.6209 1.9893 -1.6545 0.3403
21.9574 4.6725 -1.4251 0.3723
22.7069 -4.6146 -1.4196 0.3780
31.7616 3.1140 -1.5044 0.3812
-9.7970 4.7045 -1.6830 0.3365
10.4046 -7.6517 -1.5208 0.3384
-19.2970 -3.5219 -1.9062 0.3406
11.9699 -1.8739 -1.6438 0.3644
-14.7225 5.5191 -1.7196 0.3261
8.8970 1.3501 -1.6678 0.3272
9.3458 -1.0088 -1.6638 0.3357
2.9591 -3.6246 -1.7231 0.3312
6.3579 -9.9188 -1.5569 0.3677
20.8354 -9.5956 -1.4335 0.3663
22.9547 -5.1911 -1.4173 0.3404
4.5292 -7.6662 -1.5663 0.3461
10.9756 -7.6083 -1.5161 0.2992
30.8742 2.0548 -1.5134 0.3409
-17.8160 2.1091 -1.8972 0.3749
-17.9738 -9.1046 -1.7404 0.3398
-19.7375 1.8787 -1.9098 0.3281
14.4718 -7.0836 -1.4862 0.3775
0.1165 -2.4555 -1.7489 0.3277
21.4593 9.7937 -1.4276 0.3809
15.2739 0.4401 -1.6188 0.4078
-4.9817 -9.3162 -1.6342 0.3478
28.9020 -3.0468 -1.5269 0.3749
20.7519 3.4180 -1.5838 0.3166
-8.7679 -5.5080 -1.6724 0.3157
-3.1485 9.2890 -1.6215 0.3341
-6.1336 -1.4941 -1.8080 0.3664
-15.5433 -9.5783 -1.7180 0.3500
-16.1330 0.8113 -1.8868 0.3463
31.1676 3.5238 -1.5083 0.3242
1.2742 -0.8802 -1.7376 0.3475
-2.0008 8.5634 -1.6141 0.3371
18.7811 8.0386 -1.4514 0.3316
8.1796 -7.2208 -1.5372 0.3299
31.1684 -8.4010 -1.3446 0.3538
21.8181 -3.7538 -1.5764 0.3356
3.7622 2.1627 -1.7144 0.3499
-2.4184 2.0319 -1.7731 0.3146
34.1979 -4.5671 -1.3310 0.3601
18.0656 9.0220 -1.4587 0.3548
32.0717 -3.8534 -1.5002 0.3454
-17.8913 6.0840 -1.7434 0.3532
26.0320 6.6396 -1.3910 0.3687
13.2244 -8.0313 -1.4989 0.3210
-17.6847 -5.3489 -1.7428 0.3513
10.2955 -5.6962 -1.5159 0.3239
16.1658 8.3930 -1.4746 0.3518
-24.2618 -2.9779 -1.9399 0.3448
2.2591 6.7294 -1.5824 0.3495
24.5240 -0.4396 -1.5599 0.3670
-7.2785 -0.8556 -1.8186 0.3664
2.5129 8.0684 -1.5818 0.3717
1.5388 -1.1820 -1.7351 0.3421
-6.8844 4.8970 -1.6586 0.3641
30.1065 -1.5124 -1.5201 0.3601
21.8776 -7.9626 -1.4243 0.3426
-18.3647 -8.9381 -1.7441 0.3523
34.8221 -5.8352 -1.3226 0.3474
27.7520 4.4454 -1.3825 0.3779
-7.9655 -2.5270 -1.8227 0.3662
25.2138 -0.9178 -1.5553 0.3433
-18.6148 -7.9625 -1.7472 0.3419
34.9463 2.4608 -1.4789 0.3692
14.9411 6.0690 -1.4800 0.3768
14.0075 2.4937 -1.6295 0.3563
-19.5736 9.6923 -1.7547 0.3632
28.8220 -9.6732 -1.3611 0.3761
-23.2600 -9.6866 -1.7892 0.3465
-10.5503 0.0001 -1.8464 0.3517
-16.4187 -4.6718 -1.7343 0.3597
21.6061 3.7302 -1.5779 0.3414
-13.1077 5.8642 -1.7060 0.3840
29.6383 -7.9513 -1.3582 0.3412
14.3761 8.3468 -1.4899 0.3512
-22.8302 -9.4015 -1.7850 0.3883
-24.6742 3.7681 -1.9436 0.3128
-21.9005 -2.3100 -1.9238 0.3543
11.3555 3.3488 -1.6512 0.3368
23.0889 -8.0473 -1.4137 0.3500
-10.6868 8.7416 -1.6786 0.3259
25.9645 8.7482 -1.3875 0.3426
-21.5661 0.3880 -1.9214 0.3505
23.0578 0.1917 -1.5693 0.3548
30.6677 2.6962 -1.5140 0.3679
21.3265 1.6014 -1.5800 0.3035
16.8872 0.8709 -1.6082 0.3475
25.2788 1.7838 -1.5543 0.3465
-22.5909 7.1726 -1.7814 0.3487
-12.8931 2.2213 -1.8627 0.3506
-17.5046 -6.0833 -1.7403 0.3334
5.2719 8.2782 -1.5619 0.3191
19.7113 -5.6808 -1.4420 0.3543
12.8007 -6.6968 -1.4988 0.3301
26.0679 9.9412 -1.3848 0.3581
-15.6872 -5.7317 -1.7267 0.3313
19.0773 -7.9981 -1.4488 0.3639
-13.4175 1.2401 -1.8677 0.3489
-8.7545 6.5439 -1.6693 0.3503
17.5943 -8.7850 -1.4626 0.3451
33.8123 -0.1979 -1.4907 0.3419
11.6926 -8.6300 -1.5130 0.3453
-21.7300 -1.4262 -1.9225 0.3736
11.9785 -3.1208 -1.6459 0.3193
-22.4590 -7.2574 -1.7803 0.3370
28.0487 8.6204 -1.3698 0.3711
17.5747 2.6977 -1.6049 0.3664
-14.6123 6.8611 -1.7155 0.3769
-19.4967 8.1189 -1.7548 0.3488
-13.9880 8.6037 -1.7062 0.3236
33.8016 4.9623 -1.3332 0.3278
2.5136 -3.8610 -1.7274 0.3440
22.0449 6.5787 -1.4235 0.3652
13.1845 0.4037 -1.6336 0.3449
9.3448 -4.5669 -1.5203 0.3434
-16.2922 -2.2845 -1.8868 0.3579
31.7615 -3.9755 -1.5024 0.3506
-6.9194 -0.6759 -1.8155 0.3412
9.6810 5.6267 -1.5206 0.3300
16.9866 -0.3027 -1.6074 0.3689
13.9540 -4.6428 -1.4842 0.3710
31.4357 -8.2519 -1.3428 0.3288
-16.0937 7.1151 -1.7271 0.3419
5.5012 -1.6526 -1.6979 0.3633
-0.7579 -1.1615 -1.7574 0.3272
3.4501 5.2744 -1.5709 0.3573
-17.8469 6.9945 -1.7418 0.3435
-16.9543 0.2229 -1.8924 0.3257
-8.3155 2.6474 -1.8255 0.3855
-6.7177 -5.2169 -1.6564 0.3432
0.6742 8.7014 -1.5953 0.3605
11.6593 1.3584 -1.6456 0.3276
13.0777 4.3921 -1.4903 0.3810
-0.2913 -7.7157 -1.6021 0.3889
-0.4730 2.7384 -1.7544 0.3200
-11.9423 -2.6210 -1.8548 0.3467
10.2984 -0.9987 -1.6560 0.3766
-5.9775 3.6432 -1.8036 0.3406
-22.8364 5.9266 -1.7824 0.3582
0.1040 -3.0127 -1.7490 0.3164
3.4480 7.4647 -1.5741 0.3342
-11.4644 -5.6202 -1.6937 0.3561
9.3475 1.2580 -1.7130 0.3382
8.9463 -6.9747 -1.5304 0.3428
17.1201 -4.2150 -1.6098 0.3197
13.8769 7.9082 -1.4931 0.3631
14.1460 -9.7689 -1.4947 0.3232
-6.0272 8.3122 -1.6436 0.3808
22.2459 -3.4320 -1.5736 0.3363
7.9487 3.9159 -1.6802 0.3660
0.8851 -8.1656 -1.5936 0.3640
12.5607 2.8254 -1.6408 0.3303
-3.3606 8.1892 -1.6242 0.3385
5.7644 1.1040 -1.6951 0.3409
19.2023 -2.7576 -1.5940 0.3422
28.1842 5.8716 -1.3756 0.3240
30.2634 4.2545 -1.5136 0.3607
5.2180 -7.6461 -1.5611 0.3362
6.2165 3.3140 -1.6938 0.3477
22.9922 3.2931 -1.5685 0.3701
-6.1330 5.0384 -1.6520 0.3614
25.2429 -3.6739 -1.5524 0.3376
4.6485 -1.9744 -1.7060 0.3708
-18.0486 9.2008 -1.7410 0.3633
-20.6765 1.4691 -1.9159 0.3359
25.5196 0.1701 -1.5534 0.3397
-21.6659 9.7370 -1.7743 0.3700
-8.1633 -5.4088 -1.6678 0.3656
-4.9522 -2.0413 -1.7967 0.3199
-14.6203 5.1977 -1.7196 0.3299
-6.1664 4.2620 -1.8040 0.3639
19.5616 9.3340 -1.4452 0.3265
-24.1190 3.0860 -1.9390 0.3661
24.6304 -3.7381 -1.5567 0.3887
26.3929 -2.0470 -1.5465 0.3575
-2.6643 -8.2057 -1.6192 0.3315
-15.7832 8.4744 -1.7219 0.3535
11.0504 -7.4266 -1.5150 0.3707
-17.8196 0.9141 -1.8978 0.3520
-3.1048 -1.9721 -1.7796 0.3597
32.5058 -7.3155 -1.3369 0.3340
34.7279 -4.1402 -1.4776 0.3355
21.3263 2.6714 -1.5799 0.3681
-6.3423 -9.3750 -1.6439 0.3358
16.2599 9.3198 -1.4753 0.2983
17.3244 8.1819 -1.4642 0.3439
-1.7295 -8.3080 -1.6123 0.3563
13.4533 7.3671 -1.4953 0.3712
-24.3563 -3.4286 -1.9410 0.3829
-12.4565 -8.6499 -1.6933 0.3517
6.5053 -3.8777 -1.6923 0.3632
-15.1749 6.1778 -1.7216 0.3524
-15.0456 3.3166 -1.8766 0.3571
25.1783 -5.2288 -1.4004 0.3463
34.3480 4.3835 -1.3302 0.3577
8.3582 4.1564 -1.6774 0.3354
25.3442 4.8572 -1.3998 0.3896
34.4193 0.8131 -1.4852 0.3022
-16.5042 6.3789 -1.7319 0.3614
1.8947 2.8272 -1.7323 0.3564
-1.4456 -7.4920 -1.6108 0.3574
-20.1970 6.2051 -1.7616 0.3263
20.3198 -3.5246 -1.5867 0.3164
1.0267 4.1007 -1.7408 0.3621
3.1596 3.5026 -1.7212 0.3768
-15.9596 -3.2817 -1.8832 0.3544
-14.1444 -6.7663 -1.7119 0.3661
29.4262 3.8992 -1.5210 0.3408
-22.3211 6.9805 -1.7790 0.3566
-11.0289 6.7646 -1.6868 0.3745
-7.4764 2.5301 -1.8185 0.3437
4.4119 -5.4519 -1.5632 0.3737
10.1867 -3.6758 -1.6612 0.3173
4.5974 5.0926 -1.5610 0.3377
-19.9531 -1.7829 -1.9112 0.3609
-10.3800 4.6499 -1.6878 0.3881
25.6153 -3.8110 -1.5496 0.3503
13.2553 -9.8736 -1.5025 0.3293
13.9489 2.0698 -1.6294 0.3876
15.2122 2.0183 -1.6203 0.3475
20.7742 2.5511 -1.5836 0.3633
-21.5135 -4.6363 -1.7717 0.3433
-3.0035 6.2214 -1.6241 0.3528
7.3716 -0.2507 -1.6803 0.3388
-4.6926 5.2478 -1.6395 0.3952
25.6687 2.2219 -1.5513 0.3738
3.9544 -1.6786 -1.7122 0.3854
21.1177 3.5925 -1.5813 0.3342
26.1209 1.4995 -1.5489 0.3135
5.2875 0.2142 -1.6992 0.3441
29.5731 2.9712 -1.5219 0.4003
10.2274 -8.2812 -1.5239 0.3436
26.0165 8.2052 -1.3880 0.3710
-4.5646 -3.2984 -1.7917 0.3295
4.9290 -5.5061 -1.5590 0.3334
6.8847 5.4359 -1.5428 0.3484
-18.7012 -5.3756 -1.7505 0.3922
-1.0868 9.9154 -1.6072 0.3720
30.0403 -1.5901 -1.5205 0.3089
12.8499 -4.0675 -1.6413 0.3633
-14.3496 -8.7587 -1.7090 0.3270
-4.6687 -9.1639 -1.6322 0.3364
-13.5038 -8.0972 -1.7033 0.3602
-23.5106 -9.8993 -1.7916 0.3780
30.6476 -3.4582 -1.5126 0.3770
1.8924 -3.7909 -1.7329 0.3566
-6.5479 -1.3982 -1.8118 0.3569
10.9086 -5.3415 -1.5099 0.3769
-24.5611 -8.7452 -1.8001 0.3185
-8.3187 -8.5767 -1.6604 0.3865
17.1820 -6.3571 -1.4627 0.3353
13.0262 -3.6682 -1.6390 0.3552
33.9084 -7.0402 -1.3266 0.3401
12.2215 -2.6976 -1.6432 0.3269
3.6504 8.4444 -1.5740 0.3592
20.6860 -4.7679 -1.4343 0.3547
29.1997 -6.6320 -1.3654 0.3479
18.2418 3.2955 -1.6009 0.3469
32.7927 -0.1824 -1.4994 0.3805
21.9203 -9.0549 -1.4235 0.3939
27.0081 5.7561 -1.3852 0.3751
-18.1538 4.3069 -1.7475 0.3555
18.9448 9.5460 -1.4510 0.3173
1.4053 8.7661 -1.5902 0.3625
8.1862 1.6850 -1.6742 0.3634
14.2461 3.7204 -1.6300 0.3654
33.1889 -1.8099 -1.4949 0.3272
34.0747 7.7693 -1.3234 0.3670
-7.7063 1.0562 -1.8223 0.3812
19.0252 -3.4890 -1.5956 0.3303
19.9990 -9.8102 -1.4413 0.3637
-4.2104 1.7290 -1.7901 0.3338
-17.5678 0.5087 -1.8963 0.3479
-22.5432 6.2375 -1.7803 0.3310
21.6406 -6.2599 -1.4269 0.3430
4.3820 6.3080 -1.5650 0.3431
34.1324 -9.6943 -1.3186 0.3582
2.8984 1.7463 -1.7222 0.3678
33.6750 -2.0630 -1.4904 0.3743
-0.3054 -3.3696 -1.7528 0.3370
22.6209 -1.3341 -1.5828 0.3572
-19.9108 -5.5282 -1.7596 0.3280
8.3277 -6.3315 -1.5335 0.3478
23.1236 6.1021 -1.4152 0.3509
30.4821 -5.4448 -1.3586 0.3315
24.3550 4.7394 -1.4074 0.3612
-22.7818 4.2272 -1.9306 0.3469
-2.6379 -9.3320 -1.6179 0.3531
-22.0781 7.6214 -1.7773 0.3745
-18.4431 5.7871 -1.7481 0.3414
15.5183 5.9213 -1.4751 0.3670
17.7955 6.1838 -1.4575 0.3789
21.4232 1.6511 -1.5794 0.3776
26.9274 9.8676 -1.3773 0.3462
19.3659 -6.4170 -1.4452 0.3305
23.0523 -8.5533 -1.4136 0.3358
-22.0622 4.0833 -1.9255 0.3183
-10.9279 -4.1213 -1.8436 0.3637
12.3139 2.1647 -1.6416 0.3650
26.4875 -2.1660 -1.5457 0.3523
-24.7300 -3.3295 -1.9435 0.3225
5.8778 7.8650 -1.5565 0.3427
15.6372 -7.1591 -1.4768 0.3776
-23.2236 -6.2203 -1.7857 0.3622
-0.9187 3.3568 -1.7585 0.3657
28.7381 5.6520 -1.3718 0.4162
15.2968 6.6443 -1.4784 0.3566
-10.7405 -5.3770 -1.6886 0.3068
26.1669 7.6423 -1.3878 0.3280
-4.1181 2.1910 -1.7889 0.3561
26.2007 6.4644 -1.3900 0.3504
-7.0634 -8.6296 -1.6507 0.3466
10.4192 -2.8621 -1.6576 0.3469
-1.1836 0.4973 -1.7616 0.3343
-8.5105 1.5391 -1.8287 0.3575
28.1935 -8.0186 -1.3700 0.3779
-13.7444 0.7732 -1.8703 0.3846
-19.9113 3.3097 -1.9105 0.3841
-4.4844 -2.7681 -1.7916 0.3309
18.0583 0.0148 -1.6005 0.3496
23.4459 -4.1487 -1.5647 0.3437
34.9246 7.4100 -1.3177 0.3618
-7.2183 1.9841 -1.8171 0.3483
-0.5235 1.0255 -1.7551 0.3455
-16.7907 8.8871 -1.7301 0.3791
9.4923 3.2986 -1.6660 0.3520
34.8548 -4.4035 -1.3259 0.3525
17.0529 2.8351 -1.6086 0.3583
10.7128 9.2325 -1.5224 0.3635
-1.4579 -9.5288 -1.6098 0.3636
29.9179 2.5318 -1.5201 0.3810
4.8150 -6.8633 -1.5626 0.3243
-16.9380 6.3292 -1.7354 0.3565
-3.0773 2.8137 -1.7787 0.3480
-20.9700 8.7398 -1.7678 0.3440
-12.8813 3.3916 -1.8605 0.3652
-23.9399 -9.6556 -1.7954 0.3759
2.1968 0.2071 -1.7285 0.3382
13.0724 8.0734 -1.5002 0.3837
-4.4025 -5.3539 -1.6369 0.3214
0.2229 -8.3421 -1.5984 0.3618
32.5526 4.3978 -1.3449 0.3322
20.1178 0.0502 -1.5876 0.3372
7.4514 -9.0481 -1.5473 0.3512
-7.9275 -4.4017 -1.6685 0.3420
28.8198 -3.4650 -1.5266 0.2927
-10.8942 3.3572 -1.8452 0.3622
-5.4794 -0.5680 -1.8025 0.3656
29.5439 -0.2562 -1.5252 0.3468
6.7725 6.1321 -1.5454 0.3452
19.5391 -4.4317 -1.4426 0.3425
10.4447 3.4515 -1.6586 0.3158
14.2064 -2.6489 -1.6283 0.3137
-7.0370 -1.6326 -1.8159 0.3661
-10.5177 1.1180 -1.8457 0.3713
-5.6505 3.9129 -1.8002 0.3619
-15.6735 8.9039 -1.7202 0.3576
27.4589 -4.6198 -1.3843 0.3657
-8.0052 -7.9251 -1.6596 0.3643
8.6894 -1.4242 -1.6696 0.3343
22.5185 0.9343 -1.5726 0.3544
22.0294 -5.4399 -1.4242 0.3441
1.3032 7.8099 -1.5904 0.3443
3.5754 5.9769 -1.5709 0.3728
34.6821 -0.1267 -1.4831 0.3815
15.4758 -0.9987 -1.6177 0.3031
23.8783 -9.1852 -1.4056 0.3449
29.1532 0.7378 -1.5279 0.3439
22.2554 1.9149 -1.5740 0.3732
-13.8892 7.8326 -1.7072 0.3210
8.7302 0.0220 -1.6686 0.2902
-18.8864 -6.8525 -1.7506 0.3664
14.1753 -6.3989 -1.4869 0.3693
32.3210 -6.8027 -1.3399 0.3143
5.7639 8.7707 -1.5592 0.3475
0.9783 5.8678 -1.5920 0.3806
-22.8494 6.4953 -1.7830 0.3284
32.5865 6.8087 -1.3378 0.3520
-18.8198 -8.0873 -1.7489 0.3602
-22.5353 4.0435 -1.9288 0.3214
-10.2360 4.0867 -1.8381 0.3387
-21.0682 -5.5036 -1.7685 0.3162
2.3071 -0.1867 -1.7275 0.3467
5.9653 3.2486 -1.6958 0.3342
-6.2458 7.9467 -1.6461 0.3542
-21.9424 -7.7915 -1.7762 0.3627
-18.3040 7.8439 -1.7447 0.3778
-1.9297 8.4483 -1.6137 0.3966
-21.3683 8.4722 -1.7713 0.3542
16.8914 -9.9033 -1.4703 0.3437
-12.5788 -5.5800 -1.7026 0.3425
-6.8757 3.8249 -1.8109 0.3307
-1.3525 -3.5652 -1.7623 0.3590
-0.0034 -8.7783 -1.6000 0.3401
-24.9004 5.2588 -1.7975 0.3604
-18.2758 -9.4282 -1.7429 0.3313
26.7659 -1.0796 -1.5447 0.3407
-24.9260 8.9515 -1.8036 0.3586
5.4900 -1.1953 -1.6977 0.3475
4.3701 8.2377 -1.5685 0.3116
-5.0144 -1.8199 -1.7975 0.3497
0.8796 -3.0663 -1.7418 0.3340
21.8349 -7.8523 -1.4247 0.3736
25.4722 -2.8382 -1.5519 0.3694
-9.3791 -3.2603 -1.8332 0.3043
-5.6506 6.9310 -1.6438 0.3660
-10.4510 8.3983 -1.6776 0.3578
3.7918 -9.5614 -1.5744 0.3203
15.9955 -8.0349 -1.4755 0.3676
-11.3048 2.8646 -1.8494 0.3244
-5.1559 -0.3051 -1.7996 0.3729
30.8231 -4.0624 -1.5097 0.3371
-22.0858 -4.8019 -1.7759 0.3196
2.6462 -5.5065 -1.5779 0.3924
17.6935 0.5090 -1.6029 0.3191
-15.9728 -9.6504 -1.7217 0.3339
-22.1576 4.7777 -1.7765 0.3378
-16.7077 -3.9922 -1.8875 0.3409
30.1294 -1.4634 -1.5200 0.3640
-24.4444 0.5410 -1.9396 0.3512
-13.7007 -5.7728 -1.7110 0.3701
-23.1230 7.6741 -1.7863 0.3574
-18.3622 3.6419 -1.8997 0.3165
12.2090 7.4059 -1.5055 0.3610
-10.5017 -0.4910 -1.8459 0.3547
9.1527 -1.3508 -1.6657 0.3375
10.4117 -5.2571 -1.5137 0.3915
25.9661 0.8968 -1.5503 0.3622
-24.7155 1.8633 -1.9420 0.3688
26.2022 -1.6015 -1.5482 0.3695
12.1471 -7.0923 -1.5052 0.3416
-15.2354 -4.5379 -1.7257 0.3627
21.3762 -9.7150 -1.4284 0.3563
26.3295 -3.6172 -1.5447 0.3389
-9.7442 1.6152 -1.8389 0.3256
30.1276 9.1142 -1.3513 0.3505
2.2674 -6.4421 -1.5820 0.3617
11.2055 -8.8907 -1.5176 0.3503
34.0790 -4.0738 -1.4832 0.3464
-3.3078 -6.8640 -1.6256 0.3505
23.7896 3.9104 -1.5625 0.3443
-5.8961 -9.8850 -1.6399 0.3810
22.9528 9.6173 -1.4137 0.3554
11.0440 7.1133 -1.5141 0.3403
-12.0187 -0.1866 -1.8578 0.3138
-0.1584 8.4188 -1.6011 0.3461
-5.9419 2.5612 -1.8050 0.3385
-20.3135 9.8753 -1.7616 0.3377
-23.2099 -4.4339 -1.7839 0.3689
-4.2113 9.9381 -1.6281 0.3516
-23.8580 -6.3951 -1.7910 0.3164
-15.0707 -2.9316 -1.8774 0.3624
18.5110 8.7065 -1.4544 0.3184
17.4855 -2.5892 -1.6054 0.3639
19.3148 -5.8033 -1.4451 0.3405
-5.9708 -8.8103 -1.6422 0.3517
28.4012 -7.0208 -1.3708 0.3495
10.6298 -2.8955 -1.6560 0.3470
-17.4384 -1.5754 -1.8951 0.3542
-16.3769 0.8490 -1.8884 0.3516
16.5857 6.2718 -1.4673 0.3874
-14.6234 -9.7317 -1.7096 0.3545
5.4376 6.8223 -1.5577 0.3549
34.5065 1.5450 -1.4839 0.3358
-24.7595 5.1296 -1.7962 0.3576
-24.0052 5.1396 -1.7905 0.3295
34.5851 8.0641 -1.3187 0.3730
10.0783 -8.1324 -1.5247 0.3203
-17.3854 1.4303 -1.8948 0.3331
28.8381 8.1806 -1.3642 0.3174
27.8228 4.3841 -1.3821 0.3584
7.1720 -8.0683 -1.5472 0.3415
12.3075 2.2793 -1.6418 0.3637
-8.6088 5.9976 -1.6697 0.3305
-21.9688 -4.5028 -1.7750 0.3606
10.6741 2.6499 -1.6552 0.3616
-7.3147 6.8082 -1.6571 0.3542
14.8173 0.4773 -1.6220 0.3506
25.1747 -6.1163 -1.3989 0.3527
-23.9104 0.9936 -1.9363 0.3318
10.7428 1.7601 -1.6532 0.3285
-11.1232 -1.9429 -1.8495 0.3609
27.4333 3.5923 -1.5367 0.3426
-9.7801 -1.3333 -1.8395 0.3591
11.6462 7.5481 -1.5105 0.3810
8.2125 5.8325 -1.5330 0.3409
-1.2300 6.0954 -1.6099 0.3380
15.6572 0.5215 -1.6163 0.3435
18.5462 -6.0730 -1.4514 0.3508
9.0163 4.4884 -1.5228 0.3623
20.5053 -8.6216 -1.4364 0.3494
34.0050 0.3515 -1.4890 0.3916
0.1563 -8.9404 -1.5989 0.3584
5.8750 0.5684 -1.6938 0.3656
-24.2518 3.7184 -1.9406 0.3493
22.7617 -1.6160 -1.5709 0.3702
6.2138 -1.6619 -1.6915 0.3459
-0.5223 -7.5441 -1.6039 0.3371
-19.3557 -3.9630 -1.9064 0.3681
28.3794 -1.1145 -1.5333 0.3489
-1.2996 7.2712 -1.6098 0.3549
15.9549 7.9596 -1.4757 0.3696
-16.0375 9.0716 -1.7231 0.3528
32.6930 -7.9947 -1.3336 0.3470
-14.2935 -4.0758 -1.8696 0.3393
-13.0275 -0.7417 -1.8652 0.3712
26.5390 2.8349 -1.5445 0.3432
29.7550 4.0560 -1.5181 0.3490
-12.2712 5.7203 -1.6998 0.3557
3.1881 -0.0825 -1.7190 0.3557
19.0097 1.1317 -1.5946 0.3703
27.7019 9.2114 -1.3716 0.3486
-2.2568 -5.1994 -1.6191 0.3775
6.0212 6.0752 -1.5513 0.3450
19.5030 4.2364 -1.5927 0.3574
18.8682 -7.1982 -1.4499 0.3463
21.9776 8.5298 -1.4232 0.3919
9.1960 7.1071 -1.5288 0.3430
-18.7231 5.5901 -1.7505 0.3448
29.2384 -7.4645 -1.3628 0.3523
26.9344 -7.2066 -1.3824 0.3447
22.8858 3.6640 -1.5690 0.3563
-19.0083 -7.8546 -1.7508 0.3746
-12.7362 -7.7337 -1.6979 0.3529
19.6160 -1.9944 -1.5910 0.3537
-23.6116 -9.8924 -1.7926 0.3454
33.7535 4.4297 -1.3350 0.3399
-2.3713 0.8041 -1.7731 0.3519
18.1588 -8.4365 -1.4572 0.3502
28.2543 0.8717 -1.5344 0.3735
-1.3222 -8.9182 -1.6091 0.3308
-5.8521 -8.5861 -1.6418 0.3791
11.5245 -0.2907 -1.6460 0.3471
9.8594 -0.0035 -1.6592 0.3530
-0.4516 -3.2201 -1.7542 0.3287
11.1065 2.4354 -1.6513 0.3612
31.1229 -2.2528 -1.5112 0.3308
3.0584 1.7392 -1.7207 0.3575
-13.1955 -3.0043 -1.8636 0.3555
-2.3676 4.2993 -1.7709 0.3435
-1.3536 1.5857 -1.7631 0.3087
-17.1335 -6.7991 -1.7362 0.3932
-15.2277 3.7254 -1.8772 0.3289
16.0737 5.6787 -1.4702 0.3555
-4.6313 -8.6825 -1.6327 0.3354
32.2939 2.1992 -1.5018 0.3710
-10.3842 5.8086 -1.6845 0.3424
-19.0645 -7.7069 -1.7514 0.3350
20.2103 8.0330 -1.4389 0.3619
27.8622 -1.7040 -1.5365 0.3246
-8.3132 4.7568 -1.6707 0.3417
-12.8747 7.9810 -1.6984 0.3638
-13.8540 9.7927 -1.7028 0.3801
6.3207 1.6785 -1.6905 0.3308
3.1050 4.0855 -1.7223 0.3378
-9.4336 -4.9660 -1.6793 0.3570
-22.2896 -4.1991 -1.9271 0.3101
3.8895 7.0154 -1.5701 0.3772
32.5599 -2.0351 -1.4998 0.3300
14.1512 6.4487 -1.4872 0.3413
4.7304 -8.9881 -1.5670 0.3552
-18.3585 -5.6349 -1.7476 0.3510
-9.8538 -6.5981 -1.6779 0.3307
-7.3136 0.5413 -1.8191 0.3844
20.8882 -8.3894 -1.4329 0.2985
27.6026 -3.1226 -1.5363 0.3276
29.0985 9.7249 -1.3587 0.3373
34.0741 5.8843 -1.3285 0.3310
33.9420 5.2118 -1.3314 0.3744
32.1799 -7.2977 -1.3396 0.3168
-20.6907 -2.7088 -1.9159 0.3811
-16.7324 3.6118 -1.8882 0.3444
-6.7320 -9.5675 -1.6464 0.3228
8.1739 -1.3205 -1.6739 0.3080
-19.1813 8.5718 -1.7518 0.3457
25.7478 -8.3532 -1.3901 0.3360
12.0054 8.1252 -1.5091 0.3547
7.5419 -6.1096 -1.5392 0.3410
-15.0813 -6.2179 -1.7208 0.3691
-9.8047 -6.0913 -1.6790 0.3472
-15.3813 8.6251 -1.7181 0.3415
26.1160 2.0749 -1.5484 0.3695
10.0537 5.0158 -1.5158 0.3546
19.1078 -2.6718 -1.5946 0.3655
-7.2380 7.4650 -1.6548 0.3730
-2.7248 1.6387 -1.7762 0.3441
-0.7087 1.9967 -1.7568 0.3508
20.6009 5.0464 -1.4350 0.3669
21.3412 5.4729 -1.4294 0.3010
-12.5912 3.6373 -1.8577 0.3480
31.4923 -7.6218 -1.3441 0.3455
-17.7607 7.3345 -1.7407 0.3575
28.7673 -4.7820 -1.3739 0.3340
-18.9763 9.9239 -1.7491 0.3719
-9.1276 -2.2898 -1.8329 0.3352
25.7887 -7.6001 -1.3911 0.3408
-14.2305 -3.6783 -1.8700 0.3367
-0.1859 1.4707 -1.7518 0.3746
1.9916 -2.1711 -1.7310 0.3083
-10.2845 6.5736 -1.6814 0.3857
17.6147 3.6441 -1.6056 0.3795
26.0801 -5.7310 -1.3925 0.3387
27.4745 0.7771 -1.5400 0.3705
-4.6407 5.7506 -1.6381 0.3526
6.8510 7.8247 -1.5491 0.3831
-10.0956 -2.1011 -1.8411 0.3690
-10.3122 8.4893 -1.6762 0.3939
-15.3248 -9.2806 -1.7165 0.3188
31.4011 3.5338 -1.5064 0.3538
28.2793 5.6397 -1.3755 0.3155
21.6415 -1.4972 -1.5854 0.3396
6.0597 -9.7805 -1.5588 0.3950
4.4365 3.7407 -1.7101 0.3594
6.7847 -3.1487 -1.6885 0.3697
7.1941 -6.9637 -1.5442 0.3603
1.0738 -6.8578 -1.5917 0.3590
-17.0947 5.3833 -1.7382 0.3396
-17.4602 -6.2522 -1.7397 0.3358
32.1350 -0.3180 -1.5048 0.3390
3.9218 9.4078 -1.5733 0.2954
32.1923 5.1764 -1.3457 0.3484
-15.1854 0.9439 -1.8804 0.3548
8.2650 0.5655 -1.6726 0.3376
-12.5370 -6.6535 -1.6992 0.3474
-9.8089 -1.0715 -1.8400 0.3605
-23.1967 -7.1020 -1.7864 0.3677
-17.8628 -8.3284 -1.7403 0.3260
30.0109 -7.8173 -1.3555 0.3341
-5.7080 2.1322 -1.8035 0.3651
11.4878 -6.1289 -1.5076 0.3618
2.9008 -7.0131 -1.5777 0.3769
-0.9729 7.3426 -1.6073 0.3761
6.9132 -7.5597 -1.5479 0.3983
-13.7657 4.1127 -1.8656 0.3441
34.3162 -1.6600 -1.4854 0.3816
24.0985 1.5816 -1.5623 0.3316
19.4969 -9.5329 -1.4459 0.3979
3.1256 -9.9996 -1.5793 0.3591
-15.8274 6.3450 -1.7265 0.3608
30.2400 -0.4912 -1.5198 0.3698
-4.5168 -8.5739 -1.6321 0.3229
-21.9936 -3.1309 -1.9246 0.3285
-4.4558 0.1271 -1.7931 0.3523
22.6674 -7.2901 -1.4179 0.3569
12.3625 0.9268 -1.6399 0.3917
20.0503 0.5750 -1.5880 0.3310
22.6181 2.0567 -1.5717 0.3808
-12.2827 6.2052 -1.6985 0.3447
30.4270 -1.7444 -1.5173 0.3444
1.2794 7.7712 -1.5906 0.3467
13.3408 -0.5065 -1.6325 0.3439
-24.8615 -0.8570 -1.9424 0.3597
34.6021 3.1137 -1.4808 0.3421
-8.1462 2.3504 -1.8246 0.3218
-21.2762 -9.7713 -1.7707 0.3446
2.4957 9.6486 -1.5833 0.3591
-17.2582 8.8539 -1.7343 0.3220
-15.8604 -4.3743 -1.7307 0.3616
12.9370 1.1717 -1.6358 0.3736
-1.4244 5.4097 -1.6119 0.3796
30.3111 8.4094 -1.3515 0.3568
-5.8506 1.7181 -1.8052 0.3139
18.5708 -9.6212 -1.4545 0.3630
2.6660 3.6136 -1.7258 0.3693
14.5971 -8.1384 -1.4876 0.3361
10.9817 3.4236 -1.6543 0.3485
3.3670 1.7486 -1.7178 0.3597
32.0037 2.8134 -1.5031 0.3857
-4.4372 -6.2148 -1.6356 0.3449
-14.3659 -0.1278 -1.8749 0.3678
15.6856 2.3591 -1.6174 0.3563
25.7605 -3.9941 -1.5482 0.3540
-22.5848 -6.3675 -1.7807 0.3766
1.9780 -5.5464 -1.5835 0.3334
28.5493 7.1603 -1.3692 0.3546
19.9771 -0.7091 -1.5885 0.3505
34.5085 3.2215 -1.4814 0.3199
6.8848 0.2978 -1.6846 0.3747
14.5997 6.6825 -1.4842 0.3666
-6.8512 0.1699 -1.8151 0.3507
31.8521 -8.1335 -1.3398 0.3448
-3.0199 -6.0403 -1.6245 0.3500
19.3106 -9.7347 -1.4477 0.3641
-0.8116 6.6305 -1.6064 0.3511
8.7091 3.2655 -1.6724 0.3366
18.1870 5.1840 -1.4532 0.3397
5.5360 4.3004 -1.5515 0.3498
29.4252 6.4896 -1.3640 0.3313
0.1581 9.7394 -1.5990 0.3567
13.8243 3.0694 -1.6318 0.3341
-4.4583 -4.9547 -1.6381 0.3309
-0.5106 -7.9722 -1.6037 0.4139
1.4030 1.7950 -1.7365 0.3888
-17.4516 5.4151 -1.7409 0.3529
-19.4966 1.2314 -1.9084 0.3670
15.0494 -3.9289 -1.6245 0.3704
14.3311 4.3947 -1.4808 0.3485
14.7746 -1.0406 -1.6225 0.3557
-23.8140 -4.2682 -1.9381 0.3448
-5.4072 6.8217 -1.6421 0.3751
-13.1314 1.5304 -1.8653 0.3754
21.6891 -4.3310 -1.4271 0.3812
26.6378 -3.4279 -1.5428 0.3553
-10.1992 1.4333 -1.8428 0.3934
15.0709 -1.5415 -1.6209 0.3485
-17.2382 -6.7896 -1.7371 0.3909
-8.4908 2.2094 -1.8277 0.3407
-16.6807 3.7822 -1.8876 0.3241
-7.9888 -9.9978 -1.6550 0.3906
15.4842 0.7374 -1.6175 0.3632
29.6196 1.5432 -1.5238 0.3604
-12.8487 -3.3587 -1.8603 0.3428
7.5247 -3.2254 -1.6823 0.3331
17.0835 -3.6468 -1.6093 0.3350
32.1753 -1.0934 -1.5041 0.3528
11.6036 6.2388 -1.5070 0.3470
-9.6936 -0.6195 -1.8393 0.3112
12.5287 9.8730 -1.5087 0.3839
-5.7705 -2.4768 -1.8036 0.3416
33.5677 3.9852 -1.4876 0.3748
-1.0194 0.9793 -1.7599 0.3359
16.1257 5.2458 -1.4690 0.3531
-23.6063 7.7673 -1.7905 0.3694
-0.9963 0.2337 -1.7598 0.3667
27.5065 -0.1104 -1.5399 0.3446
11.6136 8.8544 -1.5142 0.3602
1.6366 8.6732 -1.5885 0.3635
31.1562 9.9399 -1.3413 0.3470
26.2391 -6.8705 -1.3888 0.3277
-5.6671 -9.9286 -1.6382 0.3375
7.6729 -1.2538 -1.6782 0.3424
4.3895 4.6668 -1.5620 0.3505
12.9321 -8.5429 -1.5025 0.3818
-4.9533 -2.5280 -1.7962 0.3681
-10.3477 1.6292 -1.8438 0.3337
29.7603 -5.7491 -1.3635 0.3867
30.4325 4.6228 -1.3613 0.3484
25.5994 -5.4092 -1.3969 0.3634
33.6923 6.8134 -1.3290 0.3312
19.6995 -3.0345 -1.5908 0.3410
20.8800 1.9730 -1.5829 0.3708
20.7554 0.8831 -1.5836 0.3324
3.8365 -4.0711 -1.7159 0.3511
2.3871 -1.2186 -1.7269 0.3594
-10.5864 6.9195 -1.6828 0.3295
13.6892 0.9669 -1.6302 0.3144
-7.6408 -8.8883 -1.6545 0.3681
-9.5315 4.2606 -1.8320 0.4073
10.1577 -6.3510 -1.5189 0.3592
-0.4011 -0.2787 -1.7539 0.3630
-11.8686 -0.6292 -1.8565 0.3323
23.9634 -0.2703 -1.5635 0.3794
26.6342 -9.3797 -1.3806 0.3425
-14.9380 -4.5522 -1.7234 0.3733
-24.5496 -8.9853 -1.8003 0.3621
-4.8322 -1.7009 -1.7959 0.3626
22.8507 2.4267 -1.5700 0.3619
25.3504 3.0815 -1.5525 0.3612
-16.7003 -8.7090 -1.7295 0.3557
21.4602 -7.6222 -1.4280 0.3694
-18.0578 3.2301 -1.8979 0.3355
-1.5962 0.6238 -1.7656 0.3452
34.9166 6.6682 -1.3197 0.3794
-13.4446 -5.8972 -1.7086 0.3535
-15.7622 -7.5932 -1.7234 0.3435
0.3680 -2.7595 -1.7465 0.3707
12.1801 2.7413 -1.6436 0.3667
30.9740 -0.2807 -1.5142 0.3240
33.8493 -8.0281 -1.3245 0.3646
-20.8216 -8.5742 -1.7665 0.3527
-16.7201 3.5539 -1.8882 0.3642
22.4443 -4.0606 -1.5719 0.3502
-8.7621 3.3896 -1.8278 0.3593
28.0909 -4.1017 -1.5307 0.3134
14.8072 -3.7041 -1.6258 0.3321
-18.2893 -5.8037 -1.7469 0.3648
24.9518 9.6743 -1.3953 0.4024
-14.4186 -9.6786 -1.7079 0.3573
0.4097 -7.4550 -1.5969 0.3361
8.1311 6.7258 -1.5362 0.3527
5.0460 -7.2368 -1.5616 0.3321
16.1698 -4.3861 -1.4670 0.3750
14.1612 -4.7443 -1.4829 0.3510
34.5225 3.9397 -1.4797 0.3711
34.9653 -1.7760 -1.4796 0.3469
5.9876 6.8118 -1.5533 0.3728
-19.2881 4.9485 -1.7553 0.3175
18.6706 0.6220 -1.5967 0.3505
33.5998 -5.0188 -1.3347 0.3608
-5.9004 5.8484 -1.6482 0.3446
2.6725 7.3198 -1.5798 0.3572
0.4866 6.7257 -1.5962 0.3569
-21.9149 -8.9657 -1.7764 0.3710
15.3359 3.9592 -1.6224 0.3624
-3.7997 4.0788 -1.7838 0.3579
22.2478 8.8615 -1.4206 0.3676
24.9272 -4.7304 -1.4031 0.3229
24.2738 5.7269 -1.4066 0.3350
-0.0000 3.7819 -1.7500 0.3223
-5.7073 7.5745 -1.6428 0.3610
19.9292 3.8662 -1.5895 0.3583
23.0834 7.0491 -1.4146 0.3777
4.4754 -2.8085 -1.7085 0.3570
28.5819 -6.8475 -1.3698 0.3374
-16.3655 -2.7330 -1.8868 0.3527
27.7441 6.3010 -1.3780 0.3125
-19.2343 -7.3670 -1.7531 0.3418
-15.7885 2.7589 -1.8828 0.3031
7.0304 9.7511 -1.5517 0.3566
-20.9489 7.9003 -1.7676 0.3444
-21.8316 3.4237 -1.9236 0.3474
-24.9689 5.8526 -1.7990 0.3314
1.1790 -7.6705 -1.5913 0.3366
21.4774 -0.0233 -1.6505 0.3639
-22.9097 0.6382 -1.9298 0.3213
14.1355 5.6539 -1.4853 0.3601
24.3876 -4.3481 -1.4077 0.3338
-14.9199 -7.8703 -1.7157 0.3164
-16.1882 3.9623 -1.8838 0.3745
26.6481 -0.1481 -1.5459 0.3766
24.3875 6.8459 -1.4041 0.3392
7.3365 -0.3702 -1.6807 0.3390
24.1520 6.9254 -1.4059 0.3450
-19.4346 0.1567 -1.9082 0.3338
-1.3311 5.6540 -1.6110 0.3373
19.2679 4.4149 -1.4445 0.3590
-9.5529 -4.6783 -1.6811 0.3915
20.1397 -3.8120 -1.5880 0.3429
5.2507 7.9839 -1.5615 0.3705
20.0160 -5.3799 -1.4395 0.3571
2.8808 3.9500 -1.7242 0.3166
-2.9257 -7.0976 -1.6224 0.3495
-11.8486 5.1032 -1.6982 0.3470
-12.4972 -5.5342 -1.7021 0.3793
20.0894 1.8813 -1.5879 0.3801
-17.8654 1.2849 -1.8980 0.3575
-19.8411 -5.9297 -1.7589 0.3743
-14.4225 -0.1719 -1.8753 0.3471
-14.4792 7.5850 -1.7127 0.3724
24.3865 3.6106 -1.5586 0.3520
-1.0896 9.8531 -1.6072 0.3720
34.4233 5.6911 -1.3262 0.3740
-16.7673 2.8691 -1.8894 0.3643
14.2124 1.2640 -1.6266 0.3352
1.9238 8.7486 -1.5866 0.3416
-1.4249 0.5403 -1.7639 0.3650
27.5051 -1.9465 -1.5388 0.3679
33.5357 6.6899 -1.3306 0.3532
27.3715 8.8049 -1.3752 0.3438
-13.4620 -0.4217 -1.8684 0.3538
-11.7521 -7.2552 -1.6912 0.3444
14.3644 2.1675 -1.6265 0.3445
-7.6550 4.8176 -1.6652 0.3892
19.0835 -2.5273 -1.5947 0.3405
8.9852 4.9576 -1.5243 0.3602
8.0545 0.6210 -1.6745 0.3531
24.7128 -3.9729 -1.5558 0.3255
17.6320 2.5904 -1.6044 0.3248
-23.4053 -2.2210 -1.9336 0.3484
-22.0325 5.7365 -1.7760 0.3109
11.0935 -9.9384 -1.5207 0.3866
4.1715 6.3636 -1.5668 0.3428
-9.3889 -3.8685 -1.8318 0.3411
0.1194 9.1925 -1.5992 0.3745
20.4746 5.1833 -1.4360 0.3472
24.5967 -5.1792 -1.4049 0.3630
8.6734 9.5760 -1.5391 0.3385
-1.8778 -0.0084 -1.7684 0.3509
-8.7582 0.4585 -1.8316 0.3694
6.3151 8.1904 -1.5539 0.3328
-6.1150 8.3681 -1.6442 0.3606
8.8457 3.9376 -1.6728 0.3017
15.5991 9.5690 -1.4815 0.3753
-21.0352 -3.4226 -1.9182 0.3389
-24.9360 -5.3533 -1.7979 0.3483
-12.2634 -9.4149 -1.6899 0.3480
28.6707 -3.0731 -1.5285 0.3305
13.7774 2.0527 -1.6306 0.3290
-14.6824 -3.8924 -1.8729 0.3604
28.4158 1.5924 -1.5326 0.3614
3.1974 -9.0323 -1.5779 0.3323
3.5655 -2.9182 -1.7169 0.3608
31.1325 4.9601 -1.3548 0.3612
-21.4308 -7.9135 -1.7718 0.3424
-12.0893 4.2967 -1.8523 0.3241
10.1463 5.2662 -1.5158 0.3492
-13.2708 1.3752 -1.8665 0.3573
15.7716 7.7218 -1.4768 0.3488
-12.1545 9.0913 -1.6897 0.3382
-19.0506 -9.3064 -1.7501 0.3593
-12.5809 3.5817 -1.8578 0.3753
0.3640 -5.2565 -1.5969 0.3346
-14.4317 -1.8363 -1.8744 0.3440
-16.9185 2.4631 -1.8909 0.4049
26.6169 4.2454 -1.5415 0.3558
-5.7762 6.8038 -1.6450 0.3247
-3.3545 4.1077 -1.7798 0.3404
-21.6838 5.5480 -1.7732 0.3349
-3.5578 1.9814 -1.7838 0.3576
-9.1116 -7.6588 -1.6689 0.3562
11.6291 -9.5714 -1.5156 0.3373
-12.6766 0.5957 -1.8626 0.3871
28.3019 4.3108 -1.3787 0.3517
30.7800 -7.8227 -1.3493 0.3409
-19.0101 -1.4141 -1.9053 0.3256
-18.5558 -4.8765 -1.7499 0.3321
-18.0804 1.3419 -1.8994 0.3251
12.1742 -2.1899 -1.6427 0.3462
-17.6819 -5.9707 -1.7419 0.3323
26.1429 -9.9121 -1.3842 0.3657
20.2563 -3.5695 -1.5872 0.3383
24.1885 0.3232 -1.5621 0.3668
6.5636 8.5842 -1.5529 0.3598
34.8006 -5.4505 -1.3238 0.3629
-22.3495 0.2451 -1.9263 0.3679
-0.9241 1.3299 -1.7590 0.3899
-5.5638 2.9846 -1.8010 0.3330
31.9187 -3.4287 -1.5025 0.3669
9.6117 -8.0104 -1.5281 0.3580
23.3715 8.4271 -1.4108 0.3713
-14.7795 9.0551 -1.7121 0.3522
33.7180 -1.2354 -1.4910 0.3735
4.9184 1.6115 -1.7032 0.3242
4.6203 -9.4195 -1.5685 0.3299
33.2531 -9.0557 -1.3266 0.3386
-2.1561 -8.4667 -1.6153 0.3485
-1.1485 4.7749 -1.6099 0.3509
10.0852 -5.4553 -1.5169 0.3352
-17.3168 -6.3111 -1.7385 0.3302
-5.7349 -9.8333 -1.6388 0.3369
-13.4075 -9.5420 -1.6994 0.3158
-18.8030 -1.8923 -1.9038 0.3442
26.9687 0.8336 -1.5435 0.3488
10.3599 1.5812 -1.7312 0.3588
-3.4796 -0.8418 -1.7837 0.3533
-0.4798 -0.8088 -1.7547 0.3859
0.8911 5.0628 -1.5924 0.3662
12.9890 -4.2086 -1.6406 0.3647
30.6062 -5.2456 -1.3582 0.3573
30.9668 7.0865 -1.3499 0.3607
-1.5105 3.7853 -1.7637 0.3456
-5.2443 -0.4627 -1.8004 0.3520
2.0628 -4.4919 -1.5819 0.3884
9.0761 -7.2684 -1.5303 0.3486
2.7091 -9.2516 -1.5815 0.3234
14.5252 7.0473 -1.4857 0.3639
8.2639 1.8677 -1.6738 0.3675
-5.7571 -9.0834 -1.6402 0.3531
-4.2562 -6.8283 -1.6331 0.3124
-2.2844 -4.4087 -1.6201 0.3757
-19.3216 -4.7386 -1.7557 0.3546
-15.0362 0.9678 -1.8793 0.3438
18.3868 -2.0111 -1.5990 0.3738
-1.6542 7.6443 -1.6122 0.3095
-12.1277 4.3882 -1.7023 0.3522
8.7603 8.2147 -1.5353 0.3392
20.3324 7.2564 -1.4376 0.3798
-9.5547 8.4274 -1.6704 0.3549
24.6074 9.6002 -1.3985 0.3327
30.6503 -3.7661 -1.5118 0.3728
10.8437 -5.8064 -1.5118 0.3008
15.1369 -6.6970 -1.4799 0.3602
-21.8454 2.5618 -1.9235 0.3247
31.7312 3.6193 -1.5036 0.3408
-1.4509 -8.2432 -1.6104 0.3452
30.4340 6.4214 -1.3561 0.3682
9.7387 5.6613 -1.5202 0.3941
-24.7229 2.5695 -1.9426 0.3144
-22.6875 -1.2878 -1.9286 0.3589
15.8251 -6.9269 -1.4747 0.3940
8.7601 0.1118 -1.6683 0.3385
-23.4081 -6.8166 -1.7878 0.3373
19.6076 2.0996 -1.5911 0.3547
26.1287 -3.8007 -1.5459 0.3666
4.7850 -5.0539 -1.5593 0.3632
2.9454 -1.1790 -1.7215 0.3428
-24.6716 1.6143 -1.9415 0.3339
22.1990 -2.6507 -1.5742 0.3763
-5.1570 9.2721 -1.6356 0.3345
27.7258 -9.8820 -1.3702 0.3117
-2.6164 8.2572 -1.6188 0.3209
8.9047 -9.9863 -1.5381 0.3385
-8.7795 -5.6658 -1.6720 0.3799
-15.3647 9.9270 -1.7159 0.3262
21.4945 4.5619 -1.4285 0.3804
4.7954 2.8900 -1.7057 0.3761
7.1893 4.5219 -1.5380 0.3545
32.9250 -1.8341 -1.4971 0.2990
32.8148 5.6842 -1.3392 0.3263
26.3385 -6.9026 -1.3880 0.3373
-13.7434 5.8778 -1.7110 0.3846
10.6564 8.7905 -1.5218 0.3386
27.6888 7.1537 -1.3763 0.3345
-2.5322 4.7932 -1.6219 0.3538
-18.9336 3.0275 -1.9041 0.3218
23.6578 0.4218 -1.5655 0.3495
3.9058 -2.0955 -1.7130 0.3340
8.8636 7.3131 -1.5321 0.4038
33.9287 2.9492 -1.4868 0.3316
11.4327 -1.3020 -1.6473 0.3886
0.4988 5.6958 -1.5959 0.3272
-2.8009 -8.9179 -1.6194 0.3553
0.0572 6.2624 -1.5995 0.3600
-17.8961 6.2140 -1.7433 0.3528
22.6850 -5.4294 -1.4192 0.3516
25.2630 -9.2466 -1.3930 0.3672
-7.9362 4.2742 -1.8189 0.3583
-6.7722 -6.0026 -1.6549 0.3465
27.4601 9.9204 -1.3725 0.3365
-23.5618 -9.8164 -1.7920 0.3467
6.2274 -5.4042 -1.5481 0.3464
2.8205 -9.1588 -1.5807 0.3460
16.4076 5.6531 -1.4676 0.3515
-15.1965 1.5739 -1.8800 0.3218
15.0998 6.9687 -1.4808 0.3294
-2.3960 9.2523 -1.6163 0.3666
12.1229 2.2023 -1.6431 0.3050
-22.5943 -5.3649 -1.7801 0.3739
2.7036 -8.1470 -1.5805 0.3388
6.3351 7.3252 -1.5518 0.3834
-12.1404 -5.0977 -1.7005 0.3745
-16.6226 7.8704 -1.7302 0.3435
-13.6915 7.5658 -1.7062 0.3455
-4.3515 2.5562 -1.7907 0.3819
-19.1914 2.0799 -1.9062 0.3755
31.8392 9.0165 -1.3377 0.3695
-0.7004 5.1203 -1.6060 0.3729
23.5382 3.6656 -1.5645 0.3282
33.4650 -1.2852 -1.4931 0.3541
-20.1559 -0.3200 -1.9127 0.3346
14.1002 -2.2216 -1.6285 0.3277
27.2845 8.9264 -1.3757 0.3533
13.0541 2.7624 -1.6370 0.3417
0.7416 5.6073 -1.5938 0.3467
0.8646 -9.2560 -1.5941 0.3400
-22.8461 7.0485 -1.7834 0.3249
7.0760 -1.6472 -1.6838 0.3839
34.6126 4.7432 -1.3271 0.3531
32.5225 -9.1995 -1.3319 0.3212
-22.5760 7.8775 -1.7817 0.3536
17.3478 3.1969 -1.6069 0.3804
-6.8941 -0.8500 -1.8152 0.3692
29.1793 -3.9288 -1.5229 0.3396
-22.2931 -3.7795 -1.9269 0.3401
31.1524 -3.9320 -1.5074 0.3309
25.2485 -7.3795 -1.3961 0.3352
-17.9497 -0.7238 -1.8987 0.3368
-21.4105 -0.9303 -1.9205 0.3206
25.0825 -1.7613 -1.5557 0.3411
-15.6545 4.0619 -1.8797 0.3569
7.0939 -1.6037 -1.6836 0.3417
29.9447 -8.2199 -1.3550 0.3543
9.0469 7.0412 -1.5298 0.3824
-1.1660 -1.4980 -1.7613 0.3867
1.7010 3.1057 -1.7342 0.3486
-21.2130 8.5979 -1.7700 0.3676
33.1251 5.3483 -1.3377 0.3467
-6.3607 0.7760 -1.8105 0.3402
-13.6382 0.9004 -1.8695 0.3277
-7.8372 6.9906 -1.6607 0.3517
32.8624 6.4726 -1.3365 0.3717
-19.3428 -6.4269 -1.7546 0.3245
27.0382 2.5300 -1.5414 0.3443
17.4706 7.3143 -1.4618 0.3433
24.8012 6.0661 -1.4019 0.3549
33.5539 -7.5057 -1.3281 0.3553
25.5293 -1.2861 -1.5530 0.3607
31.6029 0.3647 -1.5091 0.3879
-17.3839 -4.8438 -1.7412 0.3326
22.7473 3.5900 -1.5700 0.3315
7.7405 -0.4755 -1.6771 0.3549
7.6097 -4.0498 -1.6833 0.3791
28.9353 -3.2627 -1.5262 0.3208
33.3082 7.1334 -1.3311 0.3566
17.2903 7.3240 -1.4633 0.3460
3.9763 6.2475 -1.5681 0.3671
2.3842 8.2774 -1.5829 0.3626
-1.8195 9.0461 -1.6125 0.3510
-3.3041 -0.1634 -1.7821 0.3598
-1.5096 -8.0659 -1.6109 0.3368
-19.6148 6.0014 -1.7571 0.3660
-20.3538 2.6686 -1.9137 0.3777
21.7922 -2.3897 -1.5769 0.3520
1.7644 9.5107 -1.5882 0.3418
30.8411 -3.2263 -1.5115 0.3471
11.7333 8.1527 -1.5114 0.3658
-22.8894 1.8517 -1.9300 0.3492
-15.5486 -9.2672 -1.7185 0.3260
-12.6508 7.2067 -1.6986 0.3690
33.5442 5.2442 -1.3346 0.3303
-11.8777 2.8498 -1.8539 0.3585
5.9453 2.2917 -1.6946 0.3127
31.1706 -5.6233 -1.3526 0.3522
33.6316 -5.7103 -1.3326 0.3486
-10.8184 -9.4166 -1.6781 0.3107
-22.0529 -6.9173 -1.7767 0.3567
-15.7839 -3.2704 -1.8820 0.3280
-21.2003 0.8145 -1.9192 0.3517
-13.2925 -7.3838 -1.7034 0.3418
9.1142 1.1514 -1.6684 0.3204
29.7469 -4.7336 -1.3664 0.3291
7.2331 -4.9208 -1.5386 0.3307
12.5594 8.9589 -1.5066 0.3696
-12.8880 9.8469 -1.6944 0.3667
23.0350 6.2288 -1.4158 0.3939
12.0673 -8.9122 -1.5106 0.3398
26.8482 4.5726 -1.3891 0.3391
31.9306 -6.4315 -1.3441 0.3527
-4.1260 1.3844 -1.7896 0.3429
-19.5653 7.8743 -1.7556 0.3383
-11.4443 -2.3961 -1.8514 0.3511
1.2705 8.5768 -1.5911 0.3641
31.7416 4.1674 -1.5021 0.3078
-2.3014 -3.9798 -1.7706 0.3386
21.2464 -8.1017 -1.4298 0.3219
7.4286 6.3070 -1.5406 0.3469
-14.0315 -0.8388 -1.8724 0.3587
-5.7560 -8.5461 -1.6412 0.3723
14.1915 -7.9376 -1.4906 0.3413
15.3712 9.3392 -1.4832 0.3521
1.0856 -5.1400 -1.5908 0.3164
-11.2813 9.3318 -1.6820 0.3328
18.3144 3.6232 -1.6006 0.3541
-14.8676 -3.9902 -1.8741 0.3228
31.2002 -2.3254 -1.5104 0.3747
-13.7258 5.5408 -1.7118 0.3605
-18.5613 -1.2917 -1.9025 0.3319
4.8589 -8.5050 -1.5653 0.3204
6.1730 -5.4037 -1.5485 0.3356
5.4916 7.2069 -1.5581 0.3320
1.2000 3.9235 -1.7392 0.3257
34.6889 0.0203 -1.4831 0.3219
4.1768 -5.0901 -1.5645 0.3454
3.6768 -0.5082 -1.7143 0.3646
0.3060 5.7770 -1.5975 0.3358
-20.9905 -8.3691 -1.7680 0.3589
10.5774 9.8954 -1.5248 0.3434
-11.3219 7.1953 -1.6879 0.3622
13.2565 -3.6407 -1.6372 0.3343
-21.9500 7.4115 -1.7761 0.3556
33.8832 3.6343 -1.4858 0.3524
3.1403 3.3271 -1.7212 0.3772
28.8053 -7.2058 -1.3670 0.3612
3.5337 8.1179 -1.5744 0.3551
-21.3802 -0.9932 -1.9203 0.3206
24.3328 6.0646 -1.4057 0.3395
13.8910 -4.0095 -1.6332 0.3340
21.9054 -3.8399 -1.5757 0.3336
0.6902 9.2938 -1.5953 0.3503
13.2762 -0.0668 -1.6328 0.3548
26.3737 -8.8022 -1.3839 0.3556
12.8639 6.7141 -1.4983 0.3752
-4.1396 -5.4554 -1.6346 0.3597
14.7518 7.5751 -1.4850 0.3254
15.3113 8.3288 -1.4819 0.3541
32.6352 -8.5447 -1.3326 0.3617
-2.7453 1.6486 -1.7764 0.3752
0.5049 9.6305 -1.5966 0.3469
23.7274 8.6184 -1.4075 0.3471
5.3457 0.5049 -1.6987 0.3716
19.1944 3.6099 -1.5945 0.3536
2.5826 2.0852 -1.7254 0.3180
-12.0703 -5.9349 -1.6976 0.3137
19.7122 3.0600 -1.5907 0.3868
-17.1307 -3.3372 -1.8914 0.3157
-13.0850 -3.2406 -1.8623 0.3467
12.6095 -1.6002 -1.6386 0.3677
19.8362 7.0435 -1.4417 0.3147
28.6813 -5.2331 -1.3734 0.3284
-8.6448 -4.9842 -1.6728 0.3251
-18.3565 -9.8532 -1.7433 0.3860
32.3628 -6.8999 -1.3393 0.3904
-15.7346 9.5736 -1.7197 0.3353
-13.1400 -1.3226 -1.8656 0.3616
-7.5202 -6.0967 -1.6607 0.3562
6.7635 9.3136 -1.5529 0.3444
27.9695 -9.4576 -1.3688 0.3175
20.6328 -0.3167 -1.5844 0.3961
17.4895 6.0920 -1.4598 0.3137
-14.4892 5.4565 -1.7179 0.3542
-3.5390 -6.2157 -1.6284 0.3370
3.7043 4.1558 -1.7172 0.3702
-16.1544 2.4458 -1.8857 0.3669
-8.5942 3.5055 -1.8261 0.3304
-6.5000 -4.6779 -1.6559 0.3342
-17.3634 6.2147 -1.7390 0.3190
8.0144 1.1848 -1.6752 0.3539
17.3017 4.5016 -1.4589 0.3642
-20.8041 8.7915 -1.7663 0.3412
3.8674 7.1099 -1.5704 0.3451
21.9327 5.6467 -1.4248 0.3882
19.8794 -4.2070 -1.5900 0.3687
23.9044 -8.9183 -1.4056 0.3770
1.8944 1.4929 -1.7317 0.3052
24.2334 -9.3097 -1.4022 0.3609
-10.5548 4.2838 -1.8402 0.3550
-3.3514 4.7364 -1.6290 0.3250
-14.4187 1.2582 -1.8748 0.3291
3.0491 -6.6370 -1.5761 0.3456
-1.4764 7.5144 -1.6110 0.3232
-10.5444 1.9184 -1.8450 0.3340
20.1068 0.2978 -1.5876 0.3408
-6.1692 1.3518 -1.8084 0.3615
-8.6317 -8.3423 -1.6634 0.3359
-17.1466 4.8087 -1.7395 0.3411
1.3293 -8.7845 -1.5908 0.3705
-6.8221 1.5678 -1.8140 0.3147
-2.8436 -6.6149 -1.6223 0.3545
-10.8402 -5.8460 -1.6880 0.3578
20.7893 -5.3349 -1.4336 0.3583
30.8002 -9.7139 -1.3446 0.3400
4.8759 7.8368 -1.5640 0.3287
13.5799 6.0847 -1.4908 0.3804
27.0303 -9.3743 -1.3771 0.3329
34.9298 -8.8603 -1.3143 0.3277
11.8110 5.6575 -1.5037 0.3504
28.3868 -9.8639 -1.3645 0.3352
29.5165 -0.6200 -1.5252 0.3710
22.4871 -7.8541 -1.4190 0.3447
2.6559 1.8326 -1.7246 0.3736
-20.1308 9.9668 -1.7599 0.3590
-24.0517 -6.5596 -1.7928 0.3422
3.6320 9.1337 -1.5750 0.3723
4.6589 7.3096 -1.5647 0.3370
-0.5583 9.7171 -1.6037 0.3436
9.0900 5.3238 -1.5245 0.3606
8.1298 7.1399 -1.5374 0.3545
25.1968 1.8920 -1.5548 0.3365
-18.4806 7.3457 -1.7467 0.3193
-11.4893 -7.7698 -1.6876 0.3496
22.5803 4.8331 -1.4204 0.3355
25.8702 2.5745 -1.5495 0.3506
34.6895 -8.8031 -1.3163 0.3416
27.3747 -4.1682 -1.5360 0.3356
28.3939 -5.6779 -1.3745 0.3446
-6.1391 -1.8965 -1.8076 0.3485
-0.9003 -6.0329 -1.6073 0.3639
-8.9149 -4.5034 -1.6763 0.3585
11.3780 -4.0794 -1.6528 0.3919
31.3283 1.9962 -1.5099 0.3528
-4.3215 -7.3025 -1.6327 0.3365
8.4201 -5.1780 -1.5295 0.3467
-7.2220 -3.6570 -1.8142 0.3614
-14.8120 -1.0186 -1.8777 0.3701
-13.2889 -9.2382 -1.6989 0.3768
-21.5233 9.9842 -1.7730 0.3297
31.9576 -3.9922 -1.5008 0.3756
-0.8272 -4.2531 -1.7573 0.3491
25.0473 1.0974 -1.5563 0.3315
15.8798 7.0806 -1.4746 0.3459
-13.4847 -0.8638 -1.8684 0.3742
-14.4723 -5.0232 -1.7188 0.3591
23.7193 1.3175 -1.5648 0.3258
-9.1173 -0.3411 -1.8346 0.3259
29.7971 -1.5385 -1.5224 0.3254
-16.5967 9.6777 -1.7273 0.3354
15.6625 9.9190 -1.4814 0.3515
23.8684 1.2389 -1.5639 0.3275
-10.8846 -8.6399 -1.6804 0.3414
-8.4276 1.3384 -1.8282 0.3780
32.8711 9.0494 -1.3296 0.3824
-9.1241 8.5139 -1.6668 0.3810
0.7974 -5.6900 -1.5934 0.3141
0.9509 -6.1976 -1.5924 0.3835
-9.8179 -6.9549 -1.6765 0.3518
21.5475 6.3957 -1.4276 0.3516
21.3110 -0.1989 -1.6435 0.3706
-2.3009 -3.2391 -1.7712 0.3641
25.1075 -3.5039 -1.5536 0.3126
-12.2155 -4.4917 -1.7027 0.3378
-24.7417 7.6524 -1.8001 0.3427
9.2700 -1.8064 -1.6652 0.3234
34.6447 -5.1196 -1.3259 0.3699
-22.6813 4.2081 -1.9299 0.3788
-12.5201 2.7091 -1.8591 0.3498
6.1349 4.3073 -1.5464 0.3560
23.5964 6.4391 -1.4110 0.3498
-19.6575 -7.9753 -1.7563 0.3520
-1.2859 -9.9602 -1.6085 0.3724
19.8245 -8.9887 -1.4427 0.3147
-2.7074 4.1359 -1.7741 0.3597
-13.6698 8.6899 -1.7033 0.3502
-13.2703 -3.3779 -1.8634 0.3357
-0.3971 5.6239 -1.6033 0.3399
3.7650 4.5837 -1.5672 0.3866
26.7089 9.5612 -1.3797 0.3234
13.5351 -0.5841 -1.6311 0.3466
16.4241 -6.6785 -1.4693 0.3826
33.9792 5.3046 -1.3309 0.3246
-0.2894 6.3764 -1.6023 0.3409
-0.7987 4.1460 -1.7571 0.3508
30.4008 7.2636 -1.3539 0.3583
-10.2475 -2.5763 -1.8416 0.3484
18.7889 3.8063 -1.5975 0.3321
20.2744 -4.7230 -1.4373 0.3589
-19.1327 -1.0712 -1.9062 0.3480
3.0939 -5.1502 -1.5737 0.3626
-12.9663 -6.9093 -1.7020 0.3685
-13.8775 -9.2809 -1.7039 0.3203
2.8297 3.4285 -1.7241 0.3707
-7.6342 7.5055 -1.6578 0.3449
22.7636 -3.7116 -1.5698 0.3665
29.4563 -1.4153 -1.5251 0.3599
23.1632 -9.9291 -1.4116 0.3871
-9.0381 -1.7429 -1.8329 0.3501
-8.5519 -4.3736 -1.6737 0.3419
-9.7163 1.4840 -1.8388 0.3397
-16.8977 8.1703 -1.7321 0.3293
31.6279 0.1231 -1.5090 0.3662
-0.8771 3.5107 -1.7580 0.3280
-11.5186 4.1097 -1.8483 0.3660
25.8003 -6.9514 -1.3923 0.3455
-1.0483 -3.0686 -1.7597 0.3147
-22.8930 -7.7371 -1.7844 0.3798
-15.2835 -1.1851 -1.8809 0.2825
13.3550 7.7457 -1.4971 0.3484
21.9743 -0.3813 -1.7540 0.3547
-12.3439 -0.8769 -1.8600 0.3039
30.0437 -5.8135 -1.3610 0.3588
26.0598 -3.7957 -1.5464 0.3366
25.9028 8.7320 -1.3881 0.3450
-11.3403 -3.9401 -1.8473 0.3769
-21.9678 4.6277 -1.7750 0.3529
27.0454 -9.1572 -1.3774 0.3430
-6.6520 -7.4337 -1.6504 0.3466
12.1350 -3.7704 -1.6461 0.3855
20.5980 8.0284 -1.4355 0.3581
-17.3024 -5.6142 -1.7395 0.3323
21.8503 4.5349 -1.4259 0.3402
31.3107 -6.6495 -1.3484 0.3262
18.7025 2.2568 -1.5970 0.3410
1.4734 1.7366 -1.7358 0.3822
27.6007 2.4390 -1.5375 0.3467
6.6475 -4.2745 -1.6920 0.3233
19.6863 -6.7579 -1.4428 0.3586
24.2304 7.7297 -1.4041 0.3421
19.9612 1.3889 -1.5887 0.3612
-7.7287 -5.7591 -1.6633 0.3452
-17.9294 -1.7334 -1.8982 0.3789
-10.6997 -8.6582 -1.6789 0.3318
5.1725 -0.4925 -1.7003 0.3267
5.3166 -1.5222 -1.6995 0.3688
9.9587 -7.3455 -1.5235 0.3099
-1.2939 -1.1126 -1.7626 0.3466
22.2135 2.7906 -1.5740 0.3660
29.7892 8.5698 -1.3554 0.3061
-10.1965 4.0637 -1.8379 0.3513
19.1914 0.0487 -1.5934 0.3201
15.6783 5.4010 -1.4727 0.3131
6.3854 -4.4013 -1.5445 0.3287
-13.6882 3.3756 -1.8666 0.3463
22.7139 -9.8988 -1.4158 0.3359
32.6376 -8.5490 -1.3326 0.3721
18.3102 2.4853 -1.5998 0.3516
30.0716 -6.1490 -1.3598 0.3402
34.0511 3.7746 -1.4841 0.3238
-3.8770 2.7351 -1.7861 0.3545
13.2934 -8.7267 -1.4999 0.3912
3.4360 -2.1501 -1.7174 0.3359
34.1977 2.2600 -1.4857 0.3383
-19.3715 4.2696 -1.9063 0.3288
-0.2575 6.3217 -1.6021 0.3737
27.5323 -3.3911 -1.5364 0.3685
-7.9569 6.7343 -1.6624 0.3411
22.2676 -2.9149 -1.5736 0.3380
-2.0330 -9.8603 -1.6135 0.3311
33.7987 2.2001 -1.4892 0.3442
28.0118 -5.1666 -1.3788 0.3704
-6.9208 -7.5124 -1.6522 0.3508
21.2116 -4.8328 -1.4305 0.3758
-4.7886 6.5583 -1.6378 0.3356
11.3818 8.2800 -1.5146 0.3037
14.5088 9.2339 -1.4906 0.4021
24.7757 -3.9434 -1.5554 0.3543
-23.5329 -0.8814 -1.9338 0.3656
-11.7905 6.0505 -1.6950 0.3342
17.7151 -3.6419 -1.6049 0.3227
8.8114 -2.2971 -1.6697 0.3531
4.7363 -5.2545 -1.5601 0.3102
-21.6874 1.4473 -1.9223 0.3447
-4.1034 3.1853 -1.7877 0.3704
26.9060 -3.6312 -1.5405 0.3590
-23.1464 -9.5154 -1.7880 0.3551
-1.2138 4.7182 -1.6105 0.3849
31.7089 2.3319 -1.5063 0.3575
-21.9472 -5.6200 -1.7753 0.3119
19.9823 -3.7070 -1.5891 0.3470
-9.5432 9.1423 -1.6686 0.3885
26.9965 2.6041 -1.5416 0.3438
19.7641 1.9096 -1.5900 0.3873
28.1423 2.7938 -1.5330 0.3705
-12.0445 9.0889 -1.6888 0.3418
6.8776 -3.2028 -1.6878 0.3284
21.7562 -4.3817 -1.4266 0.3568
-10.2580 -2.4652 -1.8419 0.3754
-11.1552 6.0190 -1.6900 0.3184
-23.3691 -7.5808 -1.7883 0.3524
32.5109 -5.8635 -1.3412 0.3092
17.6010 -5.4351 -1.4580 0.3432
13.1336 2.7275 -1.6363 0.3169
19.6397 2.8317 -1.5911 0.3612
6.8968 -2.5623 -1.6866 0.3362
3.5680 -4.4762 -1.5688 0.3732
1.9719 5.0930 -1.5832 0.3392
13.4264 -9.3655 -1.5001 0.3374
-12.9079 4.7748 -1.7074 0.3177
28.2835 -5.7945 -1.3750 0.3578
23.7051 8.0555 -1.4083 0.3598
-4.0262 -1.7261 -1.7884 0.3688
9.7166 2.8459 -1.6632 0.3631
-16.5384 -7.5806 -1.7300 0.3580
33.3408 -4.9223 -1.3371 0.3619
29.1736 4.0122 -1.5227 0.3639
30.3139 1.0071 -1.5190 0.3682
-5.0702 5.4095 -1.6424 0.3194
-14.8519 1.2680 -1.8778 0.3408
-12.2937 1.3866 -1.8592 0.3175
-19.5999 7.1652 -1.7563 0.3566
-17.7934 -1.5062 -1.8974 0.3826
-20.7217 7.9009 -1.7656 0.3679
34.3894 -2.5557 -1.4836 0.3379
-20.5565 -3.4281 -1.9149 0.3601
-17.0475 5.5884 -1.7375 0.3570
24.6353 -9.7691 -1.3981 0.3547
9.8144 -6.5562 -1.5223 0.3239
21.4650 -8.5647 -1.4278 0.3763
12.8547 0.2421 -1.6359 0.3264
27.9305 2.5614 -1.5349 0.3427
13.3081 -9.7925 -1.5019 0.3692
6.3275 -6.7707 -1.5506 0.3425
17.7650 -3.9492 -1.6048 0.3516
1.8436 -4.1155 -1.7336 0.3524
-4.2362 -8.0573 -1.6308 0.3513
3.0591 -6.5431 -1.5759 0.3523
-14.8172 6.9410 -1.7170 0.3543
22.7943 4.0116 -1.5694 0.3515
-9.3578 -4.0781 -1.8311 0.3321
-15.7881 -4.7319 -1.7295 0.3190
-10.2189 -8.3960 -1.6757 0.3700
25.5242 -3.0219 -1.5513 0.3709
-5.1879 -2.0386 -1.7989 0.3567
16.1630 8.0836 -1.4741 0.3566
26.3846 4.8623 -1.3920 0.3317
-20.3353 -0.4169 -1.9138 0.3012
20.9015 -7.3029 -1.4328 0.3450
-6.5401 3.1232 -1.8094 0.3121
-12.0027 8.7202 -1.6893 0.3537
16.3341 -8.4391 -1.4733 0.3761
29.5878 6.9722 -1.3613 0.3377
-7.2988 -6.3977 -1.6581 0.3388
9.1300 4.0256 -1.6707 0.3299
-7.6100 -6.3229 -1.6608 0.3509
8.2571 2.0003 -1.6740 0.3493
12.3117 -5.2475 -1.4986 0.3296
11.6201 0.8340 -1.6455 0.3683
12.4128 2.0032 -1.6406 0.4040
-16.8952 2.3704 -1.8908 0.3738
16.6124 3.6560 -1.6127 0.3478
15.4850 -8.6194 -1.4810 0.3475
15.9553 4.0677 -1.6181 0.3397
-20.5558 -6.9080 -1.7643 0.3393
1.8103 3.5406 -1.7335 0.3692
-0.4579 -7.5192 -1.6034 0.3700
-19.7973 -0.4117 -1.9104 0.3266
-11.6579 -2.2646 -1.8878 0.3573
1.4578 9.3469 -1.5901 0.3722
19.5744 2.6162 -1.5915 0.3430
-10.7763 -8.2359 -1.6806 0.3458
24.7850 4.0177 -1.5552 0.3639
7.7479 -6.1172 -1.5376 0.3645
20.6253 -4.2770 -1.5847 0.3586
3.3534 -2.4311 -1.7184 0.3551
4.9517 5.5245 -1.5589 0.3578
12.1832 8.8816 -1.5096 0.3444
30.6782 8.4867 -1.3483 0.3276
4.5088 -6.5863 -1.5645 0.3189
6.7195 -8.7917 -1.5522 0.3619
11.1198 6.5707 -1.5119 0.3522
19.2509 -4.2356 -1.5945 0.3591
-20.6890 1.6565 -1.9159 0.3334
5.9412 9.5725 -1.5593 0.3521
3.8955 -6.2716 -1.5688 0.3516
30.3011 -2.5029 -1.5172 0.3756
4.6104 7.3520 -1.5651 0.3670
3.0992 2.9996 -1.7213 0.3352
32.7320 8.7511 -1.3313 0.3601
2.0346 2.6344 -1.7309 0.3351
-14.1469 -3.9286 -1.8689 0.2977
-11.9850 6.1022 -1.6964 0.3845
-19.2887 5.1853 -1.7551 0.3425
-24.9659 8.6724 -1.8036 0.3708
0.9167 -0.4767 -1.7410 0.3368
21.1546 0.0568 -1.5971 0.3339
19.0080 -3.5235 -1.5957 0.3391
-23.0711 -4.6248 -1.7831 0.3551
9.1990 9.9306 -1.5357 0.3535
-15.7430 9.5451 -1.7198 0.3600
31.4646 0.5929 -1.5102 0.3401
-14.9581 9.1017 -1.7136 0.3508
12.5984 -2.8769 -1.6406 0.3331
-5.4257 6.9999 -1.6419 0.3794
13.4937 2.6974 -1.6336 0.3237
-0.2645 4.3413 -1.6023 0.3336
20.5786 4.3641 -1.4351 0.3415
-11.1593 2.7166 -1.8486 0.3978
29.3475 7.0466 -1.3631 0.3653
5.0126 -2.1597 -1.7029 0.3329
20.3656 6.9838 -1.4373 0.3664
25.9838 -6.3317 -1.3920 0.3603
34.9297 -6.0008 -1.3213 0.3555
-11.5633 4.3469 -1.6980 0.3639
-7.7865 5.0026 -1.6658 0.3512
-9.9740 8.0460 -1.6747 0.3534
-9.2277 -4.5063 -1.6789 0.3189
9.9467 -8.8786 -1.5277 0.3789
34.6114 0.1494 -1.4837 0.3410
34.4167 7.5068 -1.3214 0.3253
6.6064 9.4293 -1.5543 0.3399
13.3416 7.1565 -1.4956 0.3407
26.5982 -0.2009 -1.5462 0.3340
30.9760 7.2676 -1.3493 0.3656
-12.7684 -5.7206 -1.7037 0.3695
6.7125 8.4234 -1.5515 0.3108
24.9702 1.3369 -1.5567 0.3397
-6.8079 -2.2127 -1.8132 0.3411
1.3885 1.6328 -1.7366 0.3466
34.1373 5.6802 -1.3286 0.3841
34.1028 -5.1976 -1.3301 0.3337
29.3664 -7.9624 -1.3604 0.3812
22.9069 4.6624 -1.4181 0.3471
-8.8522 9.0494 -1.6634 0.3814
-5.7490 2.7396 -1.8030 0.3438
7.8370 -7.1483 -1.5397 0.3414
8.6466 2.8677 -1.6721 0.3495
5.3302 -7.6674 -1.5603 0.3758
13.2002 -3.9295 -1.6383 0.3532
-0.5006 -9.3680 -1.6034 0.3542
19.9504 -0.2500 -1.5886 0.3627
-4.9870 -3.5729 -1.7950 0.3324
-5.1594 -8.0496 -1.6377 0.3567
-17.3664 -3.8195 -1.8925 0.3374
-13.6773 2.9514 -1.8673 0.3794
26.0313 -4.2184 -1.5458 0.3584
1.7769 -7.1386 -1.5865 0.3639
-11.3279 0.8959 -1.8522 0.3092
20.5605 5.0645 -1.4353 0.3641
8.2389 6.6028 -1.5350 0.3464
-23.7306 -0.5581 -1.9350 0.3213
-6.0183 4.2214 -1.8028 0.3519
-14.3799 6.6666 -1.7141 0.3196
14.3524 3.4578 -1.6287 0.3622
-8.4981 0.5454 -1.8294 0.3787
-21.1032 -8.8012 -1.7690 0.3142
-21.7039 -4.1993 -1.9230 0.3494
9.9036 -3.6037 -1.6633 0.3467
-23.6966 -2.0998 -1.9354 0.3102
25.9275 9.0179 -1.3874 0.3683
-15.6762 -5.8225 -1.7264 0.3625
11.3940 0.8311 -1.6472 0.3905
1.6813 9.8244 -1.5889 0.3599
1.5711 2.3759 -1.7351 0.3324
-20.6922 -5.8218 -1.7656 0.3603
23.1651 9.2038 -1.4121 0.3757
28.5831 -3.2741 -1.5288 0.3407
-24.3390 -9.0426 -1.7984 0.3670
-14.2837 -1.3728 -1.8738 0.3029
29.2343 -5.1869 -1.3692 0.3795
7.9696 6.3773 -1.5365 0.3660
-15.9976 -5.6009 -1.7294 0.2991
-12.8326 6.3971 -1.7023 0.3577
14.5992 -9.2766 -1.4899 0.3103
18.4890 8.5831 -1.4544 0.3378
10.9656 -9.1561 -1.5202 0.3636
32.1889 8.7708 -1.3355 0.3473
4.6438 -8.5262 -1.5669 0.3751
-6.9837 7.4517 -1.6529 0.3513
3.6340 6.6266 -1.5715 0.3493
-3.4200 1.8885 -1.7826 0.3720
-11.5350 -9.2803 -1.6842 0.3432
-22.2422 2.4229 -1.9260 0.3495
-3.8673 2.3569 -1.7864 0.3521
17.6846 1.1439 -1.6031 0.3486
-23.8937 2.6305 -1.9371 0.3732
1.3507 9.3621 -1.5909 0.3367
13.6406 9.9101 -1.4993 0.3334
11.6242 0.4099 -1.6452 0.3288
21.5989 -8.1640 -1.4267 0.3072
23.6312 -7.3206 -1.4097 0.3797
17.7023 4.4070 -1.4558 0.3320
-18.8321 9.6393 -1.7479 0.3452
3.5013 -1.2789 -1.7163 0.3812
11.2044 -8.0392 -1.5154 0.3472
-10.2660 -2.9391 -1.8410 0.3603
-22.4469 -2.2998 -1.9273 0.3216
-11.5846 9.9319 -1.6833 0.3780
2.2937 3.7317 -1.7292 0.3476
-0.1642 -7.6427 -1.6012 0.3296
-14.4000 -3.2585 -1.8720 0.3296
24.4649 -9.0288 -1.4004 0.3838
30.5412 3.0612 -1.5143 0.3383
-12.9191 3.4548 -1.8606 0.3301
30.7744 -8.8501 -1.3467 0.3413
-23.9283 -3.2896 -1.9379 0.3509
30.4977 8.0568 -1.3509 0.3530
32.1157 6.5363 -1.3423 0.3589
-24.2769 1.4843 -1.9389 0.3547
20.7812 -0.3075 -1.5835 0.3629
33.2121 9.8570 -1.3253 0.3445
29.3541 4.4439 -1.3702 0.3914
33.2426 9.0527 -1.3267 0.3402
8.0194 -8.5683 -1.5419 0.3770
-20.3106 -5.7570 -1.7626 0.3380
25.9874 -9.3778 -1.3863 0.3214
11.8297 7.3584 -1.5085 0.3167
11.8842 3.8846 -1.6483 0.3561
0.0352 -6.4470 -1.5997 0.3732
9.3105 9.4838 -1.5340 0.3270
-15.7852 9.1159 -1.7208 0.3325
19.3862 -5.5080 -1.4444 0.3577
-20.4990 2.9402 -1.9146 0.3499
18.7868 3.3621 -1.5972 0.3383
25.9387 -9.9197 -1.3860 0.3244
3.3481 3.7756 -1.7198 0.3562
5.5898 -5.5732 -1.5537 0.3631
-6.2671 8.0264 -1.6460 0.3598
33.1675 6.7701 -1.3333 0.3505
18.9875 8.1059 -1.4496 0.3289
-2.8607 5.1511 -1.6243 0.3563
-14.5116 -6.7019 -1.7151 0.3548
-11.8252 -2.7889 -1.8536 0.3237
2.8353 4.1786 -1.7248 0.3440
31.5541 -3.5335 -1.5052 0.3573
19.0488 4.2007 -1.5959 0.3484
-12.0854 -3.2768 -1.8546 0.3108
26.5737 -6.4454 -1.3870 0.3372
-2.3080 0.3633 -1.7725 0.3359
26.1033 3.7246 -1.5462 0.3612
-10.4980 0.3439 -1.8459 0.4020
12.1196 2.8373 -1.6442 0.3527
30.6002 -1.2390 -1.5165 0.3260
-9.5264 5.5666 -1.6783 0.3468
16.5756 2.9993 -1.6120 0.3502
34.2388 1.4921 -1.4863 0.3651
-15.9641 -1.2926 -1.8854 0.3748
-19.6959 0.7146 -1.9098 0.3778
15.4517 -8.9798 -1.4819 0.3607
-4.6158 3.3344 -1.7921 0.3500
-20.7253 -5.9118 -1.7658 0.3797
3.5183 7.2030 -1.5732 0.3430
20.2262 6.2469 -1.4382 0.3511
-7.8927 0.5591 -1.8241 0.3451
-4.8972 6.9426 -1.6379 0.3074
25.7420 3.4161 -1.5493 0.3754
6.2043 -7.1748 -1.5525 0.3635
25.5639 4.8155 -1.3982 0.3026
1.7834 9.9161 -1.5882 0.3700
32.1785 -9.1805 -1.3347 0.3439
14.0477 -5.1016 -1.4846 0.3698
-18.0461 1.9548 -1.8988 0.3515
28.1056 -1.6961 -1.5348 0.3229
4.3559 2.7511 -1.7095 0.3505
-16.5017 1.7281 -1.8887 0.3320
-15.8386 5.7598 -1.7278 0.3255
16.2520 -8.5819 -1.4742 0.3673
-22.1576 -1.1877 -1.9252 0.3578
-7.8044 7.2011 -1.6599 0.3800
-16.6127 -2.7448 -1.8885 0.3421
1.4646 0.0758 -1.7357 0.3307
-0.1388 -9.5684 -1.6009 0.3628
6.3126 -5.5165 -1.5476 0.3333
-8.2218 -0.7269 -1.8269 0.3438
-23.0774 -2.0206 -1.9313 0.3605
11.8632 4.2931 -1.6495 0.3475
-2.5769 2.2376 -1.7744 0.3402
14.0801 7.6057 -1.4907 0.3219
-18.4800 7.0954 -1.7470 0.3687
-24.1734 -5.1756 -1.7919 0.3426
-10.1023 -9.6472 -1.6719 0.3624
2.3928 7.0894 -1.5817 0.3597
-1.3557 -3.4176 -1.7624 0.3718
23.6182 -3.0578 -1.5644 0.3453
-2.3297 -6.8321 -1.6181 0.3430
6.8265 3.8601 -1.6896 0.3278
10.6109 -4.3978 -1.5097 0.3391
-23.6901 -6.4651 -1.7897 0.3568
5.9080 0.0678 -1.6934 0.3337
-4.3101 5.0083 -1.6367 0.3563
0.2768 -4.6080 -1.5976 0.3793
-18.9828 4.4408 -1.7534 0.3411
21.9692 -0.7605 -1.7284 0.3237
31.5443 -1.9245 -1.5083 0.3417
-23.6639 -2.8096 -1.9357 0.3215
11.0824 -7.0884 -1.5137 0.3767
20.8306 -3.3473 -1.5832 0.3517
-7.9115 7.5850 -1.6597 0.3354
22.2533 -7.9567 -1.4210 0.3388
12.9413 9.1660 -1.5039 0.3264
30.7498 -7.8501 -1.3494 0.3702
33.8603 -2.7594 -1.4878 0.3867
-22.4592 2.1261 -1.9273 0.3201
1.6963 6.7568 -1.5868 0.3709
7.8193 -7.1283 -1.5398 0.3451
-16.1954 -7.1780 -1.7278 0.3753
-4.8229 2.5676 -1.7949 0.3133
34.2588 -4.1451 -1.4815 0.3545
-24.0262 2.8900 -1.9382 0.3418
2.1505 6.4117 -1.5829 0.3632
25.5593 -8.4626 -1.3916 0.3512
-5.5659 6.8899 -1.6432 0.3504
3.7879 -9.2483 -1.5741 0.3479
33.6827 7.9765 -1.3259 0.3812
3.4926 9.5124 -1.5764 0.3465
-17.1447 3.3491 -1.8915 0.3673
-21.8967 9.6851 -1.7765 0.3626
31.7250 6.4398 -1.3457 0.3678
-9.0514 -9.1127 -1.6648 0.3297
5.2438 -9.9238 -1.5648 0.3641
-19.5579 -9.5840 -1.7546 0.3567
0.4193 -0.9619 -1.7459 0.3262
30.8063 2.4677 -1.5133 0.3458
5.1448 -0.3706 -1.7005 0.3959
33.2681 3.5426 -1.4912 0.3422
-9.4699 -1.0079 -1.8372 0.3426
5.2727 -9.1487 -1.5634 0.3590
26.5718 -5.4767 -1.3892 0.3392
1.8951 9.8525 -1.5875 0.3528
-8.2308 -3.0827 -1.8240 0.3410
26.3285 -3.5047 -1.5449 0.3580
-1.6066 -6.9442 -1.6124 0.3488
6.8434 9.7429 -1.5531 0.3890
33.5916 -5.3908 -1.3338 0.3509
-13.8110 2.9365 -1.8683 0.3455
-6.9160 -9.1591 -1.6485 0.3706
-23.1358 -8.6706 -1.7873 0.3222
-1.4897 4.3350 -1.6132 0.3838
-12.9890 2.7034 -1.8626 0.3302
15.8021 3.6032 -1.6184 0.3738
-14.1207 -5.3806 -1.7153 0.3791
15.4888 9.6978 -1.4827 0.3395
-9.1915 1.1675 -1.8348 0.3414
-3.6869 9.3910 -1.6251 0.3478
-4.0684 -6.7166 -1.6318 0.3624
18.0051 -1.8980 -1.6014 0.3300
2.9906 -3.2863 -1.7225 0.3478
-3.3221 5.1015 -1.6282 0.3437
26.1574 4.9514 -1.3935 0.3270
9.3170 -0.2691 -1.6637 0.3291
-12.1702 -9.6770 -1.6886 0.3526
29.0055 -6.4959 -1.3674 0.3522
-4.4410 -8.9947 -1.6309 0.3347
-22.6612 6.9403 -1.7818 0.3516
4.6760 -4.2046 -1.7087 0.3371
-17.5637 -7.6415 -1.7386 0.3761
-10.6920 -2.9166 -1.8445 0.3479
19.8267 -8.4542 -1.4424 0.3720
-17.1549 9.5771 -1.7325 0.3161
23.4167 -3.6998 -1.5653 0.3565
31.2144 8.6613 -1.3436 0.3619
11.3919 3.6546 -1.6516 0.3472
17.6216 1.3221 -1.6036 0.3392
17.8152 -0.4901 -1.6021 0.3469
34.5685 3.7476 -1.4798 0.3648
-4.5077 3.7255 -1.7905 0.3258
-15.2286 -9.7896 -1.7149 0.3640
6.1500 8.1557 -1.5551 0.3564
6.9950 -2.6407 -1.6858 0.3448
-14.3253 -2.9345 -1.8721 0.3456
11.7866 -1.8682 -1.6452 0.3512
-24.1525 3.7057 -1.9399 0.3832
30.6601 -2.4796 -1.5144 0.3570
-9.1255 -2.5234 -1.8325 0.3311
-22.6264 -8.7307 -1.7827 0.3413
-18.5050 -1.6672 -1.9020 0.3271
-10.5851 -7.0104 -1.6825 0.3122
-8.5656 7.1118 -1.6662 0.3268
-23.0314 -3.3098 -1.9317 0.3524
-8.2387 9.2173 -1.6583 0.3755
-13.4235 3.6906 -1.8639 0.3699
-2.2827 5.1230 -1.6194 0.3269
-1.8899 8.9550 -1.6130 0.3340
-4.6595 -5.2213 -1.6393 0.3312
-5.3246 1.3458 -1.8007 0.2984
-19.6161 -9.1855 -1.7554 0.3466
-23.4877 -7.9848 -1.7897 0.3661
-12.8731 -2.6683 -1.8618 0.3450
20.3990 3.6500 -1.5862 0.3246
34.4486 6.6339 -1.3235 0.3331
30.7116 -4.8719 -1.3584 0.3434
5.2532 4.9815 -1.5553 0.3654
6.9094 -5.5142 -1.5428 0.3463
-6.1251 -9.8789 -1.6415 0.3627
21.4364 -8.9117 -1.4280 0.3484
20.8854 1.7112 -1.5828 0.3547
25.6563 -0.0570 -1.5525 0.3312
28.7303 -4.5915 -1.3747 0.3363
1.0610 -9.8690 -1.5930 0.3249
21.0125 1.3602 -1.5820 0.3620
23.3839 6.3521 -1.4129 0.3442
-6.4924 -8.6291 -1.6464 0.2780
30.7545 4.7295 -1.3585 0.3596
-19.3395 2.6909 -1.9070 0.3695
34.6562 -0.4129 -1.4833 0.3338
21.2054 -9.0332 -1.4301 0.3596
-19.4037 8.4714 -1.7538 0.3458
14.3738 -0.4512 -1.6251 0.3076
-22.9492 -2.0079 -1.9305 0.3891
21.2112 7.2295 -1.4302 0.3459
22.9534 6.9116 -1.4158 0.3540
11.1446 4.5452 -1.5058 0.3375
26.4116 6.5872 -1.3880 0.3441
-19.1270 -7.5134 -1.7520 0.3532
-8.4446 5.2183 -1.6706 0.3291
-0.1493 -3.4393 -1.7514 0.3839
-22.4525 7.3499 -1.7803 0.3668
1.8930 -2.5954 -1.7322 0.3603
-9.0872 -8.9139 -1.6655 0.3472
-1.4359 -1.7124 -1.7638 0.3348
0.5062 5.1355 -1.5957 0.3706
27.7647 0.0186 -1.5381 0.3622
-8.7795 5.2727 -1.6731 0.3420
28.6246 -9.2945 -1.3635 0.3283
0.5583 -6.4567 -1.5956 0.3185
-5.3315 1.2722 -1.8008 0.3506
5.1507 -2.2937 -1.7018 0.3450
0.0646 3.6035 -1.7494 0.3737
-9.5577 9.2511 -1.6684 0.3698
5.1608 3.1972 -1.7029 0.3508
-15.8919 -1.6527 -1.8847 0.3484
-3.8842 0.8473 -1.7875 0.3270
8.9474 8.2565 -1.5340 0.3712
-0.1955 3.4598 -1.7518 0.3489
24.4347 6.0636 -1.4049 0.3621
-9.5967 -3.9696 -1.8333 0.3735
33.1863 4.8864 -1.3385 0.3387
22.0833 -7.2114 -1.4229 0.3334
33.0556 4.9955 -1.3392 0.3994
25.2882 7.6312 -1.3953 0.3619
-16.4738 8.0046 -1.7287 0.3444
6.5876 -7.6682 -1.5507 0.3748
-14.8013 6.5976 -1.7177 0.3438
24.0936 -7.8013 -1.4052 0.3565
10.0497 -0.4321 -1.6577 0.3386
-9.1930 3.6504 -1.8307 0.3497
30.7759 -0.3150 -1.5157 0.3445
-18.0888 -3.2018 -1.8982 0.3350
8.8317 3.6764 -1.6723 0.3549
18.2624 3.2176 -1.6006 0.3372
-21.4691 1.6579 -1.9209 0.3615
10.8714 0.5686 -1.6512 0.3439
23.9541 4.1148 -1.5611 0.3156
-20.9484 -1.9393 -1.9176 0.3624
5.7346 -8.6246 -1.5591 0.3628
-9.4866 0.7491 -1.8376 0.3951
14.7755 4.4691 -1.4776 0.3504
-17.8794 -4.0168 -1.8959 0.3537
31.2231 -7.1850 -1.3475 0.3596
28.6837 8.2368 -1.3654 0.3704
-13.8415 7.2750 -1.7082 0.3691
-5.6040 2.3687 -1.8023 0.3564
10.2581 5.7321 -1.5163 0.3493
18.0837 9.3761 -1.4588 0.3669
1.5594 1.3852 -1.7349 0.3485
-15.6225 -5.1164 -1.7275 0.3242
-18.7509 2.7762 -1.9030 0.3200
34.9859 8.2919 -1.3151 0.3441
2.3211 3.8030 -1.7291 0.3524
27.3519 -9.4752 -1.3741 0.3994
3.9426 8.3427 -1.5718 0.3476
30.3415 5.0735 -1.3608 0.3509
-19.7344 -1.9634 -1.9098 0.3419
-18.1588 9.7498 -1.7416 0.3624
30.7779 4.4336 -1.3591 0.3556
31.8496 6.5088 -1.3445 0.3372
-6.1170 8.8633 -1.6432 0.3298
-3.6901 -9.2084 -1.6253 0.3420
2.1470 5.4884 -1.5821 0.3331
-0.0303 -2.2731 -1.7503 0.3454
-13.5973 7.3815 -1.7059 0.3528
28.9025 7.5779 -1.3652 0.3400
-9.8015 6.5724 -1.6775 0.3791
17.3163 5.5840 -1.4604 0.3732
-20.9707 5.8857 -1.7678 0.3454
-22.6749 -4.0690 -1.9298 0.3307
14.2238 -1.8694 -1.6271 0.3494
-4.6590 -7.6989 -1.6346 0.3473
14.3276 6.6118 -1.4862 0.3487
-19.3587 2.9201 -1.9070 0.3420
31.9911 2.2543 -1.5042 0.3290
19.9109 -5.0784 -1.4402 0.3507
27.5760 2.3007 -1.5378 0.3430
-16.8118 -0.9090 -1.8913 0.3448
-5.7903 9.9054 -1.6391 0.3519
-2.8994 7.2614 -1.6220 0.3486
7.2304 0.5197 -1.6816 0.3514
-7.1879 6.1691 -1.6578 0.3421
-21.3622 -6.7099 -1.7710 0.3572
-2.8673 -7.9720 -1.6209 0.3356
-9.7270 2.6130 -1.8373 0.3282
-1.8447 4.5357 -1.6161 0.3322
-13.1824 -8.9389 -1.6987 0.3365
-9.2862 -5.9807 -1.6752 0.3242
12.6171 0.7454 -1.6379 0.3161
-1.7108 -8.7437 -1.6119 0.3601
-4.2770 -1.5189 -1.7909 0.3755
7.0343 -0.3584 -1.6833 0.3612
21.3116 8.4362 -1.4292 0.3403
-2.2679 -3.6865 -1.7706 0.3157
10.2512 -6.6266 -1.5190 0.3538
32.9722 -9.8498 -1.3271 0.3179
6.3188 -7.5678 -1.5525 0.3483
29.5879 5.0173 -1.3669 0.3340
22.6204 -1.1016 -1.6148 0.3044
-21.4769 -6.0255 -1.7718 0.3796
0.7459 8.6606 -1.5948 0.3249
16.8991 5.7508 -1.4639 0.3429
34.2027 -7.7127 -1.3225 0.3474
2.5026 -4.6209 -1.5782 0.3406
-19.4329 6.9888 -1.7550 0.3593
8.7206 3.8486 -1.6736 0.3352
-17.4062 8.9109 -1.7355 0.3576
20.0912 -8.4750 -1.4401 0.3564
5.4606 5.5082 -1.5546 0.3224
18.4059 -8.4718 -1.4551 0.3547
27.1617 -3.2668 -1.5393 0.3289
12.7369 5.0134 -1.4946 0.3267
11.7464 4.2202 -1.6502 0.3558
20.2742 -9.9576 -1.4388 0.3418
25.5473 -5.9611 -1.3962 0.3575
27.1432 5.5715 -1.3846 0.3576
-22.8142 -7.4770 -1.7835 0.3214
8.3714 -3.4724 -1.6757 0.3648
-12.0238 -6.3222 -1.6961 0.3557
26.6208 -7.7709 -1.3838 0.3383
13.9039 6.7325 -1.4899 0.3473
0.2133 -8.7732 -1.5985 0.3654
-13.7137 0.7210 -1.8701 0.3436
-4.6586 3.8534 -1.7917 0.3923
17.2267 -8.8482 -1.4660 0.3798
-12.7384 2.6685 -1.8608 0.3523
-19.3850 -3.3187 -1.9070 0.3454
28.2817 6.6709 -1.3727 0.3463
20.8526 5.9532 -1.4332 0.3380
-13.0123 5.8781 -1.7052 0.3525
-7.4613 -2.0267 -1.8191 0.3638
33.3242 6.4510 -1.3329 0.3230
17.4911 2.5996 -1.6053 0.3629
11.6313 -2.4263 -1.6472 0.3687
-6.5423 -8.3866 -1.6473 0.3614
-7.0525 -8.6636 -1.6506 0.3474
-22.6286 -4.9720 -1.7801 0.3606
18.7089 -4.0083 -1.5982 0.3760
-22.4095 8.5506 -1.7807 0.3488
-24.7086 9.9988 -1.8028 0.3505
18.7697 -7.1265 -1.4506 0.3927
31.9324 8.8554 -1.3374 0.3561
20.3902 4.1308 -1.5864 0.3299
3.2984 -0.0278 -1.7179 0.3675
4.1627 9.0937 -1.5712 0.3580
1.1682 4.2739 -1.7396 0.3369
-5.5214 1.8731 -1.8021 0.3279
6.3029 -5.8095 -1.5484 0.3548
0.8691 -5.1111 -1.5926 0.3488
10.8901 8.2300 -1.5185 0.3251
28.8872 -5.6992 -1.3705 0.3482
34.7006 -9.3539 -1.3151 0.3470
-20.2754 -4.6755 -1.7627 0.3488
-1.9190 -0.3889 -1.7687 0.3598
-14.1576 -2.3607 -1.8717 0.3148
-3.8728 8.7161 -1.6272 0.3278
-7.7516 -1.6285 -1.8221 0.3403
-14.5278 7.7811 -1.7126 0.3765
20.8446 1.8933 -1.5831 0.3974
4.7773 0.4825 -1.7040 0.3501
30.1547 -6.7961 -1.3573 0.3509
-23.0445 -4.5794 -1.7828 0.3011
-20.9813 7.3433 -1.7679 0.3681
-0.8036 5.5991 -1.6067 0.3590
-20.1834 -1.0515 -1.9128 0.3557
-9.2362 8.1804 -1.6685 0.3251
34.1618 6.3836 -1.3264 0.3896
-12.4624 -7.7583 -1.6956 0.3804
-13.1129 2.1186 -1.8645 0.3559
9.4184 5.9769 -1.5237 0.3698
4.8799 6.1669 -1.5607 0.3510
9.8263 -8.1732 -1.5268 0.3664
-2.3959 -5.5078 -1.6200 0.3239
24.6057 -1.7392 -1.5588 0.3045
-16.6852 -4.9674 -1.7358 0.3246
0.7036 -7.8212 -1.5948 0.3339
16.3857 2.5760 -1.6129 0.3371
27.0942 0.1495 -1.5428 0.3590
-2.8257 -6.9002 -1.6218 0.3449
9.0647 1.7276 -1.6668 0.3494
-20.8516 -8.7597 -1.7667 0.3263
-14.7809 -2.3392 -1.8762 0.3246
-20.8517 5.8504 -1.7668 0.3508
18.6729 7.8010 -1.4521 0.3392
-7.7164 -5.0953 -1.6649 0.3501
18.4247 7.1902 -1.4536 0.3609
-21.0161 7.8352 -1.7682 0.3828
26.7529 2.1376 -1.5439 0.3496
25.1318 9.6436 -1.3937 0.3863
-19.6643 -5.0765 -1.7580 0.3581
-23.5746 -8.6205 -1.7911 0.3638
-21.6227 6.8689 -1.7732 0.3711
26.2178 -0.1814 -1.5488 0.3644
-10.9178 -3.0709 -1.8460 0.3340
7.8964 -8.8953 -1.5436 0.3717
0.5747 -8.7075 -1.5960 0.3425
22.7315 -8.1857 -1.4167 0.3560
4.3339 -6.3271 -1.5654 0.3527
5.0397 9.4080 -1.5655 0.3729
34.3455 -4.3719 -1.3302 0.3579
-15.9922 6.3409 -1.7278 0.3223
24.8422 -9.6117 -1.3964 0.3918
-21.8950 -3.5637 -1.9241 0.3667
3.6589 8.1238 -1.5735 0.3390
28.1801 -6.2992 -1.3745 0.3273
14.9128 -4.3195 -1.4762 0.3690
16.1129 6.5303 -1.4716 0.3296
-9.2010 -7.5722 -1.6699 0.3660
0.1145 -8.9363 -1.5992 0.3714
-3.0051 9.3195 -1.6204 0.3370
6.2866 -1.9042 -1.6911 0.3352
2.7337 3.1574 -1.7248 0.3406
-5.3861 -7.4577 -1.6406 0.3302
-6.6712 -5.5965 -1.6551 0.3546
-9.9488 -0.8004 -1.8413 0.3574
-3.0972 3.5031 -1.7782 0.3645
-16.0035 -4.1350 -1.8822 0.3333
27.3263 7.6927 -1.3780 0.3668
11.1272 5.6229 -1.5090 0.3302
-16.9728 1.0312 -1.8923 0.3668
16.6316 -0.8158 -1.6099 0.3203
25.8600 2.3909 -1.5498 0.3814
-10.7479 4.6333 -1.6908 0.3396
-15.9640 -7.3010 -1.7257 0.3620
-24.4830 7.0528 -1.7970 0.3636
-22.1650 -0.2119 -1.9251 0.3246
20.7351 8.7069 -1.4343 0.3667
34.2312 9.1108 -1.3190 0.3390
-22.3072 -9.3857 -1.7802 0.3439
19.8843 -2.3104 -1.5893 0.3366
-20.6883 0.5245 -1.9160 0.3823
10.5280 0.7919 -1.7006 0.3266
20.3645 6.4479 -1.4371 0.3586
-3.4477 -7.1779 -1.6263 0.3375
-24.3439 2.4497 -1.9400 0.3718
10.7114 8.8519 -1.5215 0.3964
34.4747 9.9338 -1.3157 0.3374
-9.5430 -9.7983 -1.6672 0.3528
-13.6305 9.4513 -1.7014 0.3423
-17.5644 -7.5558 -1.7387 0.3708
8.3153 0.7390 -1.6723 0.3450
10.7867 -5.0726 -1.5101 0.3681
22.5363 2.1278 -1.5722 0.3420
20.1844 -9.2595 -1.4394 0.3949
28.5525 -5.2333 -1.3744 0.3062
23.3464 -3.9885 -1.5655 0.3575
-10.1640 8.3121 -1.6755 0.3498
8.3526 1.6726 -1.6728 0.3491
-7.1553 4.1642 -1.8126 0.3557
-5.2129 3.5203 -1.7971 0.3512
30.9167 -2.1542 -1.5129 0.3544
15.9138 -9.7196 -1.4789 0.3582
33.4754 -7.8596 -1.3278 0.3850
0.0148 -0.8238 -1.7499 0.2947
7.2463 8.8259 -1.5483 0.3869
4.2269 -5.0248 -1.5640 0.4012
-18.5628 3.9664 -1.9008 0.3150
-10.7979 6.5319 -1.6856 0.3510
6.6582 8.1357 -1.5512 0.3774
-20.9575 -4.1303 -1.9176 0.3684
30.8877 8.6257 -1.3463 0.3835
-17.5694 2.1596 -1.8955 0.3574
-13.1212 0.1681 -1.8660 0.3093
20.9193 5.5679 -1.4326 0.3761
-19.1839 -5.2257 -1.7543 0.3627
29.0167 6.2516 -1.3680 0.3793
18.5421 2.9993 -1.5986 0.3193
-20.8827 5.9873 -1.7671 0.3257
16.5108 7.1144 -1.4694 0.3503
12.8977 2.3469 -1.6375 0.3767
20.4410 -9.2653 -1.4371 0.3822
24.6919 -4.0450 -1.5559 0.3355
18.1010 7.5604 -1.4567 0.3419
10.1706 2.5391 -1.6590 0.4074
-5.6522 7.8011 -1.6419 0.3389
16.8364 -2.3094 -1.6095 0.3635
32.4183 0.0945 -1.5025 0.3410
10.2513 7.2518 -1.5209 0.3595
14.8607 5.2406 -1.4787 0.3327
1.2277 -2.4500 -1.7384 0.3332
20.3672 -9.5474 -1.4378 0.3426
34.8600 7.6068 -1.3177 0.3391
-15.3766 5.7271 -1.7242 0.3439
-12.8557 -1.0168 -1.8637 0.3605
7.3663 0.9248 -1.6806 0.3878
3.8825 -5.9138 -1.5683 0.3382
9.2942 -1.7580 -1.6650 0.3302
-22.0556 -6.7361 -1.7767 0.3502
-0.7434 -5.7886 -1.6061 0.3330
9.9787 6.9274 -1.5221 0.3173
10.1115 -2.7506 -1.6598 0.3713
14.4400 6.2945 -1.4845 0.3516
18.2130 -0.5220 -1.5996 0.3536
13.4928 -8.5844 -1.4979 0.3115
22.4146 -2.7695 -1.5727 0.3383
12.4856 -6.8345 -1.5017 0.3217
7.2505 3.8715 -1.6860 0.3496
11.3718 8.2279 -1.5146 0.3527
-18.9284 5.2615 -1.7523 0.3527
-8.6106 5.5688 -1.6709 0.3367
6.6440 7.2373 -1.5492 0.3329
27.3792 5.5333 -1.3828 0.3461
15.7431 1.3715 -1.6161 0.3571
-19.5755 4.2855 -1.9078 0.3384
10.5365 -1.6809 -1.6548 0.3313
-11.6957 -8.5842 -1.6871 0.3321
19.0410 4.1116 -1.5959 0.3368
24.6465 4.4332 -1.4057 0.3409
10.6074 -5.5255 -1.5129 0.3280
10.4818 9.0788 -1.5239 0.3411
-4.6845 -8.9498 -1.6327 0.3747
1.7750 4.7192 -1.5846 0.3441
26.8465 9.3696 -1.3788 0.3252
18.3992 -3.8170 -1.6002 0.3048
6.1852 8.2493 -1.5551 0.3867
-2.9061 6.5287 -1.6229 0.3728
-21.9772 4.8822 -1.7752 0.3557
-16.4196 9.0758 -1.7265 0.3733
-13.4185 3.0811 -1.8651 0.3606
-2.5970 -0.1024 -1.7753 0.3485
31.6486 3.5136 -1.5045 0.3252
5.3092 -1.7635 -1.6998 0.3882
-10.9096 -3.5023 -1.8449 0.3413
-18.6550 -8.3551 -1.7472 0.3424
-4.7017 -2.4398 -1.7940 0.3507
23.9438 6.0639 -1.4087 0.3511
-1.9994 8.9087 -1.6138 0.3615
21.3503 9.5030 -1.4287 0.3592
23.1623 -5.8695 -1.4151 0.3385
-18.3508 1.4286 -1.9011 0.3505
11.5196 1.5150 -1.6468 0.3609
32.5458 -6.4790 -1.3391 0.3368
-0.8717 1.6326 -1.7584 0.3789
-21.9434 -2.7447 -1.9242 0.3496
30.3982 8.8481 -1.3497 0.3820
28.0200 -4.8960 -1.3794 0.3222
6.3285 6.6992 -1.5504 0.3631
8.1352 7.9371 -1.5394 0.3322
-12.2955 4.7174 -1.7028 0.3373
24.1670 -5.7065 -1.4075 0.3681
4.9160 -4.7926 -1.5577 0.3454
-22.9673 9.4224 -1.7863 0.4019
15.9809 -8.4834 -1.4764 0.3604
32.0298 -7.6583 -1.3397 0.3361
24.7490 9.5714 -1.3973 0.3604
-8.3681 5.5379 -1.6691 0.3453
-21.8005 4.9277 -1.7739 0.3666
31.4211 -6.7958 -1.3471 0.3441
31.2238 -0.2212 -1.5122 0.3581
6.9449 6.8153 -1.5458 0.3540
13.5390 -3.4226 -1.6346 0.3516
2.7560 -6.1447 -1.5778 0.3708
0.1859 -9.7811 -1.5988 0.3139
-17.8331 2.4508 -1.8971 0.3520
-19.1948 -4.1238 -1.9052 0.3360
-11.0361 7.2734 -1.6854 0.3230
25.1984 -4.3296 -1.4018 0.3332
-16.2501 -6.9685 -1.7287 0.3376
-11.3981 9.2090 -1.6832 0.3453
7.9168 9.2955 -1.5443 0.3567
-12.0921 3.7005 -1.8537 0.3608
-15.2076 8.5677 -1.7167 0.3418
8.7990 -6.7633 -1.5310 0.3817
-2.9144 -0.7932 -1.7783 0.3426
12.5696 -5.9168 -1.4984 0.3111
29.7323 -0.4243 -1.5237 0.3431
-15.9404 5.8236 -1.7285 0.3509
29.8060 6.8986 -1.3598 0.2845
29.1494 -9.9167 -1.3579 0.3741
24.7453 -2.2099 -1.5576 0.3480
12.8772 9.8814 -1.5058 0.3270
12.2088 1.7863 -1.6419 0.3308
13.3528 -4.0761 -1.6375 0.3652
16.4297 -2.2201 -1.6122 0.3677
-24.0111 -3.5487 -1.9387 0.3370
32.4856 -1.0480 -1.5016 0.3229
10.1362 -1.1103 -1.6574 0.3526
21.8880 0.1373 -1.6589 0.3563
-2.3631 -0.7099 -1.7730 0.3613
-24.2562 0.3223 -1.9383 0.3387
5.5841 -9.4402 -1.5617 0.3476
5.4314 -8.9115 -1.5619 0.3504
1.2194 -2.5771 -1.7385 0.3693
-4.6170 7.6988 -1.6343 0.3766
-10.0104 5.8166 -1.6815 0.3820
6.6527 -7.7969 -1.5505 0.3760
-2.4833 -0.1034 -1.7742 0.3863
33.1959 2.0917 -1.4945 0.3703
-14.6244 -0.3762 -1.8767 0.3382
-5.8201 3.9513 -1.8016 0.3807
-7.3624 9.9453 -1.6504 0.3225
7.5986 -8.0705 -1.5439 0.3973
4.9568 0.3107 -1.7022 0.3305
13.6244 0.2474 -1.6303 0.3678
32.0001 1.2476 -1.5054 0.3789
-7.8867 -6.6607 -1.6620 0.3592
16.5663 2.7672 -1.6118 0.3090
-23.4976 -9.1132 -1.7909 0.3310
-9.2567 4.8225 -1.6783 0.3571
2.8232 3.2632 -1.7240 0.3627
-23.1403 -3.3915 -1.9326 0.3464
12.0602 9.7798 -1.5125 0.3515
15.6986 6.5756 -1.4750 0.3206
19.8039 0.7907 -1.5896 0.3855
5.9945 9.8102 -1.5593 0.3424
11.2367 6.6018 -1.5111 0.3658
-1.2361 -7.2405 -1.6094 0.3781
-22.5248 1.8212 -1.9277 0.3269
-19.0029 1.6172 -1.9052 0.3526
14.2998 3.0589 -1.6283 0.3556
34.7333 8.8151 -1.3159 0.3448
-24.0518 -0.1594 -1.9370 0.3685
8.4550 -8.4524 -1.5383 0.3367
20.0605 -0.4134 -1.5879 0.3511
24.6065 5.7559 -1.4040 0.3426
7.7123 -2.8278 -1.6799 0.3965
12.1950 -9.4579 -1.5107 0.3367
16.8035 -3.9351 -1.6117 0.3649
26.5380 3.6430 -1.5432 0.3859
-17.6626 -8.2798 -1.7386 0.3316
30.5709 -2.4807 -1.5151 0.3519
-23.4390 -7.3374 -1.7887 0.3303
25.1720 -0.4814 -1.5557 0.3097
-20.3956 -7.1697 -1.7629 0.3343
-13.3223 -7.8193 -1.7025 0.3386
-24.7664 3.9560 -1.9446 0.3398
1.7154 -6.8400 -1.5867 0.3440
-4.9384 -6.9041 -1.6383 0.3501
-15.0404 1.8504 -1.8786 0.3261
2.0654 -9.1281 -1.5859 0.3570
-0.8577 -9.3401 -1.6058 0.3743
21.0597 -1.3711 -1.5817 0.3766
28.5878 -2.6981 -1.5298 0.3448
14.1540 0.8924 -1.6268 0.3679
-17.5354 9.8697 -1.7357 0.3364
-7.2766 -1.3059 -1.8183 0.3431
29.7991 1.5212 -1.5224 0.3580
-19.6759 8.3849 -1.7563 0.3433
-0.5886 -0.3364 -1.7558 0.3247
31.5503 5.6224 -1.3496 0.3667
32.0399 0.9731 -1.5053 0.3334
-0.3278 2.7441 -1.7531 0.3396
15.0438 8.6500 -1.4848 0.3712
2.4047 -9.9859 -1.5841 0.3607
20.2076 8.0188 -1.4389 0.3535
-23.1051 -0.0462 -1.9310 0.3206
-16.3506 2.1353 -1.8874 0.3267
11.8519 -0.9988 -1.6438 0.3579
-11.0469 -4.7816 -1.6928 0.3626
14.9631 -8.6799 -1.4856 0.3551
-3.9266 8.9025 -1.6274 0.3405
28.1987 2.4775 -1.5331 0.3399
24.1556 7.4694 -1.4051 0.3543
4.5703 -4.1838 -1.7096 0.3250
21.3737 -4.4400 -1.4294 0.3518
-8.7317 -3.2843 -1.8278 0.3222
4.6556 -5.3792 -1.5610 0.3289
-13.1511 -0.0406 -1.8663 0.3536
26.6532 8.7248 -1.3816 0.3617
24.3841 7.5213 -1.4031 0.3568
29.1290 -0.0980 -1.5283 0.3277
27.6486 -3.0248 -1.5362 0.3126
32.5758 2.2338 -1.4994 0.3498
-11.2998 2.2452 -1.8505 0.3120
30.9095 3.6753 -1.5100 0.3689
9.2728 0.7120 -1.6690 0.3284
0.3497 -9.4649 -1.5977 0.3947
8.6224 -8.4791 -1.5370 0.3308
-4.4439 9.4755 -1.6302 0.3593
-7.6868 4.9247 -1.6651 0.3353
-10.5211 8.9649 -1.6767 0.3466
-20.0543 -3.2095 -1.9115 0.3537
4.7939 0.6990 -1.7039 0.3672
28.2657 -3.5610 -1.5306 0.3704
12.8091 8.1787 -1.5027 0.3645
6.2585 -4.2453 -1.6952 0.3708
0.7156 3.8762 -1.7435 0.3377
2.8641 -6.4989 -1.5774 0.3630
-12.4434 -7.8950 -1.6950 0.3432
24.3762 -6.8873 -1.4041 0.3697
-13.0970 0.5891 -1.8657 0.3523
17.9974 6.8908 -1.4568 0.3624
20.5991 9.9856 -1.4357 0.3558
9.4921 2.4537 -1.6644 0.3652
26.7756 0.6721 -1.5449 0.3338
-7.5370 5.7377 -1.6618 0.3186
27.8970 -8.7251 -1.3709 0.3698
18.7646 6.1879 -1.4498 0.3769
22.9250 5.1676 -1.4176 0.3477
14.8748 0.5908 -1.6216 0.3662
25.7806 -9.5403 -1.3880 0.3174
34.5859 -5.9561 -1.3242 0.3376
0.2098 -2.6057 -1.7480 0.3516
23.8349 8.8244 -1.4063 0.3153
19.6748 2.7698 -1.5909 0.3194
2.1722 0.2019 -1.7288 0.3532
30.6169 -0.2315 -1.5170 0.3379
-1.3344 5.5995 -1.6111 0.3431
8.9280 -3.5274 -1.6712 0.3419
-18.6435 -8.1095 -1.7474 0.3243
-11.4535 3.5409 -1.8491 0.3456
25.4418 -3.4197 -1.5514 0.3497
-1.2068 -3.4881 -1.7610 0.3383
-1.3550 -0.9057 -1.7632 0.3400
-10.2411 -5.1453 -1.6853 0.3459
4.4966 8.4341 -1.5679 0.3664
23.3490 6.9394 -1.4125 0.3481
28.7098 9.8218 -1.3618 0.3115
-20.7931 9.2910 -1.7662 0.3261
9.4892 -3.7109 -1.6670 0.3686
3.0364 -2.3880 -1.7213 0.3363
11.8569 3.9652 -1.6487 0.3482
1.8365 -9.6831 -1.5878 0.3885
-1.0813 9.8778 -1.6071 0.3626
3.3128 -9.7831 -1.5779 0.3070
9.9199 0.6297 -1.7237 0.3789
5.0590 3.3740 -1.7040 0.3530
3.3287 8.2829 -1.5761 0.3574
24.0701 2.8827 -1.5615 0.3561
19.7389 1.9394 -1.5902 0.3683
-4.5173 -3.9928 -1.7902 0.3484
23.0346 1.8184 -1.5690 0.3204
26.2190 4.9940 -1.3930 0.3565
-15.7905 0.3118 -1.8847 0.3224
9.9609 5.5927 -1.5183 0.3863
-7.8813 -8.6077 -1.6570 0.3428
19.3503 -3.2925 -1.5933 0.3490
-10.6729 9.1963 -1.6774 0.3365
15.2842 -3.5311 -1.6220 0.3568
-9.6925 2.4371 -1.8373 0.3591
5.6686 0.3977 -1.6957 0.3364
31.9188 8.7325 -1.3378 0.3591
-2.1215 -6.7446 -1.6165 0.3514
27.5443 -4.0122 -1.5350 0.3481
34.2167 7.2475 -1.3237 0.3350
27.4911 3.3241 -1.5368 0.3963
-15.0480 0.8610 -1.8795 0.3737
24.1795 -2.1020 -1.5614 0.3646
-23.0710 -1.7737 -1.9312 0.3725
-1.4019 8.6985 -1.6098 0.3560
27.2440 3.4215 -1.5384 0.3430
16.3251 8.5820 -1.4736 0.2971
6.9644 9.4437 -1.5517 0.3256
-1.7282 0.9402 -1.7668 0.3933
23.7378 2.1978 -1.5643 0.3732
17.5735 3.1273 -1.6053 0.3540
3.1043 6.7834 -1.5758 0.3184
28.5491 3.1814 -1.5292 0.3627
-11.2031 -7.7071 -1.6855 0.3444
-14.7765 8.8486 -1.7125 0.3640
13.5682 3.2187 -1.6340 0.3278
33.3197 7.3983 -1.3303 0.3402
-10.1646 -1.5052 -1.8425 0.3677
-10.0198 -0.5057 -1.8420 0.3886
-16.6301 3.7771 -1.8873 0.3368
26.6338 5.5281 -1.3886 0.3300
-11.4161 -8.4308 -1.6853 0.3705
5.1907 -1.8531 -1.7009 0.3248
34.4523 5.3971 -1.3267 0.3262
-24.2715 9.8447 -1.7986 0.3553
8.3892 -9.7672 -1.5416 0.3917
5.7373 -4.7038 -1.5506 0.3330
23.4468 -0.7030 -1.5668 0.3426
-3.6831 -5.5412 -1.6306 0.3522
-0.3795 -9.4616 -1.6025 0.3405
-14.9237 0.7909 -1.8786 0.3147
19.4489 2.9880 -1.5925 0.3660
22.0825 -1.6788 -1.5752 0.3537
-16.8002 -2.6024 -1.8900 0.3573
-1.3926 9.7122 -1.6093 0.3472
28.5743 -0.4494 -1.5323 0.3803
-24.8376 5.9614 -1.7982 0.3399
-7.0745 -4.2565 -1.8117 0.3285
8.3025 6.6038 -1.5345 0.3833
-4.9544 6.4740 -1.6392 0.3060
-8.6773 -4.6460 -1.6740 0.3469
2.6022 3.1171 -1.7259 0.3485
-14.1086 3.6403 -1.8692 0.3477
6.7775 -1.1477 -1.6860 0.3190
17.4018 5.4756 -1.4596 0.3263
9.5177 -3.8623 -1.6671 0.3692
-19.4134 -0.3146 -1.9080 0.3777
25.6645 9.8030 -1.3887 0.3417
-14.5013 -6.4265 -1.7157 0.3314
20.8887 -7.0443 -1.4329 0.3143
-3.3661 -7.1560 -1.6257 0.3688
21.9657 9.9622 -1.4228 0.3700
-12.6236 -6.8017 -1.6995 0.2938
-13.8003 -6.1952 -1.7106 0.3015
4.8216 3.8957 -1.7070 0.3527
-23.0238 5.1899 -1.7832 0.3553
-11.4822 0.5412 -1.8536 0.3405
18.4407 9.6534 -1.4558 0.3493
25.2430 -9.2218 -1.3932 0.3451
-20.1529 2.4164 -1.9124 0.3505
27.9247 2.1294 -1.5356 0.3320
22.8510 -3.5751 -1.5693 0.3498
27.1811 7.9888 -1.3786 0.3365
16.9057 1.0576 -1.6082 0.3348
15.4492 -5.0732 -1.4738 0.3127
6.5056 -8.2328 -1.5526 0.3465
14.1672 -7.8576 -1.4906 0.3661
30.1466 7.9466 -1.3541 0.3435
-18.9687 -4.9938 -1.7529 0.3429
-6.0541 8.1401 -1.6442 0.3751
-20.6527 -7.5976 -1.7651 0.3705
31.6883 9.6787 -1.3375 0.3847
1.7159 6.6670 -1.5866 0.3951
15.5207 -7.6754 -1.4788 0.3512
25.4672 -8.2789 -1.3927 0.3269
34.4600 6.0687 -1.3249 0.3396
-15.2931 -8.4387 -1.7177 0.3615
22.9708 -4.7564 -1.4176 0.3788
28.2454 6.0250 -1.3747 0.3290
-22.0675 8.1516 -1.7774 0.3551
20.2454 5.3530 -1.4377 0.3341
-3.7165 7.7979 -1.6274 0.3471
13.9158 1.1978 -1.6287 0.3468
5.8429 5.5922 -1.5517 0.3576
-9.4155 -3.1163 -1.8338 0.3906
-16.8867 5.7043 -1.7361 0.3595
-17.9832 3.5948 -1.8971 0.3414
-18.8006 1.4966 -1.9039 0.3381
13.2674 9.8460 -1.5024 0.3462
-3.9153 -0.6044 -1.7879 0.3326
-12.0020 2.3849 -1.8557 0.3528
16.5131 0.1981 -1.6105 0.3018
16.2110 -4.7898 -1.4675 0.3458
7.3501 -3.3927 -1.6841 0.3474
31.0975 9.5757 -1.3424 0.3268
-1.8751 -2.1578 -1.7679 0.3424
25.1518 3.5881 -1.5532 0.3724
-20.4916 1.3419 -1.9147 0.3738
19.3899 7.7961 -1.4459 0.3393
34.3068 5.1538 -1.3286 0.3605
25.7959 -8.3870 -1.3896 0.3200
9.7799 -2.8912 -1.6628 0.3441
12.6060 4.2383 -1.6436 0.3546
-3.8026 -6.7729 -1.6296 0.3805
15.7691 0.0688 -1.6154 0.3739
21.2237 -3.6446 -1.5805 0.3542
34.8937 -8.7049 -1.3149 0.3318
4.5478 9.9429 -1.5696 0.3772
-21.3218 8.5873 -1.7709 0.3432
10.7515 4.9505 -1.5101 0.3590
-17.8586 -5.9795 -1.7433 0.3475
-10.3141 9.7705 -1.6733 0.3898
-5.2732 2.6158 -1.7990 0.3378
18.8618 9.3215 -1.4516 0.3683
-13.9715 -9.1484 -1.7050 0.3483
-15.0548 -6.5306 -1.7199 0.3614
-22.3021 3.5449 -1.9269 0.3824
27.3944 8.1436 -1.3764 0.3099
16.6103 -6.4844 -1.4675 0.3487
-22.6032 -3.6580 -1.9290 0.3321
-23.3025 1.7635 -1.9327 0.3589
8.5205 9.9932 -1.5410 0.3638
-8.0479 5.9933 -1.6652 0.3406
10.8036 8.4713 -1.5198 0.3396
1.0763 3.5003 -1.7402 0.3541
30.3988 7.5474 -1.3531 0.3245
-7.7315 0.1409 -1.8228 0.3567
15.7487 -7.5168 -1.4766 0.3336
-21.7567 4.1911 -1.9233 0.3647
32.3516 2.0295 -1.5016 0.3236
33.8454 -0.2930 -1.4904 0.3387
19.3445 -4.5002 -1.4440 0.3350
2.9127 5.6841 -1.5759 0.3440
-11.8004 6.4082 -1.6940 0.3775
23.7510 -2.7163 -1.5638 0.3669
19.1812 8.5553 -1.4482 0.3404
-11.6828 -2.6052 -1.8528 0.3404
2.0729 -7.8488 -1.5848 0.3677
2.7679 -6.6694 -1.5783 0.3267
24.5846 -0.1097 -1.5596 0.3504
16.0307 -8.4027 -1.4758 0.3379
13.5901 4.3683 -1.4863 0.3466
13.9896 5.9019 -1.4871 0.3662
-8.7718 0.9894 -1.8314 0.3366
-2.6973 7.8670 -1.6198 0.3695
-22.2603 9.0857 -1.7796 0.3940
22.2165 -1.0484 -1.6673 0.3621
0.9799 -8.2175 -1.5930 0.3483
1.2943 -5.3747 -1.5891 0.3731
-10.2786 3.1523 -1.8407 0.3278
-12.4344 -1.8843 -1.9212 0.3804
10.2693 3.7002 -1.6606 0.3349
-11.0468 3.3347 -1.8464 0.3934
-21.1475 2.1074 -1.9189 0.3357
21.0504 -6.8433 -1.4316 0.3632
-2.4118 -4.2817 -1.7713 0.3188
-2.1859 -2.4428 -1.7707 0.3457
0.8791 6.4884 -1.5930 0.3284
23.9027 3.6445 -1.5619 0.3212
-5.7498 2.8987 -1.8028 0.3741
20.4822 3.4427 -1.5856 0.3254
31.3727 0.0640 -1.5110 0.3353
14.6521 -9.2074 -1.4893 0.3330
0.9009 -5.9776 -1.5927 0.3728
19.8674 -7.1940 -1.4415 0.3703
2.4738 -8.7201 -1.5827 0.3754
-0.1344 -3.6105 -1.7512 0.3343
6.5170 5.7546 -1.5466 0.3770
-5.9367 -7.6974 -1.6443 0.3341
-18.7450 -7.7715 -1.7485 0.3349
-0.1089 -7.5147 -1.6008 0.3360
-17.5686 -4.6036 -1.7429 0.3368
-0.3735 -5.9559 -1.6030 0.3482
8.4160 -9.7208 -1.5413 0.3332
30.8427 -4.4700 -1.3585 0.3546
-22.8267 9.9259 -1.7853 0.2978
12.2875 -3.2703 -1.6438 0.3546
2.4641 -5.7748 -1.5797 0.3282
-23.7843 -0.0857 -1.9353 0.3366
-10.0271 -5.4126 -1.6828 0.3371
-17.8909 1.1929 -1.8982 0.3689
-11.9924 -1.9869 -1.9688 0.3601
-8.5258 7.9368 -1.6636 0.3467
-0.9216 8.5584 -1.6065 0.3357
6.7424 4.2612 -1.6911 0.3657
-24.9406 -5.6861 -1.7985 0.3859
-15.2878 -0.5220 -1.8812 0.3494
-19.3860 -3.8915 -1.9067 0.3180
7.9804 5.9655 -1.5353 0.3359
-5.2555 -9.4165 -1.6360 0.3612
7.9039 3.2498 -1.6791 0.3411
-11.6906 -3.5355 -1.8510 0.3328
-23.5462 -0.3799 -1.9338 0.3320
31.4820 -3.5401 -1.5057 0.3518
-18.5015 -2.7042 -1.9014 0.3193
-17.3885 3.4873 -1.8930 0.3493
-16.2072 1.9099 -1.8866 0.3518
33.8766 -5.1182 -1.3322 0.3410
12.0596 -9.1272 -1.5111 0.3291
11.6174 7.1204 -1.5095 0.3704
34.2019 -0.1539 -1.4873 0.3233
-19.6937 2.3746 -1.9094 0.3535
33.4701 -0.2300 -1.4937 0.3646
-12.7592 2.3788 -1.8614 0.3532
12.3843 2.5394 -1.6417 0.3746
0.2050 -9.6992 -1.5986 0.3273
-1.9629 0.6652 -1.7691 0.3342
30.8746 0.0422 -1.5150 0.3408
-16.0463 -8.0836 -1.7249 0.4158
34.8241 4.9176 -1.3249 0.3602
-2.2525 -5.2828 -1.6190 0.3639
13.9265 -8.9095 -1.4950 0.3631
33.0744 6.0632 -1.3360 0.3516
-21.5439 7.3026 -1.7726 0.3710
30.3719 -5.1861 -1.3602 0.3126
9.0687 3.7509 -1.6705 0.3555
17.2638 -9.9010 -1.4668 0.3586
-16.0489 4.4230 -1.7320 0.3704
7.0032 -0.7036 -1.6837 0.3269
15.4108 5.8497 -1.4758 0.3284
2.3748 -2.1393 -1.7274 0.3296
-15.7009 -2.9785 -1.8819 0.3604
-10.3529 6.8157 -1.6812 0.3607
26.2636 -9.2271 -1.3841 0.3310
-22.9317 -6.2567 -1.7834 0.3883
17.5317 -1.7574 -1.6044 0.3557
34.9634 1.9268 -1.4795 0.3525
-24.5510 -9.8977 -1.8013 0.3458
-15.3373 1.5030 -1.8810 0.3686
15.4487 -2.4301 -1.6192 0.3578
-21.4006 2.6000 -1.9206 0.3878
10.3874 8.1395 -1.5223 0.3257
16.0400 -1.1826 -1.6140 0.3191
10.2888 1.0916 -1.7744 0.3352
-3.0889 -0.7442 -1.7800 0.3611
16.8369 -7.6296 -1.4676 0.3414
10.6577 5.8623 -1.5135 0.3754
-12.5418 7.7039 -1.6964 0.3421
8.7881 6.2293 -1.5295 0.3716
27.9144 8.9519 -1.3703 0.3334
15.0100 -0.6394 -1.6207 0.3737
3.3075 3.0464 -1.7194 0.3774
-5.7050 -6.6332 -1.6448 0.3387
-19.8468 9.5362 -1.7573 0.3598
-10.3224 1.6111 -1.8436 0.3554
-24.3288 -4.7667 -1.7925 0.3603
34.1976 6.1075 -1.3269 0.3757
-11.6511 1.7298 -1.8539 0.3695
23.8926 8.9935 -1.4056 0.3603
-14.8813 5.3995 -1.7211 0.3633
-7.9839 7.5453 -1.6604 0.3246
0.0966 0.9330 -1.7491 0.3492
-5.5357 0.3462 -1.8031 0.3280
22.9010 5.1465 -1.4178 0.3496
32.4616 -7.8997 -1.3356 0.3723
27.5177 -8.9194 -1.3737 0.3499
-15.7853 9.6740 -1.7200 0.2999
21.6013 8.3259 -1.4266 0.3291
-16.1232 9.1132 -1.7238 0.3616
29.8029 -8.7527 -1.3548 0.3392
6.0727 -4.6140 -1.5476 0.3657
-4.8171 8.0308 -1.6352 0.3259
-15.5785 -8.2104 -1.7206 0.3576
-24.2915 -0.9713 -1.9387 0.3586
-10.1232 -3.1742 -1.8394 0.3658
29.8412 7.5970 -1.3575 0.3369
22.8357 0.3615 -1.5707 0.3656
33.1876 -4.1925 -1.4903 0.3801
-18.9543 0.4860 -1.9051 0.3045
10.5307 -7.7511 -1.5201 0.3510
-9.5710 4.6241 -1.6814 0.3139
7.5765 2.3668 -1.6804 0.3328
-5.7727 2.0142 -1.8042 0.3344
-7.9921 -1.2431 -1.8246 0.3487
9.4307 -4.1151 -1.6684 0.3576
-14.0009 -8.6924 -1.7061 0.3681
3.1480 8.9406 -1.5782 0.3553
14.0487 -1.6689 -1.6282 0.3635
-17.3091 -0.0816 -1.8947 0.3284
30.8357 -2.4847 -1.5130 0.3711
5.3435 9.7575 -1.5638 0.2841
24.1717 5.9234 -1.4071 0.3805
14.2343 -8.0848 -1.4905 0.3769
17.6001 2.1635 -1.6043 0.3650
17.9679 -0.3073 -1.6011 0.3946
27.5060 5.8670 -1.3810 0.3139
11.8163 9.9463 -1.5148 0.3656
-8.3070 4.8861 -1.6703 0.3527
-19.0294 7.2986 -1.7514 0.3549
11.3750 0.0527 -1.6471 0.3267
-21.0188 -2.5280 -1.9180 0.3579
-10.5224 2.8656 -1.8432 0.3570
-21.3576 4.9884 -1.7706 0.3362
7.9333 -5.4493 -1.5342 0.3486
-15.3797 0.0677 -1.8819 0.3237
11.6244 -7.7242 -1.5112 0.3421
22.4519 -5.6729 -1.4208 0.3692
24.3128 7.6372 -1.4036 0.3696
-6.4274 -7.1054 -1.6494 0.3654
7.9373 6.2270 -1.5363 0.3692
8.7806 -2.5481 -1.6704 0.3695
3.3732 3.2704 -1.7190 0.3371
14.3068 8.2065 -1.4902 0.3568
-12.3948 5.6180 -1.7011 0.3717
33.7546 6.5188 -1.3293 0.3224
-19.1152 -4.7770 -1.7541 0.3223
24.7533 -2.7665 -1.5570 0.3212
10.6458 4.6558 -1.5101 0.3143
-10.3087 5.5447 -1.6847 0.3290
19.7405 5.8010 -1.4418 0.3395
-19.9311 4.8022 -1.7601 0.3802
21.4651 -5.3675 -1.4285 0.3413
10.3991 -4.2183 -1.6609 0.3197
-18.3550 8.8408 -1.7441 0.3533
-20.2297 1.0772 -1.9131 0.3462
20.0502 5.0890 -1.4391 0.3344
-7.4238 1.9839 -1.8189 0.3382
28.3581 8.4900 -1.3675 0.3713
20.7244 7.3756 -1.4343 0.3218
16.8914 -4.7725 -1.4623 0.3167
-8.2836 7.6942 -1.6623 0.3593
17.5367 -3.9992 -1.6065 0.3377
31.8889 -1.1804 -1.5063 0.3810
-19.5064 7.0247 -1.7556 0.3469
-5.4302 -3.5196 -1.7990 0.3480
-10.9197 -4.1846 -1.8434 0.3657
-1.4050 3.3731 -1.7629 0.3166
19.5400 9.9935 -1.4457 0.3568
3.4546 -7.3789 -1.5740 0.3427
9.2438 4.0212 -1.6697 0.3705
-6.1507 0.5391 -1.8087 0.3371
-16.5226 -1.7877 -1.8888 0.3535
-8.9840 4.9972 -1.6756 0.3428
26.5808 1.0967 -1.5460 0.3583
11.1450 5.9562 -1.5099 0.3450
-2.3207 4.8771 -1.6200 0.3552
22.3944 9.7024 -1.4189 0.3851
-21.1326 6.2173 -1.7691 0.3443
-9.7665 -8.6640 -1.6714 0.3581
-11.1938 5.5916 -1.6916 0.3957
34.1219 2.9941 -1.4851 0.3578
17.3659 -8.2042 -1.4639 0.3013
12.0672 2.1098 -1.6434 0.3367
-24.7009 5.0161 -1.7956 0.3259
-13.9414 -6.0561 -1.7121 0.3684
13.1325 -1.3018 -1.6345 0.3481
-2.2168 0.8497 -1.7716 0.3713
30.4568 -1.7369 -1.5171 0.3622
20.8835 7.5201 -1.4330 0.3621
1.8430 -6.6219 -1.5855 0.3255
19.9709 5.4311 -1.4399 0.3601
33.5243 5.5618 -1.3339 0.3773
2.6588 -1.0394 -1.7242 0.3211
13.5516 0.7896 -1.6311 0.3437
30.1199 -6.9288 -1.3571 0.3571
-10.0795 -6.0968 -1.6812 0.3520
28.1935 0.6333 -1.5349 0.3787
-19.1473 -5.5064 -1.7538 0.3646
13.9069 6.1293 -1.4883 0.3581
21.9703 2.3244 -1.5758 0.3664
11.8764 -8.8684 -1.5121 0.3653
4.7321 -2.8425 -1.7062 0.3508
12.0408 7.1685 -1.5062 0.3429
-15.9002 -4.4511 -1.7308 0.3698
-12.0658 4.3944 -1.7018 0.3351
-8.8060 -8.1240 -1.6653 0.3486
10.8668 8.6107 -1.5196 0.3269
1.5141 -1.0131 -1.7353 0.3646
-10.3314 -0.1687 -1.8446 0.3747
27.9686 1.3966 -1.5361 0.3313
-2.5647 -2.7314 -1.7740 0.3469
1.7619 4.5057 -1.5846 0.3404
-0.4179 -9.7083 -1.6028 0.3715
-14.0834 -6.7559 -1.7115 0.3783
18.8976 -6.2236 -1.4488 0.3404
1.9075 2.7068 -1.7321 0.2882
-24.0246 7.8120 -1.7942 0.3731
32.8408 -8.7272 -1.3305 0.3509
23.9458 7.0492 -1.4074 0.3510
18.4136 6.3903 -1.4528 0.3693
27.1455 -8.4675 -1.3778 0.3427
29.4084 -7.1354 -1.3623 0.3374
-4.7506 -2.9991 -1.7937 0.3429
11.6575 -7.7066 -1.5109 0.3598
11.5285 5.1657 -1.5045 0.3676
-8.9620 0.0814 -1.8334 0.3827
-11.6829 -1.7847 -1.9406 0.3581
-18.1656 4.4990 -1.7474 0.3471
14.5589 -4.1421 -1.6285 0.3677
21.8551 7.4306 -1.4247 0.3306
20.6572 3.0793 -1.5844 0.3784
-6.0235 -3.0699 -1.8050 0.3542
-12.6844 0.7975 -1.8626 0.3454
2.2169 -4.8110 -1.5809 0.3306
7.8088 9.6996 -1.5459 0.3625
30.1452 -1.2879 -1.5200 0.3444
27.4894 7.9355 -1.3761 0.3481
29.9635 9.5604 -1.3517 0.3166
26.0157 0.7158 -1.5500 0.3413
32.8749 4.5999 -1.3418 0.3386
2.9300 1.4449 -1.7218 0.3584
-22.1516 -8.1686 -1.7782 0.3446
-19.9863 9.0484 -1.7588 0.2970
-1.5834 -0.8673 -1.7654 0.3417
-9.5388 7.8813 -1.6717 0.3209
-14.8036 3.1121 -1.8752 0.3291
32.1922 -7.8962 -1.3378 0.3701
-13.2748 -1.6589 -1.8662 0.3162
32.5628 -6.0830 -1.3401 0.3559
20.6503 -6.6028 -1.4348 0.3399
13.4567 4.3018 -1.4872 0.3360
15.5611 -9.3996 -1.4816 0.3304
-5.1115 9.3228 -1.6352 0.3564
13.7856 -1.0015 -1.6295 0.3586
-13.7985 -0.2048 -1.8709 0.3155
31.2623 -4.0114 -1.5064 0.3730
-6.8924 -8.2877 -1.6502 0.3263
-9.6888 1.7649 -1.8383 0.3578
17.6698 -3.1049 -1.6046 0.3264
14.3869 2.4815 -1.6268 0.3408
2.0779 1.1154 -1.7298 0.3244
12.9468 -5.6618 -1.4947 0.3394
-15.4304 -0.7669 -1.8821 0.3460
15.3997 -3.8387 -1.6217 0.3270
-8.7634 -5.2055 -1.6732 0.3563
-8.6298 5.3941 -1.6716 0.3589
-15.2692 -9.7619 -1.7153 0.4041
-5.0574 -4.6223 -1.6438 0.3686
-5.1249 0.6217 -1.7992 0.3735
2.2507 -0.4771 -1.7280 0.3146
-13.5748 8.8033 -1.7023 0.3108
-13.4195 6.8731 -1.7058 0.3441
7.5043 5.0321 -1.5366 0.3857
-17.2674 0.2816 -1.8944 0.3995
16.3338 -1.4219 -1.6122 0.3362
31.6368 -9.2686 -1.3388 0.3383
0.6077 6.4334 -1.5952 0.3609
29.0663 -1.3857 -1.5281 0.3461
-19.1010 -3.5807 -1.9049 0.3466
-22.4225 2.1327 -1.9271 0.3627
18.2821 5.0828 -1.4524 0.4043
20.6613 0.4610 -1.5842 0.3761
25.5835 -7.0083 -1.3939 0.3874
-21.5909 8.4329 -1.7733 0.3131
21.6144 -7.7430 -1.4267 0.3715
-2.4077 9.3914 -1.6163 0.3310
-6.7997 -1.1505 -1.8142 0.3835
-14.6186 8.9325 -1.7110 0.3771
34.7609 8.2930 -1.3168 0.3621
-21.1802 -1.8747 -1.9191 0.3351
24.6205 6.0005 -1.4035 0.3403
13.3697 -8.2045 -1.4981 0.3419
19.1048 -8.3453 -1.4488 0.3652
17.7030 -2.8809 -1.6042 0.3581
26.5061 2.1957 -1.5455 0.3784
-13.9725 -9.8136 -1.7038 0.3822
-24.9505 0.3035 -1.9428 0.3331
10.9117 9.5129 -1.5214 0.3595
-3.7685 7.1689 -1.6287 0.3593
-17.5728 -5.3506 -1.7419 0.3481
-13.8317 0.5614 -1.8711 0.3688
-5.0950 -6.5718 -1.6402 0.3598
-20.7860 -4.7348 -1.7664 0.3385
-21.5852 8.4600 -1.7733 0.3472
29.9616 9.9556 -1.3510 0.3430
-6.2738 -5.1488 -1.6529 0.3354
33.9338 -5.7586 -1.3300 0.3483
32.8620 -2.3228 -1.4969 0.3241
-16.4457 -1.0829 -1.8888 0.3595
17.8955 -8.2150 -1.4593 0.3781
11.0483 -7.0458 -1.5139 0.3510
16.4388 -1.5035 -1.6115 0.3689
-19.2285 -5.2916 -1.7546 0.3531
-13.6864 6.8987 -1.7079 0.3296
-20.4017 5.0309 -1.7635 0.3901
11.2481 0.7268 -1.6483 0.3016
34.1955 -1.3474 -1.4868 0.3502
15.3191 6.6198 -1.4782 0.3346
17.6457 -6.6801 -1.4594 0.3816
34.0751 7.7478 -1.3234 0.3543
15.6807 -9.0185 -1.4799 0.4011
-22.5891 8.4679 -1.7822 0.3507
27.0203 -7.2238 -1.3816 0.3348
-3.1193 6.2420 -1.6250 0.3158
-24.7382 -9.6391 -1.8027 0.3721
5.4341 6.3016 -1.5566 0.3333
31.2209 1.6814 -1.5112 0.3416
-9.5602 -9.6193 -1.6677 0.3746
4.4908 5.4842 -1.5626 0.3711
-14.5734 -7.9689 -1.7126 0.3378
-21.5384 0.7981 -1.9213 0.3409
-20.1673 -3.3599 -1.9123 0.3149
18.6207 5.1834 -1.4499 0.3089
26.8445 7.0644 -1.3834 0.3653
-16.4021 -0.7145 -1.8887 0.3675
-7.7009 5.1588 -1.6647 0.3571
-13.2982 8.3325 -1.7010 0.3537
-23.3887 3.7840 -1.9346 0.3359
8.2059 -3.5602 -1.6772 0.3794
16.9953 -0.7338 -1.6075 0.3143
13.8726 -5.4000 -1.4867 0.3406
-1.7168 -0.8318 -1.7667 0.3532
8.3006 -5.0822 -1.5302 0.3500
-19.3540 6.1450 -1.7549 0.3500
-15.7418 2.1983 -1.8831 0.3396
30.9077 2.6649 -1.5121 0.3608
20.6905 -7.7947 -1.4346 0.3257
30.3643 -9.9708 -1.3476 0.3471
30.0008 5.7837 -1.3615 0.3586
13.9636 0.8461 -1.6281 0.3433
30.6943 8.6311 -1.3478 0.3501
0.0022 0.7448 -1.7500 0.3543
-24.7830 -5.7064 -1.7973 0.3148
-21.2457 3.9695 -1.9197 0.3167
-18.4308 4.0197 -1.8998 0.3527
-19.2788 -8.6893 -1.7526 0.3378
-3.8979 3.8730 -1.7849 0.3390
17.0762 -5.7494 -1.4625 0.3614
22.4389 -4.9096 -1.4214 0.3302
10.4128 -9.3717 -1.5251 0.3017
-16.2138 2.5474 -1.8860 0.3831
19.8741 4.6346 -1.4402 0.3742
-3.7119 -5.3902 -1.6311 0.3739
-24.2204 5.8508 -1.7932 0.3276
-8.1647 5.2406 -1.6682 0.3485
-5.1640 -1.8047 -1.7989 0.3246
-8.5453 -8.6355 -1.6620 0.3488
23.7122 -4.3963 -1.4125 0.3430
20.5956 -6.6914 -1.4353 0.3284
16.7331 9.1764 -1.4708 0.3601
-16.6597 6.3549 -1.7331 0.3448
23.4700 -8.4325 -1.4100 0.3845
15.6306 0.2692 -1.6164 0.3517
-13.3097 -4.6623 -1.7108 0.2990
13.8856 -9.3576 -1.4962 0.3138
4.0107 -3.5540 -1.7136 0.3919
1.3610 -7.4483 -1.5898 0.3428
-18.2726 -5.5454 -1.7470 0.3548
6.0983 -3.4692 -1.6951 0.3502
-19.0041 -1.8222 -1.9051 0.3783
-15.1448 -0.6312 -1.8802 0.3119
-17.0472 0.4039 -1.8930 0.3766
32.2465 -2.6000 -1.5015 0.3752
-7.9081 -0.0330 -1.8244 0.3501
-3.6877 -1.6428 -1.7853 0.3583
-5.6752 9.2888 -1.6392 0.3426
28.8950 -8.6472 -1.3626 0.3163
8.7780 1.7190 -1.6692 0.3616
30.1496 -6.1271 -1.3593 0.3549
-7.0045 -2.4912 -1.8145 0.3553
-18.1099 0.9293 -1.8997 0.3596
8.3731 5.1962 -1.5300 0.3379
-4.2678 9.5546 -1.6289 0.3799
23.1144 -0.1276 -1.5689 0.3502
27.7654 -4.8604 -1.3814 0.3608
3.3544 5.8315 -1.5725 0.3446
33.2815 -5.5686 -1.3358 0.3710
8.1808 0.1568 -1.6733 0.3521
-8.7448 6.9342 -1.6681 0.3483
4.3385 -1.9240 -1.7088 0.3741
-22.7614 1.1396 -1.9290 0.3155
23.2401 -7.6090 -1.4128 0.3444
-18.9139 -8.8806 -1.7491 0.3377
-6.4751 9.7256 -1.6443 0.3575
8.9190 -6.4221 -1.5291 0.3563
-22.4215 -3.2890 -1.9276 0.3498
-20.2410 0.0937 -1.9132 0.3357
16.7670 -2.5106 -1.6102 0.3495
-20.6934 -8.0532 -1.7654 0.3565
3.6250 -6.0617 -1.5707 0.3464
-4.6783 -0.1310 -1.7952 0.3722
-11.3152 -1.2240 -1.8519 0.3622
-13.6733 5.9639 -1.7102 0.3504
20.8047 -3.7642 -1.5834 0.3031
32.0925 8.8063 -1.3362 0.3456
-16.5892 -4.3438 -1.7361 0.3626
32.5809 -3.3740 -1.4972 0.3444
10.6858 8.9863 -1.5220 0.3561
13.4996 6.8097 -1.4934 0.3455
17.5956 -3.6606 -1.6057 0.3546
17.2471 -2.0943 -1.6066 0.3780
24.1887 6.8452 -1.4057 0.3657
4.0081 -8.2782 -1.5712 0.3241
7.0015 -4.1065 -1.6886 0.3168
-5.5704 0.6311 -1.8034 0.3589
-18.6845 6.5781 -1.7492 0.3734
14.8784 1.2923 -1.6220 0.3168
-22.9834 -0.2044 -1.9303 0.3458
-8.4619 9.2424 -1.6600 0.3975
-19.3462 -7.6718 -1.7538 0.3446
-13.5564 5.6013 -1.7103 0.4005
13.3239 -7.4593 -1.4966 0.3335
12.7086 4.6565 -1.4938 0.3371
0.2633 0.8618 -1.7474 0.3359
-19.5897 -4.7071 -1.7576 0.3244
1.0024 0.8667 -1.7402 0.3162
-3.8353 7.5883 -1.6286 0.3456
18.2275 -0.5563 -1.5995 0.3529
9.7416 -9.8684 -1.5314 0.3357
4.4939 -8.8679 -1.5686 0.3405
4.2189 2.6527 -1.7107 0.3789
32.9778 3.5586 -1.4935 0.3694
20.3777 -1.9645 -1.5861 0.3448
4.8188 -5.1444 -1.5592 0.3586
3.7534 4.3193 -1.5670 0.3173
-23.4113 -3.9168 -1.9349 0.3554
31.5506 -8.5198 -1.3412 0.3488
-5.8496 -1.8078 -1.8051 0.3425
-9.6437 0.7828 -1.8388 0.3507
34.9645 9.3126 -1.3132 0.3474
18.1214 1.8444 -1.6006 0.3237
-22.1582 -5.8336 -1.7770 0.3836
-21.2869 6.6439 -1.7704 0.3690
-23.4699 -4.1704 -1.9355 0.3422
10.9771 9.1856 -1.5201 0.3148
-20.7061 -3.4938 -1.9159 0.3009
31.0033 8.1904 -1.3465 0.3901
31.2144 7.5791 -1.3465 0.3465
7.7632 7.2799 -1.5406 0.3653
11.9983 -9.2123 -1.5118 0.3310
-7.4863 6.9974 -1.6580 0.3439
-21.1616 4.4260 -1.7691 0.3449
19.2476 -3.3140 -1.5940 0.3548
-18.8928 -0.1980 -1.9048 0.3518
-19.8665 2.7983 -1.9104 0.3316
-6.3266 8.8707 -1.6447 0.3313
-24.2521 5.6017 -1.7930 0.3484
1.0421 -1.4300 -1.7399 0.3149
17.4609 2.9084 -1.6058 0.3335
23.0809 -6.2826 -1.4154 0.3469
11.2584 -1.5212 -1.6489 0.3579
25.8125 5.8260 -1.3944 0.3801
-0.6099 2.1318 -1.7558 0.3405
25.9263 5.6650 -1.3938 0.3507
5.3884 0.1963 -1.6982 0.3127
-11.6178 -2.3971 -1.8609 0.3567
31.6487 4.8508 -1.3510 0.3318
-8.5017 -8.1249 -1.6629 0.3438
-23.4279 9.5721 -1.7906 0.3595
-10.4396 8.9675 -1.6761 0.3604
-2.9987 7.6074 -1.6223 0.3209
-3.9190 7.6856 -1.6291 0.3660
6.4801 0.2211 -1.6883 0.3492
27.9876 -0.0411 -1.5365 0.3753
-7.4597 6.4016 -1.6594 0.3792
6.2462 -4.3349 -1.5455 0.3821
-4.5917 6.9983 -1.6354 0.3215
24.3064 -5.9824 -1.4060 0.3580
-15.5439 7.5821 -1.7216 0.3185
-18.7894 0.8217 -1.9040 0.3760
5.1797 6.8642 -1.5598 0.3789
15.3133 -0.1371 -1.6185 0.3696
22.7315 2.1686 -1.5709 0.3415
10.3775 8.5357 -1.5234 0.3609
21.4310 -1.6358 -1.5794 0.3390
-1.4374 -5.5943 -1.6119 0.3503
-23.0279 -8.1804 -1.7859 0.3482
-18.0340 1.7996 -1.8988 0.3100
-22.6766 2.2217 -1.9288 0.3338
-5.2634 2.4141 -1.7991 0.3954
4.7295 -9.2567 -1.5675 0.3483
-3.6210 -9.4517 -1.6246 0.3532
8.6360 7.9083 -1.5355 0.3498
3.8365 3.9100 -1.7157 0.3418
15.6766 -7.7337 -1.4776 0.3507
15.0177 -8.5073 -1.4848 0.3419
-5.9162 -6.7629 -1.6462 0.3043
-4.2271 6.1384 -1.6341 0.3657
10.1089 4.4617 -1.5139 0.3823
10.7859 2.7731 -1.6545 0.3267
-6.1180 2.8158 -1.8062 0.3417
-5.1809 7.1775 -1.6396 0.3800
16.6427 -3.3308 -1.6120 0.3346
13.8446 -3.5554 -1.6326 0.3578
-16.8970 -1.4915 -1.8916 0.4365
1.4625 9.7935 -1.5903 0.3626
28.5624 1.0980 -1.5320 0.3514
-22.8217 0.9380 -1.9293 0.3676
26.3098 6.1919 -1.3897 0.3655
-15.2093 -6.4387 -1.7213 0.3368
5.4349 -1.8920 -1.6987 0.3153
0.4602 2.8272 -1.7457 0.3619
-24.3922 9.7603 -1.7997 0.3649
29.9238 -6.9106 -1.3588 0.3440
2.2955 -0.9595 -1.7277 0.3829
32.2561 8.1116 -1.3367 0.3789
-7.7954 4.5106 -1.6671 0.3655
26.9765 2.2756 -1.5421 0.3444
30.3434 -4.8578 -1.3614 0.3082
8.4099 -6.2558 -1.5326 0.3465
-12.8393 -2.5158 -1.8618 0.3133
16.1148 -4.8978 -1.4684 0.3029
7.9387 6.1695 -1.5362 0.3629
31.6718 4.4141 -1.3520 0.3734
1.3563 6.7040 -1.5894 0.3110
-8.8892 -6.5784 -1.6703 0.3449
-16.7028 -3.8006 -1.8878 0.3497
16.9180 5.3710 -1.4631 0.3442
33.4466 -6.7290 -1.3312 0.3224
-23.2994 -7.0879 -1.7872 0.3766
19.4267 -2.3388 -1.5923 0.3230
30.6158 -6.2713 -1.3551 0.3110
-20.5131 -8.4219 -1.7637 0.3225
-18.3898 -3.7445 -1.8998 0.3596
16.5174 7.5120 -1.4701 0.3447
13.8778 -8.8693 -1.4953 0.3346
-20.8704 1.3221 -1.9171 0.3606
25.0654 1.2601 -1.5561 0.3567
6.4054 0.6168 -1.6890 0.3039
29.4318 0.1102 -1.5260 0.3604
27.6795 -9.6553 -1.3710 0.3736
23.7505 -9.0510 -1.4069 0.3475
5.9539 0.2241 -1.6930 0.3453
-9.8974 9.3662 -1.6708 0.3879
5.3585 -1.8405 -1.6994 0.3358
-18.9513 -0.5535 -1.9051 0.3467
14.5308 9.6413 -1.4911 0.3566
-16.9614 5.5823 -1.7369 0.3510
5.6704 5.4022 -1.5527 0.3446
-21.7371 0.0947 -1.9225 0.3518
-7.0293 7.9583 -1.6520 0.3814
-11.0752 1.6235 -1.8496 0.3662
12.2019 3.1339 -1.6442 0.3485
22.2072 5.7511 -1.4226 0.3327
-21.5618 -1.8683 -1.9215 0.3354
26.0170 9.0654 -1.3866 0.3690
26.6461 9.7601 -1.3799 0.3181
-4.4639 1.7428 -1.7925 0.3981
14.5402 -5.5589 -1.4819 0.3494
-0.8432 5.4980 -1.6070 0.3224
-15.7485 -3.5572 -1.8813 0.3536
6.7197 1.5421 -1.6868 0.3340
-19.8184 -8.2659 -1.7576 0.3416
27.7083 6.1478 -1.3787 0.3198
30.4574 9.1817 -1.3485 0.3452
24.2968 -8.1156 -1.4031 0.3075
8.7517 4.6320 -1.5253 0.3380
8.4559 7.2168 -1.5350 0.3335
34.0764 -7.8099 -1.3233 0.3400
-10.1259 -5.0641 -1.6846 0.3347
-20.4431 -2.1626 -1.9143 0.3507
8.7165 6.7352 -1.5316 0.3678
-5.2729 -0.1314 -1.8007 0.3572
-5.6597 -7.2607 -1.6431 0.3760
-24.5749 -4.8726 -1.7945 0.3400
10.7744 -0.6524 -1.6520 0.3565
-9.1580 -9.2147 -1.6654 0.3573
-13.7285 2.6199 -1.8682 0.3730
-22.5741 -9.4936 -1.7827 0.3354
-3.1383 5.6174 -1.6260 0.3658
27.7381 4.6770 -1.3821 0.3329
-4.7998 7.3088 -1.6364 0.3386
15.7445 -6.8457 -1.4752 0.3428
20.3928 2.0517 -1.5860 0.3591
-5.3140 5.6206 -1.6439 0.3283
24.2984 0.3150 -1.5614 0.3310
16.5128 -7.3839 -1.4699 0.3371
8.5545 -8.0215 -1.5364 0.3510
-24.9405 2.1179 -1.9437 0.3313
-22.8946 -0.0478 -1.9297 0.3553
34.4520 8.5912 -1.3185 0.3428
21.9370 6.6768 -1.4243 0.3632
31.2539 4.4750 -1.3552 0.3513
29.1382 9.6479 -1.3585 0.3850
-23.7734 3.8922 -1.9374 0.3524
22.5108 -8.1527 -1.4187 0.3256
2.0687 -8.4487 -1.5853 0.3457
22.3735 6.3174 -1.4210 0.3504
-24.5971 -2.7859 -1.9420 0.3318
-7.7080 8.4857 -1.6559 0.3803
20.0794 -7.6351 -1.4399 0.3438
22.5812 -6.0243 -1.4195 0.3371
12.1829 5.4633 -1.5002 0.3536
-6.9246 6.9495 -1.6537 0.3319
-6.3782 7.3439 -1.6485 0.3693
33.0058 -8.0172 -1.3311 0.3653
1.3527 -2.3640 -1.7372 0.3526
1.8275 2.9277 -1.7330 0.3618
8.1400 8.3759 -1.5405 0.3400
-0.4299 -5.2197 -1.6036 0.3199
8.1603 2.0069 -1.6748 0.3435
0.9401 -7.1296 -1.5928 0.3400
24.6029 4.9456 -1.4052 0.3093
29.5431 -7.4495 -1.3603 0.3288
30.9266 9.9997 -1.3430 0.3254
8.8578 -8.1547 -1.5344 0.3289
1.5289 3.7067 -1.7361 0.3767
17.3144 5.5408 -1.4603 0.3602
25.2994 -4.8402 -1.4002 0.3693
8.7789 -4.9034 -1.5258 0.3602
16.9989 1.9229 -1.6081 0.3717
19.9838 2.6095 -1.5888 0.3505
15.5836 4.4105 -1.4714 0.3803
19.7680 1.6059 -1.5899 0.3254
-12.4813 -6.5107 -1.6992 0.3486
4.9025 8.4829 -1.5650 0.3295
10.2961 -6.6678 -1.5188 0.3748
-24.8513 1.3048 -1.9425 0.3584
26.3577 8.4001 -1.3847 0.3737
11.6015 8.2594 -1.5128 0.3219
-17.2518 -6.6419 -1.7374 0.3380
23.9814 -5.2279 -1.4095 0.3143
18.0234 2.0370 -1.6014 0.3572
20.4980 -3.2567 -1.5855 0.3414
-1.4775 4.6177 -1.6129 0.3651
26.2521 0.4481 -1.5485 0.3506
-0.1583 -4.6782 -1.6014 0.3074
9.2305 -1.7792 -1.6655 0.3168
-24.9615 3.8222 -1.9458 0.3516
13.6924 5.7028 -1.4889 0.3593
18.0905 -2.6088 -1.6013 0.3057
9.0266 -7.9003 -1.5324 0.3483
4.7935 -2.9345 -1.7058 0.3297
23.5962 2.6094 -1.5649 0.3278
15.8824 5.1966 -1.4707 0.3369
-8.3156 7.5932 -1.6629 0.3525
32.5444 9.2388 -1.3317 0.3359
17.4360 0.5873 -1.6045 0.3103
34.2763 7.6041 -1.3223 0.3523
33.2757 -4.7584 -1.3381 0.3430
30.1346 1.1930 -1.5202 0.3312
20.3223 0.7877 -1.5863 0.3438
11.5658 5.3739 -1.5048 0.3430
-14.6698 5.4625 -1.7193 0.3509
7.6011 -4.2931 -1.6840 0.3450
20.9226 7.7172 -1.4326 0.3533
6.2514 7.8299 -1.5536 0.3490
27.0943 8.9648 -1.3773 0.3664
-18.4206 -0.8471 -1.9017 0.3817
-2.1436 9.7483 -1.6143 0.3497
5.3579 5.6982 -1.5559 0.3376
0.9395 3.0637 -1.7413 0.3213
-18.4848 -1.3548 -1.9020 0.3629
-15.7883 6.8486 -1.7251 0.3320
25.2570 5.2828 -1.3997 0.3970
4.0631 1.7112 -1.7112 0.4056
-22.0767 9.9429 -1.7782 0.3457
-24.0105 -5.0108 -1.7904 0.3167
3.4085 2.8351 -1.7183 0.3631
-15.1373 -3.5775 -1.8768 0.3920
17.3076 -0.8431 -1.6055 0.3238
22.7194 -3.2211 -1.5704 0.3880
-11.3022 -3.3089 -1.8485 0.3130
10.5306 -2.4635 -1.6560 0.3209
-15.7333 -8.8664 -1.7208 0.3562
-6.7850 -9.2028 -1.6475 0.3703
28.3277 4.4984 -1.3780 0.3487
7.6459 -3.7818 -1.6824 0.3590
28.1533 -9.5757 -1.3670 0.3721
-11.4851 -8.3704 -1.6860 0.3744
-5.1985 -6.0830 -1.6420 0.3376
3.2571 -9.0358 -1.5775 0.3327
3.8048 8.9229 -1.5735 0.3711
34.8589 1.3672 -1.4810 0.3591
-18.1333 -2.1195 -1.8993 0.3618
26.1179 0.6542 -1.5494 0.3368
26.8209 -7.7436 -1.3821 0.3628
8.1919 4.0369 -1.6784 0.3281
-4.3578 9.3918 -1.6297 0.3549
6.1536 -7.3869 -1.5534 0.3522
-7.4519 -6.9480 -1.6578 0.3524
22.9464 2.5733 -1.5693 0.3656
4.8967 -6.9614 -1.5622 0.3296
30.5505 -7.4789 -1.3521 0.3635
12.3615 3.4097 -1.6435 0.3504
5.8592 2.3731 -1.6955 0.3342
17.6642 -5.6453 -1.4578 0.3236
5.2360 6.4636 -1.5585 0.3878
29.2704 -7.8950 -1.3614 0.3486
-13.9332 -3.3485 -1.8684 0.3429
33.4009 4.7774 -1.3370 0.3271
23.7314 2.2780 -1.5643 0.3718
26.6440 2.0014 -1.5448 0.3702
3.9745 3.7255 -1.7142 0.3664
25.2321 2.9293 -1.5535 0.3488
-6.5936 7.4854 -1.6498 0.3650
20.7169 1.3753 -1.5839 0.3335
-16.5730 -1.9743 -1.8890 0.3544
-6.5769 5.3218 -1.6550 0.3489
1.7440 -4.8152 -1.5849 0.3553
-5.6608 5.1918 -1.6477 0.3137
-1.7790 -4.4003 -1.6157 0.3874
24.2063 -0.3924 -1.5620 0.3824
-9.5994 4.7839 -1.6812 0.3270
19.7169 2.5532 -1.5905 0.3615
-20.5773 -8.2862 -1.7643 0.3203
20.9443 -1.0688 -1.5824 0.3517
22.5214 6.2371 -1.4199 0.3061
-0.8981 9.9353 -1.6059 0.3442
18.3487 -0.6640 -1.5987 0.3402
29.9083 -8.2815 -1.3551 0.3731
23.0428 -2.6763 -1.5686 0.3834
-1.5732 -0.2015 -1.7654 0.3838
4.0528 -8.5314 -1.5712 0.3732
21.7615 7.2852 -1.4255 0.3516
-7.4443 0.7758 -1.8201 0.3578
23.2330 -1.6777 -1.5678 0.3577
-5.3157 -2.0563 -1.8000 0.3264
23.3594 -9.4338 -1.4101 0.3729
-19.7920 0.3775 -1.9104 0.3638
-22.3362 -0.4885 -1.9262 0.3647
34.8605 -3.0823 -1.4786 0.3044
27.1674 3.1735 -1.5394 0.3591
27.9708 -1.7794 -1.5357 0.3701
32.0768 1.4353 -1.5046 0.3497
1.2990 7.7008 -1.5904 0.3400
-7.7899 -2.7223 -1.8209 0.3228
-17.1985 -2.0415 -1.8932 0.3213
5.0725 7.3181 -1.5615 0.3531
-11.7971 -2.8381 -1.8533 0.3453
31.1331 -1.2127 -1.5124 0.3450
-24.7598 6.0162 -1.7976 0.3806
-16.4082 1.8373 -1.8880 0.3249
-10.2114 8.6777 -1.6749 0.3431
-13.0626 -0.5867 -1.8655 0.3839
-11.4533 -0.4195 -1.8534 0.3438
14.3629 -9.1414 -1.4917 0.3513
-5.3493 -6.0539 -1.6433 0.3465
11.9015 0.8000 -1.6433 0.3641
28.4155 -6.2578 -1.3727 0.3089
11.1534 -0.9283 -1.6492 0.3459
16.6720 -4.3337 -1.4633 0.3511
-3.0698 -9.5837 -1.6206 0.3300
-15.4157 -0.4978 -1.8821 0.3569
-5.7650 2.9254 -1.8029 0.3657
32.8570 -3.2353 -1.4952 0.3590
12.3087 5.5305 -1.4994 0.3856
-8.3493 -7.0789 -1.6645 0.3413
2.0549 -8.1742 -1.5852 0.3600
25.1308 8.6968 -1.3950 0.3595
15.1066 8.4331 -1.4839 0.3453
8.6392 -1.8691 -1.6706 0.3727
28.1098 -1.6014 -1.5348 0.3558
15.3464 7.0207 -1.4789 0.3260
13.5638 0.6104 -1.6309 0.3650
-13.6139 -7.6577 -1.7053 0.3400
-18.6167 -7.7025 -1.7475 0.3435
32.9085 -7.3774 -1.3336 0.3450
10.9315 5.6153 -1.5106 0.3647
-0.0590 2.0379 -1.7506 0.3716
10.3412 -4.0047 -1.6608 0.3468
-21.2913 -6.7585 -1.7704 0.3457
24.3276 -7.5307 -1.4036 0.3091
-12.0013 4.8278 -1.7002 0.3358
23.2728 7.7173 -1.4124 0.3311
7.0627 0.6216 -1.6832 0.3562
-8.4057 5.4542 -1.6696 0.3479
-23.1874 -4.3374 -1.7836 0.3318
23.9500 1.7133 -1.5632 0.3531
-14.4124 -1.2392 -1.8748 0.3486
-21.8917 -8.2461 -1.7759 0.2992
20.3527 -0.2527 -1.5861 0.3722
-3.9974 6.9357 -1.6309 0.3702
-1.6400 -8.9643 -1.6113 0.3452
-10.1759 -0.4579 -1.8433 0.3571
26.5507 7.4653 -1.3850 0.3435
-7.1602 5.8014 -1.6585 0.3179
-12.3884 -0.1310 -1.8606 0.3933
-6.4450 -6.5731 -1.6508 0.3650
-12.8110 6.9705 -1.7006 0.3688
-5.9407 -6.9373 -1.6460 0.3443
-20.0238 -4.4636 -1.7609 0.3725
-15.4882 -7.5145 -1.7213 0.3226
0.0232 -0.8198 -1.7498 0.3451
27.7680 2.5840 -1.5360 0.3648
-21.5626 6.5424 -1.7726 0.3375
-12.2395 -0.7732 -1.8593 0.3682
29.5007 9.4144 -1.3559 0.3561
28.4009 1.9171 -1.5324 0.3542
15.7670 2.0882 -1.6166 0.3356
-10.5716 -6.4942 -1.6839 0.3581
0.1886 -6.1977 -1.5985 0.3887
-12.3267 1.5325 -1.8593 0.3535
-17.2847 4.4176 -1.7411 0.3611
-2.2001 -5.9059 -1.6180 0.3641
9.5493 -0.3196 -1.6618 0.3271
-3.4040 -2.8760 -1.7816 0.3473
11.6495 -1.2247 -1.6455 0.3467
-7.2247 -5.5574 -1.6597 0.3075
-4.2490 -7.1855 -1.6324 0.3658
22.4404 -3.5900 -1.5721 0.3314
27.6989 7.3783 -1.3757 0.3636
-5.6780 6.1045 -1.6458 0.3348
9.2909 -7.9669 -1.5305 0.3908
-8.3103 -8.2438 -1.6611 0.3444
-21.7999 -0.1410 -1.9229 0.3884
19.2714 -4.4524 -1.4445 0.3465
-14.7398 6.4685 -1.7175 0.3489
0.5428 -0.2764 -1.7447 0.3813
4.2227 7.0542 -1.5676 0.3316
-13.9317 -7.8360 -1.7075 0.3510
-19.3267 9.4015 -1.7526 0.3608
-4.1192 5.3420 -1.6346 0.3581
32.1372 4.6375 -1.3477 0.3509
11.9081 8.8043 -1.5116 0.3481
-2.1154 -0.5939 -1.7706 0.3669
-22.6653 -7.0222 -1.7819 0.3535
11.0164 -0.0620 -1.6499 0.3693
-19.4645 6.3045 -1.7557 0.3578
7.5526 7.1909 -1.5420 0.3630
20.1170 -0.2291 -1.5876 0.3727
0.4151 4.6460 -1.5964 0.3438
-7.0353 -5.0609 -1.6594 0.3721
-22.1569 -5.3891 -1.7768 0.3469
-23.5133 1.7252 -1.9340 0.3220
0.8016 -1.5650 -1.7423 0.3434
28.0007 -6.7790 -1.3747 0.3355
-10.3562 5.2272 -1.6860 0.3575
9.4433 0.6429 -1.6852 0.3443
16.0583 0.4078 -1.6135 0.3526
-21.3502 -6.2138 -1.7708 0.3703
-15.8140 -5.1772 -1.7288 0.3797
-5.1234 3.8542 -1.7957 0.3559
15.2056 7.0381 -1.4801 0.3717
1.3421 -6.4558 -1.5894 0.3465
19.0517 6.2469 -1.4476 0.3187
27.0559 5.7619 -1.3848 0.3264
20.5023 6.2982 -1.4360 0.3461
34.5348 1.6349 -1.4835 0.3659
20.2617 -2.9632 -1.5870 0.3461
26.1308 5.4204 -1.3928 0.3737
24.9420 -0.4011 -1.5572 0.3866
18.8159 -5.5627 -1.4488 0.3322
23.1081 -1.9523 -1.5685 0.3925
31.0810 -0.8457 -1.5131 0.3173
3.5124 0.1069 -1.7159 0.3870
13.2972 7.9513 -1.4981 0.3493
5.8964 -1.7767 -1.6944 0.3453
26.0622 -4.3038 -1.3955 0.3498
0.8816 9.2470 -1.5940 0.3340
24.1836 -5.1610 -1.4081 0.3800
22.9613 -9.7777 -1.4136 0.3362
32.7132 6.9964 -1.3362 0.3387
-10.0648 9.0889 -1.6728 0.3224
17.5772 3.6426 -1.6058 0.3354
20.4152 -1.8470 -1.5858 0.3360
31.1767 0.8751 -1.5123 0.3347
29.4141 6.6400 -1.3637 0.3465
9.4116 7.7068 -1.5288 0.3277
9.7492 -7.9495 -1.5268 0.3819
-14.9625 7.3599 -1.7172 0.3469
33.4978 2.3470 -1.4915 0.3575
-9.6990 -9.3544 -1.6693 0.3672
18.4842 -7.8303 -1.4538 0.3905
22.7477 -9.0893 -1.4159 0.3682
1.4729 8.9712 -1.5899 0.3450
-12.3284 -1.4696 -1.9162 0.3285
-13.6624 4.3123 -1.7143 0.3568
26.3898 -9.9657 -1.3819 0.3712
5.6454 5.8634 -1.5539 0.3528
-19.5918 -0.3593 -1.9091 0.3513
18.0212 8.4721 -1.4585 0.3543
-9.9897 0.4179 -1.8418 0.3126
27.5837 5.7760 -1.3806 0.3529
-6.4257 2.5893 -1.8093 0.3646
-12.9838 0.4108 -1.8650 0.3491
-19.9085 8.9649 -1.7581 0.3725
5.6919 -0.0880 -1.6954 0.3731
2.0443 7.8478 -1.5850 0.3399
20.0787 -9.2784 -1.4404 0.3588
2.8762 3.1484 -1.7234 0.3509
-4.3710 8.2332 -1.6315 0.3094
-9.3007 7.9855 -1.6695 0.3463
-8.3112 -0.2989 -1.8278 0.3294
30.6709 -0.5581 -1.5164 0.3527
-15.0953 6.2103 -1.7209 0.3637
34.2906 -3.2997 -1.4831 0.3456
-5.3848 8.7432 -1.6381 0.3320
-19.6966 -4.9863 -1.7583 0.3547
-10.0786 -8.5120 -1.6743 0.3989
-21.4951 5.4385 -1.7718 0.3066
22.4018 -1.9055 -1.5731 0.3547
5.7532 -2.8845 -1.6971 0.3391
-4.7808 -3.5818 -1.7932 0.3415
14.7230 9.6088 -1.4893 0.3479
12.8388 1.4335 -1.6368 0.3431
31.3923 9.8383 -1.3395 0.3620
32.6756 -3.1284 -1.4970 0.3452
15.8410 -1.7206 -1.6157 0.3068
24.0690 -5.7647 -1.4081 0.3756
22.5455 -1.3927 -1.5821 0.3726
4.4782 -8.7599 -1.5685 0.3379
17.2675 -9.9888 -1.4669 0.3510
-20.3045 -0.9385 -1.9136 0.3744
20.4813 4.9205 -1.4359 0.3707
32.7100 -1.2587 -1.4995 0.3771
-19.9015 0.3601 -1.9111 0.3575
25.1669 -1.0877 -1.5555 0.3654
30.9788 0.5361 -1.5140 0.3782
-11.4287 5.5121 -1.6937 0.3431
6.4887 6.0757 -1.5476 0.3588
30.6715 6.7612 -1.3532 0.3071
32.6136 -5.7514 -1.3407 0.3184
-17.3271 -0.8431 -1.8947 0.3600
-4.0597 6.6201 -1.6319 0.3631
16.8887 8.8376 -1.4690 0.3423
-11.7065 0.8597 -1.8552 0.3379
-5.5138 -0.1400 -1.8029 0.3429
-23.6025 5.2919 -1.7877 0.3538
-15.7887 9.8339 -1.7198 0.3037
8.7398 -1.4814 -1.6693 0.3593
14.1854 -6.6980 -1.4876 0.3506
13.9347 6.6861 -1.4896 0.3549
21.7016 4.2085 -1.5771 0.3475
-0.0831 -7.0985 -1.6006 0.3223
-8.5906 -3.5298 -1.8260 0.3280
-24.0652 1.0645 -1.9373 0.3805
-12.6022 4.6293 -1.7054 0.3371
-6.2567 5.6129 -1.6517 0.3662
-14.3076 -6.8854 -1.7130 0.3284
-23.7913 -5.6650 -1.7896 0.3497
-15.5531 4.8825 -1.7274 0.3412
14.9660 -7.6778 -1.4835 0.3443
12.7751 -0.0368 -1.6365 0.3432
31.1410 0.9198 -1.5125 0.3789
22.8901 -3.2129 -1.5693 0.3885
9.0654 5.9267 -1.5264 0.3548
-16.7466 -8.8917 -1.7297 0.3417
8.8443 5.5489 -1.5271 0.3234
-21.3043 2.9207 -1.9200 0.3220
0.8531 0.1444 -1.7416 0.3790
-1.5845 7.4475 -1.6119 0.3206
0.6688 -5.9551 -1.5946 0.3412
-8.2104 6.0155 -1.6664 0.3531
16.1498 -6.2445 -1.4707 0.2980
25.4567 9.8089 -1.3905 0.3250
21.1110 -9.3447 -1.4309 0.3232
12.6651 1.0639 -1.6377 0.3367
7.3007 -6.6397 -1.5425 0.3552
-23.1349 -1.8405 -1.9316 0.3706
18.3760 -7.0411 -1.4538 0.3367
7.6990 -6.1235 -1.5380 0.3408
-8.7555 -8.7804 -1.6633 0.3476
-5.3295 -9.8399 -1.6360 0.3339
31.1364 4.3861 -1.3564 0.3584
12.4617 -0.9308 -1.6391 0.3590
3.5547 -9.0882 -1.5755 0.2956
12.2553 8.7794 -1.5087 0.3628
-0.1755 3.3122 -1.7516 0.3525
3.2109 -4.7145 -1.5722 0.3552
-7.5814 -1.2261 -1.8210 0.3736
1.3912 -0.2147 -1.7364 0.3143
16.1355 1.3986 -1.6135 0.3249
-22.6035 7.1490 -1.7815 0.3486
22.7016 1.7980 -1.5712 0.3036
-8.0212 9.5745 -1.6560 0.3458
15.9536 4.5362 -1.4689 0.3669
13.5635 9.7703 -1.4997 0.3579
14.1577 1.0150 -1.6269 0.3516
11.4877 3.5690 -1.6507 0.3453
32.5461 4.7580 -1.3440 0.3414
5.5006 5.0949 -1.5534 0.3403
18.9391 -9.5114 -1.4511 0.3546
17.3270 -7.4505 -1.4632 0.3190
-10.8239 -5.4456 -1.6891 0.3793
-8.0016 -4.5701 -1.6687 0.3352
0.4410 8.1074 -1.5968 0.3612
-8.3381 4.4521 -1.6717 0.3516
-2.9954 -7.1344 -1.6229 0.3269
-1.5424 -1.4729 -1.7649 0.3759
11.2319 -5.1376 -1.5068 0.3716
-11.8066 6.5973 -1.6935 0.3186
23.2575 8.3559 -1.4119 0.3485
1.2522 -6.7142 -1.5902 0.3541
17.3746 -1.6686 -1.6054 0.3086
-20.1135 9.0567 -1.7600 0.3076
3.1979 3.1418 -1.7205 0.3333
-23.3068 7.3619 -1.7876 0.3237
15.5546 -2.8461 -1.6190 0.3291
-4.3774 -5.8060 -1.6359 0.3237
31.9552 3.8261 -1.5013 0.3476
-5.5525 -7.2515 -1.6423 0.3322
8.8284 6.7980 -1.5309 0.3723
-9.5567 5.0967 -1.6799 0.3536
12.2068 -3.9019 -1.6458 0.3659
3.0225 -0.0258 -1.7206 0.3162
-2.7623 5.9839 -1.6225 0.3374
-12.7786 8.6982 -1.6958 0.3527
-18.3087 -2.9568 -1.8999 0.3591
-17.8073 5.7998 -1.7431 0.3370
34.9424 -6.1107 -1.3209 0.3400
-0.2614 8.0708 -1.6019 0.3422
-24.8842 3.7250 -1.9451 0.3440
32.1757 -6.9452 -1.3406 0.3933
-23.8012 4.7966 -1.7886 0.3563
0.1152 4.4812 -1.5990 0.3508
18.0487 4.8459 -1.4538 0.3248
29.8760 -3.1025 -1.5193 0.3253
17.7732 4.7960 -1.4558 0.3457
2.8175 6.5314 -1.5778 0.3726
33.4665 -3.0574 -1.4905 0.3460
-22.6408 -5.8408 -1.7808 0.3469
34.2135 7.7576 -1.3223 0.3351
25.9635 2.4139 -1.5490 0.3152
30.7358 -0.7923 -1.5158 0.3587
-9.7137 7.5949 -1.6739 0.3449
-16.4525 -7.2799 -1.7298 0.3589
14.7989 6.2117 -1.4814 0.3531
5.9516 -0.1836 -1.6931 0.3307
6.3901 -9.1495 -1.5553 0.3545
30.4771 9.4523 -1.3477 0.3242
12.2049 5.5613 -1.5003 0.3544
-6.3362 -5.7049 -1.6521 0.3487
-0.9960 8.4739 -1.6070 0.3808
-16.9902 8.7069 -1.7321 0.3327
-13.4612 6.0093 -1.7084 0.3235
-16.3990 -7.4566 -1.7290 0.3417
23.6175 -6.2724 -1.4111 0.3622
17.2924 5.0807 -1.4598 0.2940
6.8207 8.2761 -1.5503 0.3675
-2.5379 -5.6996 -1.6210 0.3458
15.1097 -0.7834 -1.6201 0.3272
23.7743 -6.9041 -1.4090 0.3426
27.8740 -0.4398 -1.5373 0.3352
7.8210 2.8506 -1.6791 0.3255
24.1931 -9.6289 -1.4023 0.3112
5.6784 2.8585 -1.6978 0.3646
3.4718 2.7950 -1.7177 0.3388
26.9259 -0.8998 -1.5437 0.3422
-1.8176 7.9080 -1.6133 0.3669
-1.2452 -7.3036 -1.6094 0.3511
-6.7053 -8.9738 -1.6473 0.3188
6.1221 -0.0834 -1.6915 0.3635
7.6910 0.6607 -1.6777 0.3797
14.6277 -4.6662 -1.4791 0.3601
0.8301 9.2326 -1.5944 0.3327
-11.9298 -4.9255 -1.6993 0.3205
27.0105 -4.5968 -1.3878 0.3320
-4.2399 6.2197 -1.6340 0.3521
30.3766 8.4565 -1.3509 0.3785
-12.5588 0.7228 -1.8617 0.3348
8.6034 -9.6189 -1.5397 0.3370
7.1969 -2.8913 -1.6845 0.3704
24.7189 -5.5212 -1.4035 0.3413
-16.6689 0.2204 -1.8905 0.3843
29.5962 3.6514 -1.5203 0.3470
6.8857 -2.1513 -1.6861 0.3734
10.1666 0.7472 -1.7404 0.3577
5.6100 5.1972 -1.5527 0.3641
-22.8385 -5.0771 -1.7817 0.3465
4.8254 -6.0806 -1.5610 0.3478
-9.1870 6.1127 -1.6740 0.3584
-4.4387 -9.2595 -1.6305 0.3660
13.9461 -6.9881 -1.4903 0.3605
4.8618 -9.7529 -1.5672 0.3147
-19.4069 1.1077 -1.9079 0.3552
-20.6175 2.0017 -1.9155 0.3369
-13.8605 0.6206 -1.8712 0.3391
-13.5469 -1.7146 -1.8681 0.3592
11.4980 0.5806 -1.6463 0.3840
-14.3311 -6.1212 -1.7151 0.3454
27.9032 6.5249 -1.3761 0.3895
-12.4144 9.6155 -1.6908 0.3281
-19.5321 0.8125 -1.9087 0.3746
27.5448 -2.5129 -1.5378 0.3586
-7.2803 5.8357 -1.6594 0.3542
0.5254 -6.1386 -1.5958 0.3777
32.5416 -3.5845 -1.4971 0.3373
31.6622 8.7996 -1.3396 0.3756
17.8950 -6.2741 -1.4568 0.3458
-20.8637 -7.7577 -1.7669 0.3372
10.6004 0.9271 -1.7016 0.3235
34.3447 1.7483 -1.4851 0.3817
31.8150 1.9430 -1.5061 0.3728
-18.6399 -6.7104 -1.7487 0.3404
-1.2420 4.4229 -1.6109 0.3609
-6.0678 -5.1544 -1.6512 0.3525
-17.2163 8.9621 -1.7338 0.3429
16.6879 -5.4409 -1.4650 0.3693
-8.5691 -9.6538 -1.6600 0.3375
-4.3081 1.3569 -1.7913 0.3062
-19.5785 -5.9430 -1.7568 0.3552
4.8781 2.5715 -1.7046 0.3513
-15.5099 -5.4157 -1.7260 0.3381
0.9254 -1.4383 -1.7410 0.3322
-16.3995 -6.4097 -1.7310 0.3188
32.2310 -1.4238 -1.5033 0.3427
-16.3010 -7.2696 -1.7285 0.3325
6.3132 -3.2405 -1.6928 0.3693
-13.1812 -6.0214 -1.7062 0.3603
-20.4183 6.3220 -1.7633 0.3403
-12.8615 4.5871 -1.7075 0.3605
-21.7136 -6.6636 -1.7738 0.3479
-16.6362 -8.3419 -1.7295 0.3446
4.6090 -9.4851 -1.5686 0.3489
14.1089 -5.4666 -1.4850 0.3854
-19.7596 -0.3965 -1.9102 0.3629
1.4611 -2.0023 -1.7360 0.3440
9.8748 9.4300 -1.5295 0.3679
-10.9465 5.8449 -1.6889 0.3672
-2.6753 -8.4363 -1.6190 0.3552
-20.6899 -6.8214 -1.7655 0.3434
-11.7921 -9.4680 -1.6859 0.3421
3.0052 -7.2355 -1.5772 0.3285
34.4265 0.5883 -1.4853 0.3536
34.7759 -8.4652 -1.3163 0.3378
33.7773 -8.8026 -1.3232 0.3413
0.3852 -7.6368 -1.5971 0.3625
-20.1592 3.3883 -1.9122 0.3837
-5.5856 -9.6128 -1.6381 0.3575
-10.7371 9.3925 -1.6775 0.3479
-24.1524 -2.3843 -1.9386 0.3496
-19.2860 -3.2683 -1.9063 0.3728
2.1915 -0.5037 -1.7286 0.3578
-4.6203 0.3572 -1.7946 0.3539
-14.1788 -1.5997 -1.8728 0.3553
17.9660 -0.2735 -1.6011 0.3214
-3.5731 -3.2053 -1.7828 0.3578
26.1121 -3.5599 -1.5464 0.3325
-10.5414 -9.4537 -1.6758 0.3579
7.3036 3.4360 -1.6846 0.3353
-13.9516 2.3454 -1.8703 0.3618
4.7180 3.3764 -1.7071 0.3469
-15.8520 8.8211 -1.7219 0.3271
-15.3053 -0.5383 -1.8813 0.3442
11.7334 7.6354 -1.5100 0.3941
-9.1728 -1.1211 -1.8347 0.3045
-14.6580 -0.4477 -1.8769 0.3533
30.7861 2.6591 -1.5131 0.3298
-22.4198 -5.6820 -1.7790 0.3775
8.9089 -5.6529 -1.5269 0.3663
7.8958 0.1966 -1.6757 0.3537
-9.9635 -8.6278 -1.6731 0.3683
2.1663 -5.2668 -1.5817 0.3549
-19.7357 5.8682 -1.7581 0.3501
18.2762 -0.7253 -1.5992 0.3380
-11.6982 -9.4676 -1.6852 0.3428
-13.3969 -8.7852 -1.7008 0.3407
-6.1073 8.3903 -1.6441 0.3502
29.1422 9.1344 -1.3595 0.3122
22.7880 2.8221 -1.5702 0.3706
31.8135 -6.3011 -1.3454 0.3889
14.1177 -2.6383 -1.6290 0.3414
14.7753 -3.8907 -1.6264 0.3735
3.8019 5.7031 -1.5686 0.3473
29.3112 0.7418 -1.5267 0.3380
5.6526 5.5931 -1.5532 0.3424
-3.6964 -2.7898 -1.7844 0.3517
13.4225 7.3902 -1.4956 0.3356
7.7684 -1.4168 -1.6775 0.3621
-17.5588 -1.6525 -1.8958 0.3396
-1.4365 -0.2180 -1.7641 0.3285
-6.2005 1.8361 -1.8082 0.3496
25.8100 7.8822 -1.3904 0.3361
-2.2694 -0.8449 -1.7721 0.3435
24.2933 8.6027 -1.4025 0.3489
1.5434 -2.1266 -1.7353 0.3232
20.2100 -3.5085 -1.5875 0.3792
-16.8831 -4.0991 -1.8886 0.3663
30.4790 -9.5770 -1.3475 0.3374
3.8336 6.9829 -1.5705 0.3496
-9.4121 -8.4153 -1.6693 0.3627
-10.5106 -3.3134 -1.8422 0.3542
-9.0954 -4.9909 -1.6765 0.3876
-2.9965 4.8887 -1.6258 0.3452
18.0512 8.6517 -1.4584 0.3738
31.9762 6.3342 -1.3440 0.3233
15.1422 -3.6000 -1.6232 0.3264
7.8300 -0.8849 -1.6766 0.3837
1.9159 -5.0593 -1.5836 0.3414
24.6917 8.4796 -1.3991 0.3267
25.9794 -7.6251 -1.3895 0.3490
-7.4177 9.0391 -1.6525 0.3753
32.2052 6.2731 -1.3424 0.3347
-1.2931 4.2316 -1.7615 0.3492
23.0047 5.4799 -1.4167 0.3129
33.0092 -3.2131 -1.4940 0.3406
17.2195 -4.0823 -1.6089 0.3699
-15.3070 -2.3716 -1.8799 0.3343
10.1682 -6.3677 -1.5189 0.3246
-17.8734 4.9272 -1.7448 0.3345
22.3485 -0.4991 -1.7103 0.3378
-8.1211 7.7162 -1.6610 0.3653
16.7129 7.5676 -1.4685 0.3576
29.6054 -6.8829 -1.3614 0.3615
-14.1394 -5.6236 -1.7148 0.3506
-1.4285 -1.7872 -1.7637 0.3376
13.8271 -7.6237 -1.4928 0.3345
0.1795 3.7887 -1.7484 0.3586
-14.5109 4.7519 -1.7198 0.3818
-23.2557 4.4270 -1.7842 0.3312
-0.6041 -0.5958 -1.7559 0.3296
13.9525 6.8643 -1.4899 0.3273
9.4391 2.1169 -1.6643 0.3666
-15.6255 9.8722 -1.7183 0.3492
2.0416 6.3088 -1.5837 0.3611
-2.8317 4.4452 -1.6248 0.3398
-8.5479 -7.5339 -1.6648 0.3624
18.7563 6.6520 -1.4503 0.3442
-6.4209 -3.8886 -1.8069 0.3191
7.4085 -1.6217 -1.6808 0.3685
30.3934 -0.7448 -1.5185 0.3493
7.3566 -3.3738 -1.6840 0.3438
12.0214 -7.8312 -1.5082 0.3556
-20.6052 -6.0127 -1.7649 0.3211
-14.3120 6.0693 -1.7150 0.3586
-18.9429 3.0454 -1.9041 0.3381
20.8888 8.8568 -1.4329 0.3469
25.1553 6.4214 -1.3985 0.3728
-13.8127 -1.9556 -1.8698 0.3628
-11.8437 5.7241 -1.6964 0.3465
-5.6076 1.5286 -1.8032 0.3480
10.4647 -4.2740 -1.6605 0.2988
12.3078 9.5018 -1.5099 0.3336
16.2052 8.5698 -1.4746 0.3533
29.3116 -7.7560 -1.3614 0.3347
-7.2976 6.7884 -1.6570 0.3235
14.5255 -8.4463 -1.4889 0.3596
8.5834 8.5764 -1.5376 0.3761
-6.6498 2.4833 -1.8114 0.3356
29.4449 -6.6684 -1.3633 0.3675
-19.2710 6.3452 -1.7541 0.3645
17.7201 0.3156 -1.6027 0.3305
18.6724 -8.8090 -1.4530 0.3354
29.9196 5.9685 -1.3616 0.3861
6.1148 5.7668 -1.5499 0.3277
-5.7027 -0.3588 -1.8046 0.3378
24.6644 4.6222 -1.4052 0.3893
21.2486 -9.1970 -1.4296 0.3386
5.0189 -3.6379 -1.7048 0.3771
21.0714 3.4644 -1.5816 0.3296
-8.9275 -5.3879 -1.6740 0.3528
10.3704 -0.9918 -1.6554 0.3717
26.9110 8.6389 -1.3795 0.3407
-5.9209 6.5350 -1.6468 0.3520
4.0130 1.1599 -1.7114 0.3649
32.0627 1.5343 -1.5046 0.3320
22.8927 7.7401 -1.4156 0.3948
28.2223 7.2612 -1.3716 0.3708
-1.8852 -8.2341 -1.6135 0.3429
34.7903 -0.6885 -1.4820 0.3453
-15.8461 -6.1829 -1.7270 0.3882
6.1262 -8.3356 -1.5557 0.3429
3.7564 -4.1521 -1.7167 0.3406
22.9059 2.2129 -1.5697 0.3729
29.5171 5.8874 -1.3650 0.3220
18.8684 8.2495 -1.4508 0.3484
12.6090 -1.5409 -1.6386 0.3517
0.6458 -1.5535 -1.7438 0.3359
5.6196 -6.9349 -1.5565 0.3187
5.5580 -6.1032 -1.5551 0.3514
-23.7779 -7.9501 -1.7922 0.3638
5.1827 9.5180 -1.5646 0.3364
26.3582 -7.4481 -1.3866 0.3264
17.5564 5.1328 -1.4579 0.3751
22.7425 -3.6447 -1.5700 0.3606
-1.5709 0.7430 -1.7653 0.3428
6.7384 7.4542 -1.5490 0.3684
-22.9910 8.7233 -1.7860 0.3548
-2.0201 -5.1954 -1.6171 0.3858
3.4650 8.2254 -1.5751 0.3633
-9.6875 -4.9590 -1.6814 0.3222
-23.1255 6.0959 -1.7848 0.3368
16.4245 -9.6950 -1.4743 0.3378
1.1053 0.7046 -1.7392 0.3562
-0.0593 4.5163 -1.6005 0.3439
-10.0008 6.7788 -1.6785 0.3275
7.2698 6.8226 -1.5433 0.3618
1.2816 -4.0226 -1.7385 0.3700
3.4391 7.0630 -1.5736 0.3479
9.8523 -3.5271 -1.6636 0.3542
-24.6205 -5.3247 -1.7955 0.3306
29.4618 -9.9705 -1.3552 0.3395
-20.7348 -5.2857 -1.7660 0.3404
2.0555 -7.6312 -1.5848 0.3612
-12.5576 3.4987 -1.8578 0.3551
6.4269 -7.1042 -1.5506 0.3434
-8.1862 1.7077 -1.8258 0.3426
26.6004 -7.4706 -1.3846 0.3106
-1.2184 4.0884 -1.7609 0.3821
13.3253 -4.2891 -1.6382 0.3083
-10.0672 -3.8261 -1.8374 0.3584
-23.8356 2.8077 -1.9368 0.3508
-0.7507 8.7789 -1.6052 0.3447
7.1892 9.8320 -1.5507 0.3498
2.5728 -2.8547 -1.7260 0.3367
32.7209 8.9265 -1.3310 0.3631
17.4104 2.2464 -1.6056 0.3237
34.7402 8.1294 -1.3174 0.3566
-7.2964 -9.4430 -1.6508 0.3364
22.3432 -9.3365 -1.4195 0.3415
8.3335 -8.5085 -1.5393 0.3420
11.7056 6.0879 -1.5058 0.3467
34.1512 -7.2409 -1.3242 0.3600
14.2392 -6.4683 -1.4866 0.3493
28.9290 1.7080 -1.5287 0.3687
18.5450 9.1489 -1.4544 0.3709
-17.3568 1.3422 -1.8947 0.3562
16.9654 4.6519 -1.4616 0.3637
4.0589 -6.2453 -1.5675 0.3905
30.1279 8.2835 -1.3533 0.3217
23.4101 -8.8825 -1.4101 0.3715
-18.7519 -4.3436 -1.7518 0.3809
-16.9651 -0.9255 -1.8923 0.3587
-20.8233 -5.4766 -1.7666 0.3881
4.5947 3.2752 -1.7080 0.3855
-20.1537 3.5758 -1.9121 0.3433
18.4207 -5.7628 -1.4521 0.3448
8.1415 -9.8282 -1.5436 0.3606
25.1531 -8.5137 -1.3950 0.3375
-8.2123 -9.9914 -1.6566 0.4042
6.1484 8.1079 -1.5550 0.3658
-17.9512 2.4333 -1.8979 0.3509
28.0766 -7.2313 -1.3729 0.3218
-14.4997 -8.1497 -1.7116 0.3550
-18.8583 6.3519 -1.7508 0.3263
-12.6970 6.2208 -1.7018 0.3652
23.3739 8.5476 -1.4107 0.3000
-18.6511 -6.8145 -1.7487 0.3777
11.8656 0.4455 -1.6434 0.3415
19.7709 -7.5705 -1.4425 0.3162
20.0649 5.9128 -1.4393 0.3497
-13.5963 -1.7503 -1.8685 0.3503
-21.3026 3.9165 -1.9201 0.3487
1.9284 -9.3937 -1.5870 0.3776
-12.8509 5.5586 -1.7048 0.3576
16.9562 -5.4103 -1.4629 0.3659
-3.5984 6.8561 -1.6279 0.3450
1.9612 -6.2828 -1.5843 0.3585
-18.1909 5.8019 -1.7461 0.3238
9.0530 -7.3179 -1.5306 0.3552
-13.8685 3.2683 -1.8681 0.3348
15.7391 5.5852 -1.4726 0.3764
-20.7299 -2.2753 -1.9162 0.3515
33.5537 -5.1133 -1.3349 0.3633
16.0716 -3.1094 -1.6157 0.3552
-14.0962 -4.0682 -1.8682 0.3861
-24.1543 2.6613 -1.9389 0.3188
-4.9322 -9.1088 -1.6342 0.3477
-15.8312 -9.1713 -1.7211 0.3308
-11.8953 -4.2445 -1.8509 0.3090
27.3650 -4.4605 -1.3854 0.3295
11.1923 -6.4586 -1.5110 0.3734
-14.4125 4.3363 -1.7200 0.3494
8.3996 -9.5247 -1.5411 0.3456
-9.6532 8.4847 -1.6710 0.3655
33.5721 5.1497 -1.3346 0.3523
-23.0346 -1.9408 -1.9310 0.3623
18.9391 7.1787 -1.4493 0.3565
21.3798 2.3631 -1.5796 0.3609
-20.9702 1.4046 -1.9177 0.3410
-14.6878 -3.7396 -1.8733 0.3709
-1.9416 3.2621 -1.7679 0.3258
27.0893 -7.2061 -1.3811 0.3483
7.2200 0.4980 -1.6817 0.3719
14.3184 -7.6778 -1.4889 0.3469
21.9808 -1.0971 -1.6673 0.3414
24.6874 2.3254 -1.5578 0.3958
3.5771 -6.8899 -1.5723 0.3784
5.5276 -5.5576 -1.5542 0.3528
18.0804 6.2652 -1.4553 0.3306
-9.1995 -4.8857 -1.6776 0.3093
26.2694 -8.0889 -1.3861 0.3642
-23.7528 -3.3862 -1.9368 0.3753
-13.2537 8.7028 -1.6998 0.3579
23.0120 3.8757 -1.5680 0.3158
-4.5845 1.5087 -1.7938 0.3532
-16.0100 6.8084 -1.7270 0.3403
-13.7947 3.2037 -1.8677 0.3532
6.8454 6.2229 -1.5451 0.3889
25.7709 3.1431 -1.5495 0.3658
-20.7610 7.2852 -1.7660 0.3615
-23.1711 2.4802 -1.9322 0.3491
2.9101 -4.7025 -1.5748 0.3583
32.3712 -9.1776 -1.3332 0.3355
-8.2594 -7.8936 -1.6616 0.3611
32.5502 0.2489 -1.5014 0.3461
28.2609 9.4354 -1.3663 0.3336
-8.0119 5.1892 -1.6671 0.3663
24.0169 5.5089 -1.4089 0.3054
16.1520 3.2757 -1.6154 0.3391
5.7093 8.0698 -1.5582 0.3623
0.3750 4.7092 -1.5967 0.3745
23.9302 -4.8327 -1.4104 0.3594
22.5848 -0.0104 -1.6336 0.3366
20.4162 -1.9131 -1.5858 0.3490
34.8954 -6.6922 -1.3198 0.3558
3.7107 -5.5525 -1.5692 0.3812
23.4154 -4.2969 -1.5647 0.3684
26.7487 -6.5271 -1.3855 0.3686
-12.3038 -5.6538 -1.7002 0.3513
-22.4760 8.3279 -1.7811 0.3286
-0.7151 -3.1352 -1.7566 0.3219
26.4042 6.5503 -1.3882 0.3440
-7.6538 -8.7122 -1.6550 0.3640
17.0006 9.6362 -1.4690 0.3400
-24.5591 5.2958 -1.7950 0.3614
-3.6781 8.1343 -1.6266 0.3341
11.9310 0.5182 -1.6429 0.3372
-17.2146 2.6908 -1.8927 0.3782
28.7964 -2.7836 -1.5281 0.3653
-15.6236 -1.3594 -1.8831 0.3439
29.5876 5.0149 -1.3669 0.3334
-12.0166 -9.0006 -1.6888 0.3690
34.6567 -9.2690 -1.3155 0.3675
11.2849 7.4984 -1.5133 0.3628
-19.9393 -7.7998 -1.7588 0.3464
-21.0834 4.4206 -1.7686 0.3281
-20.5047 -6.0091 -1.7641 0.3497
10.3936 -2.6758 -1.6574 0.3782
23.5748 -4.1290 -1.5638 0.3318
-0.8222 -0.1933 -1.7581 0.3509
1.6901 6.5332 -1.5867 0.3827
10.3573 7.5107 -1.5208 0.3439
6.9824 -5.5591 -1.5423 0.3475
16.2837 -3.2470 -1.6144 0.3230
3.3071 6.7383 -1.5742 0.3625
17.8316 -8.2073 -1.4598 0.3352
34.8386 -7.6621 -1.3178 0.3189
-3.9821 -0.4084 -1.7886 0.3309
-24.2671 5.8029 -1.7934 0.3542
-17.4625 -3.2805 -1.8938 0.3184
8.2109 -8.6114 -1.5405 0.3223
-4.3445 9.3574 -1.6297 0.3612
31.3990 8.7782 -1.3418 0.3486
12.6468 3.0380 -1.6406 0.3317
6.2213 3.6375 -1.6943 0.3436
22.8824 8.6739 -1.4150 0.3848
-9.4846 2.8773 -1.8348 0.3756
24.1843 5.7682 -1.4072 0.3479
-24.8163 -0.7297 -1.9421 0.3663
12.1806 -5.4399 -1.5001 0.3524
31.0854 6.6506 -1.3502 0.3145
22.2716 3.6876 -1.5733 0.3109
26.2181 -4.2088 -1.5445 0.3318
-1.1827 2.4655 -1.7612 0.3185
24.4543 6.3297 -1.4043 0.3554
8.0499 -4.5931 -1.5310 0.3390
12.1124 5.3630 -1.5004 0.3585
-21.4651 -8.5531 -1.7722 0.3588
-12.9069 2.4990 -1.8623 0.3638
8.0579 9.9787 -1.5445 0.3314
-21.4719 7.3275 -1.7720 0.3603
19.4868 7.5132 -1.4449 0.3309
25.4034 3.6071 -1.5514 0.3642
30.2217 -0.7763 -1.5198 0.3745
-18.8939 3.5443 -1.9034 0.3645
31.3832 -3.5762 -1.5064 0.3465
-20.9428 1.0554 -1.9175 0.3613
3.4434 0.7936 -1.7166 0.3193
25.4151 0.8746 -1.5540 0.3148
-20.7813 -1.7602 -1.9165 0.3593
-23.9061 -2.9440 -1.9374 0.3762
-23.5031 -3.3929 -1.9351 0.3254
5.6762 -5.5054 -1.5528 0.3503
23.6958 -1.2291 -1.5650 0.3588
-17.3544 -7.6451 -1.7368 0.3377
-17.5234 8.0315 -1.7377 0.3432
9.1128 -8.6063 -1.5335 0.3623
-10.9423 6.7484 -1.6861 0.3522
18.8128 -5.1750 -1.4485 0.3523
31.9781 7.0644 -1.3419 0.3304
20.9620 4.4053 -1.4323 0.3494
27.6305 8.4195 -1.3738 0.3420
6.1752 7.4047 -1.5533 0.3431
24.9392 4.0218 -1.5541 0.3392
-14.0258 -6.9664 -1.7104 0.3495
-20.8991 0.9809 -1.9173 0.3326
14.3572 -3.2034 -1.6282 0.3502
-21.8829 7.7155 -1.7757 0.3427
28.5489 7.4446 -1.3685 0.3314
16.4932 -3.7193 -1.6136 0.3110
32.1320 3.4340 -1.5007 0.3689
-6.1668 -3.2343 -1.8060 0.3649
4.1695 3.5638 -1.7122 0.3339
19.5014 2.2774 -1.5918 0.3636
-10.4333 0.2190 -1.8454 0.3295
7.5109 7.5681 -1.5433 0.3439
14.5680 -5.0790 -1.4805 0.3394
33.7285 5.9493 -1.3311 0.3444
19.6822 3.7902 -1.5912 0.3629
-17.9121 -4.3746 -1.7457 0.3420
3.5200 -1.5663 -1.7163 0.3432
10.3262 -8.6197 -1.5240 0.3649
-16.2026 1.9515 -1.8865 0.3512
0.9180 7.7578 -1.5932 0.3382
-7.9597 -7.6436 -1.6600 0.3548
-17.8703 -7.3600 -1.7415 0.3699
5.7225 -0.5087 -1.6952 0.3711
-15.0620 -4.3754 -1.7248 0.3235
10.4322 -4.4614 -1.5113 0.3245
-14.8182 2.7734 -1.8759 0.3700
18.4157 -1.7949 -1.5987 0.3442
-13.2855 6.8930 -1.7046 0.3060
28.7771 -1.4219 -1.5302 0.3354
-23.4274 2.3055 -1.9338 0.3412
6.3198 -2.0422 -1.6909 0.3437
-5.7937 -4.8795 -1.6495 0.3653
-11.4954 -0.5734 -1.8537 0.3314
3.2962 4.4096 -1.5711 0.3687
25.5212 9.0562 -1.3910 0.3557
29.9166 -9.1567 -1.3530 0.3243
-6.8051 0.6365 -1.8145 0.3436
-15.7454 2.7193 -1.8825 0.3599
18.2084 -8.2856 -1.4566 0.3508
9.9199 6.5834 -1.5215 0.3576
-12.9390 -4.4810 -1.7084 0.3383
20.6177 7.4982 -1.4352 0.3611
6.1358 1.0521 -1.6917 0.3420
14.2037 -6.9584 -1.4881 0.4009
-3.4397 4.7844 -1.6297 0.3236
1.3459 -6.8554 -1.5896 0.4040
-14.1795 4.4076 -1.7180 0.3310
20.3910 6.1640 -1.4368 0.3754
-15.5793 1.5106 -1.8827 0.3665
21.6982 -4.5782 -1.4270 0.3318
22.8805 -1.2532 -1.5702 0.3620
19.7961 0.5604 -1.5896 0.3401
-23.8346 3.3156 -1.9373 0.3555
-8.6120 2.6785 -1.8279 0.3530
3.1003 -1.9915 -1.7205 0.3430
10.7327 5.1633 -1.5108 0.3414
30.1533 5.4283 -1.3613 0.3568
-2.4636 3.9266 -1.7721 0.3319
27.5014 -4.5569 -1.3842 0.3327
-15.1942 -0.6121 -1.8806 0.3691
-2.7232 -1.3449 -1.7763 0.3586
-21.8631 6.3358 -1.7749 0.3239
19.5494 6.1636 -1.4435 0.3299
-15.9608 7.3216 -1.7256 0.3073
-9.5788 -5.3765 -1.6793 0.3682
21.5140 4.9691 -1.4282 0.3638
7.0830 7.4080 -1.5462 0.3282
-24.1616 -6.6702 -1.7938 0.3630
-24.8659 -9.2013 -1.8034 0.3897
5.6396 -7.8898 -1.5584 0.3192
-6.7027 2.1240 -1.8124 0.3377
-14.1813 -1.5670 -1.8729 0.3188
11.8156 -6.0990 -1.5049 0.3690
-11.2938 0.5661 -1.8521 0.3481
10.5324 5.7105 -1.5140 0.3420
-2.2440 7.1164 -1.6171 0.3545
-13.7952 5.0344 -1.7136 0.3389
-16.7137 7.7102 -1.7312 0.3420
-10.7884 2.0837 -1.8467 0.3555
-23.2101 6.7415 -1.7861 0.3378
-6.5124 -1.6563 -1.8112 0.3406
29.1173 7.0496 -1.3649 0.3469
24.8817 7.9163 -1.3983 0.3518
-2.6798 3.7282 -1.7742 0.3620
9.5500 -1.3791 -1.6624 0.3617
9.0416 -4.3665 -1.5223 0.3200
24.7243 -3.4964 -1.5563 0.3782
-10.8226 -7.3529 -1.6834 0.3512
-7.2168 -9.0568 -1.6510 0.3434
-6.8929 -1.7116 -1.8145 0.3319
-22.5478 -9.1466 -1.7823 0.3898
-6.1187 7.6118 -1.6458 0.3972
27.6748 2.9992 -1.5360 0.3873
29.7193 6.8733 -1.3605 0.3524
-18.4219 -1.1117 -1.9016 0.3569
2.4835 -5.5209 -1.5793 0.3798
-2.1191 -4.1944 -1.7688 0.3452
4.3616 7.0947 -1.5666 0.3608
8.2832 -7.5621 -1.5373 0.3545
-23.7845 3.9653 -1.9376 0.3884
25.5345 -5.4862 -1.3972 0.3787
33.4198 -2.9366 -1.4912 0.3472
14.2043 -9.9391 -1.4944 0.3805
14.6271 -0.4182 -1.6233 0.3499
6.6788 -7.4329 -1.5494 0.3391
-4.9436 7.1929 -1.6377 0.3443
-16.0613 -8.0454 -1.7251 0.3529
10.0438 -4.9926 -1.5159 0.3343
-22.3035 -9.7040 -1.7803 0.3396
24.4702 9.8575 -1.3995 0.3211
0.2547 2.8288 -1.7476 0.3336
-0.1147 2.8715 -1.7511 0.3547
-5.3697 0.3772 -1.8016 0.3708
33.1612 7.3611 -1.3316 0.3683
-14.5050 -7.1162 -1.7140 0.3586
-15.9215 5.8570 -1.7282 0.3194
-15.0681 6.1425 -1.7209 0.3328
14.5116 -9.2774 -1.4906 0.3461
34.5137 -7.3465 -1.3211 0.3693
-10.8715 0.9430 -1.8486 0.3389
29.3370 -8.1962 -1.3600 0.3256
-8.2830 -4.3527 -1.6715 0.3790
13.8740 -1.9265 -1.6297 0.3353
-22.5701 -6.8556 -1.7810 0.3274
4.7392 4.0829 -1.7080 0.3545
14.2742 -0.0988 -1.6257 0.3490
7.1792 2.7963 -1.6845 0.3400
-10.7299 -0.5140 -1.8477 0.3500
24.7098 -1.7503 -1.5581 0.3315
33.2082 -0.1522 -1.4959 0.3398
2.5518 7.9903 -1.5814 0.3493
13.1552 -2.0792 -1.6352 0.3093
22.4248 2.8453 -1.5726 0.3691
-10.5107 6.6793 -1.6829 0.3225
26.8670 2.4218 -1.5427 0.3312
-8.1879 -5.4787 -1.6678 0.3700
21.5498 -7.5608 -1.4273 0.3614
-18.2740 1.8175 -1.9004 0.3517
-7.6968 4.5479 -1.6662 0.3158
7.0172 5.3747 -1.5415 0.3379
6.4953 3.8760 -1.6924 0.3457
26.0259 -9.9309 -1.3852 0.3471
34.7676 5.4768 -1.3240 0.3728
-18.5673 2.0925 -1.9022 0.3899
-8.7167 9.7636 -1.6609 0.3623
-3.5441 5.2917 -1.6298 0.3393
3.7351 -1.3959 -1.7141 0.3743
4.6346 3.5230 -1.7080 0.3382
26.3717 2.3187 -1.5463 0.2975
21.2336 -3.2521 -1.5805 0.3250
-23.8689 0.6706 -1.9359 0.3026
2.3013 -5.9124 -1.5812 0.3423
12.0844 -8.2434 -1.5088 0.3464
2.6237 4.6605 -1.5772 0.3181
-17.1613 -2.3174 -1.8927 0.3329
-1.1516 5.1143 -1.6098 0.3215
-0.3007 -0.2333 -1.7529 0.3475
-13.7370 6.1958 -1.7101 0.3329
20.3784 4.7922 -1.4366 0.3702
-5.7160 5.2826 -1.6480 0.3534
10.3392 -1.4134 -1.6560 0.3821
5.9438 9.2236 -1.5587 0.3409
27.6456 -1.8949 -1.5379 0.3929
-17.6791 5.8629 -1.7420 0.3501
-18.1442 -0.2082 -1.9000 0.3394
-6.9808 -5.2983 -1.6584 0.3982
0.8729 2.5783 -1.7418 0.3134
-7.0875 -0.6178 -1.8171 0.3389
20.7912 -4.7186 -1.4336 0.3167
-10.2840 -2.3494 -1.8423 0.3132
-19.9135 -6.8013 -1.7591 0.3087
-0.1720 9.7409 -1.6011 0.3623
21.4028 2.8637 -1.5794 0.3234
26.0337 -6.5291 -1.3912 0.3449
19.0007 5.2918 -1.4471 0.3678
8.4732 2.0376 -1.6722 0.3593
18.4515 4.4510 -1.4505 0.3583
15.8834 1.6897 -1.6154 0.3743
-10.9380 -8.7907 -1.6805 0.3822
8.0455 -5.9352 -1.5347 0.3250
21.2366 5.3749 -1.4302 0.3597
-5.9728 5.0870 -1.6505 0.3446
14.2384 5.0775 -1.4831 0.3471
3.8888 -9.6957 -1.5739 0.3198
5.1895 6.1030 -1.5581 0.3394
-19.5967 -1.2174 -1.9091 0.3415
14.9730 3.8732 -1.6249 0.3786
26.9412 -4.5584 -1.3884 0.3269
-16.5141 5.3906 -1.7338 0.3023
-3.0337 9.6456 -1.6203 0.3499
-22.0800 -4.9292 -1.7760 0.3249
-23.2221 5.6840 -1.7852 0.3472
34.3795 2.0990 -1.4843 0.3632
4.6083 -4.5381 -1.5599 0.3480
-3.6689 -4.1129 -1.7826 0.3414
-8.5074 4.6328 -1.6727 0.3469
33.8008 -4.3131 -1.3349 0.3669
-9.8650 -9.0441 -1.6713 0.3269
18.5425 7.4792 -1.4529 0.3646
-7.9745 1.7790 -1.8239 0.3299
-20.7706 5.1695 -1.7663 0.3620
15.9966 2.0645 -1.6150 0.3191
-24.9021 0.3291 -1.9425 0.3609
15.5449 5.3996 -1.4737 0.3480
-9.9774 -9.3569 -1.6715 0.3519
19.7663 -3.7623 -1.5906 0.3692
21.1850 2.5494 -1.5809 0.3336
18.4464 8.8795 -1.4551 0.3495
-23.5310 -2.1270 -1.9343 0.3561
17.2242 9.5058 -1.4668 0.3440
34.4087 5.1056 -1.3279 0.3643
-10.4425 -0.3021 -1.8455 0.3566
-8.5457 -1.4168 -1.8292 0.3384
23.8116 -7.4111 -1.4081 0.3752
-15.3762 2.3039 -1.8805 0.3612
14.6350 -8.9529 -1.4889 0.3331
20.3016 -1.4185 -1.5865 0.3329
-22.7704 -5.2458 -1.7813 0.3456
8.2257 9.1257 -1.5416 0.3589
9.5526 -2.7347 -1.6644 0.3057
-6.7934 -0.2149 -1.8146 0.3340
27.5807 -2.4901 -1.5375 0.3385
-15.2350 -7.2558 -1.7197 0.3212
-3.1483 -2.9484 -1.7792 0.3296
25.9201 5.5800 -1.3941 0.3527
-13.5614 2.4239 -1.8673 0.3402
24.2824 -1.2517 -1.5612 0.3418
-20.2558 6.4114 -1.7620 0.3224
4.3537 -9.9170 -1.5709 0.3457
-20.4802 6.5320 -1.7638 0.3199
15.6742 -8.8093 -1.4796 0.3792
22.4361 7.4054 -1.4198 0.3849
25.9915 8.9514 -1.3870 0.3405
33.8757 6.3834 -1.3287 0.3276
15.3209 -9.6081 -1.4841 0.3671
21.1437 0.5242 -1.5812 0.3618
5.3455 6.5759 -1.5579 0.3875
29.7642 0.9003 -1.5232 0.3928
13.6255 -2.8013 -1.6328 0.3095
28.0131 -0.5861 -1.5363 0.3732
-10.8729 -8.3861 -1.6810 0.3455
4.8043 -0.0737 -1.7036 0.3610
18.7891 -9.4431 -1.4524 0.3656
-12.8367 2.8823 -1.8611 0.3647
-12.3196 -2.1910 -1.9074 0.3700
33.6826 -6.1731 -1.3309 0.3388
1.0766 -9.6523 -1.5928 0.3309
-14.0911 8.4424 -1.7074 0.3737
-5.1122 1.1264 -1.7989 0.3326
-1.1574 2.9391 -1.7608 0.3872
12.3851 5.5872 -1.4989 0.3347
30.3809 2.5318 -1.5165 0.3424
34.1954 -1.7379 -1.4864 0.3462
14.1019 2.5518 -1.6289 0.3192
16.9953 -4.9497 -1.4618 0.3192
-5.6902 1.2270 -1.8041 0.3682
26.4295 -5.8883 -1.3894 0.3156
-11.9321 8.3485 -1.6897 0.4004
-18.6172 0.1914 -1.9030 0.3481
33.3954 -5.3232 -1.3356 0.3294
26.8483 2.7927 -1.5423 0.3584
-6.7813 -8.1936 -1.6496 0.3008
15.5102 -1.3196 -1.6177 0.3433
3.0211 7.3193 -1.5772 0.3459
-5.6123 5.3572 -1.6470 0.3247
-7.7935 4.0688 -1.8182 0.3374
-16.8384 -0.5879 -1.8916 0.3805
7.9591 -1.0624 -1.6756 0.3537
1.7958 -9.7738 -1.5881 0.3580
5.7312 2.0008 -1.6962 0.3343
-12.0786 1.5402 -1.8574 0.3235
31.3166 -9.8944 -1.3400 0.3452
13.3155 -7.2591 -1.4961 0.3008
28.9760 -9.7513 -1.3596 0.3281
-18.4437 -4.9364 -1.7490 0.3250
12.3711 -9.9229 -1.5101 0.3092
25.9677 -1.6526 -1.5498 0.3630
-5.1448 -0.4721 -1.7995 0.3474
-13.2914 -1.2584 -1.8667 0.3376
-9.0987 -6.0122 -1.6736 0.3634
-8.6240 0.4712 -1.8305 0.3171
1.8319 6.2819 -1.5853 0.3231
-5.4422 -4.1757 -1.7979 0.3723
-8.7236 -3.7485 -1.8267 0.3956
13.9107 0.8565 -1.6285 0.3637
-21.8181 -5.3249 -1.7742 0.3594
-4.5782 -3.2443 -1.7919 0.3384
16.3851 -0.9513 -1.6116 0.3388
-14.4490 -2.2740 -1.8740 0.3545
-11.7443 6.3646 -1.6937 0.3775
-12.9600 6.9799 -1.7017 0.3585
-24.9444 -1.9424 -1.9436 0.3692
3.4261 -1.0443 -1.7169 0.3317
-22.6625 9.1379 -1.7833 0.3623
-8.6236 0.0618 -1.8305 0.3366
34.6882 9.8606 -1.3142 0.3528
30.1038 5.2561 -1.3622 0.3623
-12.0955 -4.7154 -1.7012 0.3394
-6.3999 -5.4181 -1.6533 0.3297
2.8223 -6.8187 -1.5781 0.3573
25.6648 6.1229 -1.3950 0.3473
23.1588 -3.8628 -1.5670 0.3527
-17.4255 3.5159 -1.8933 0.3631
-17.5331 0.8027 -1.8960 0.3761
0.0039 6.5199 -1.6000 0.3633
27.2057 5.0163 -1.3854 0.3606
27.9251 -8.7250 -1.3706 0.3400
-18.5580 -3.2314 -1.9014 0.3431
9.4578 0.4020 -1.6625 0.3591
-15.6595 6.0728 -1.7257 0.3427
16.1678 4.2806 -1.6169 0.3590
29.9860 0.9881 -1.5215 0.3337
2.2862 6.1675 -1.5816 0.3886
-20.0150 -1.3014 -1.9117 0.3539
9.7553 -8.8868 -1.5292 0.3526
-0.4890 7.4107 -1.6037 0.3403
23.6539 0.5319 -1.5655 0.3883
-4.5793 6.1681 -1.6369 0.3249
27.4938 -2.1584 -1.5386 0.3359
-8.5780 1.7710 -1.8290 0.3671
-15.5489 -3.3781 -1.8802 0.3548
-6.6112 -1.8085 -1.8119 0.3385
-22.9051 -7.0520 -1.7839 0.3390
-8.1252 4.8321 -1.6690 0.3442
14.6071 -4.3943 -1.4787 0.3520
-16.4630 -3.9654 -1.8858 0.3811
-18.3181 -2.9162 -1.9000 0.3621
-17.0569 -1.3575 -1.8927 0.3705
-20.3469 1.5233 -1.9138 0.3413
27.4781 3.6561 -1.5363 0.3603
31.6469 3.5138 -1.5045 0.3189
-22.2063 -1.5264 -1.9256 0.3536
20.6043 -0.3622 -1.5846 0.3524
19.2291 -7.1936 -1.4469 0.3864
34.8146 0.4301 -1.4819 0.3812
-4.1278 7.5411 -1.6309 0.3448
-7.8695 -0.7910 -1.8238 0.3337
2.1849 8.7603 -1.5848 0.3342
26.3945 -6.8843 -1.3875 0.3441
18.7156 4.7382 -1.4488 0.3760
3.2974 4.1598 -1.7207 0.3583
-10.3262 3.6306 -1.8400 0.3604
18.6209 3.2571 -1.5982 0.3662
26.2716 -9.5538 -1.3836 0.3301
-1.0029 4.8424 -1.6087 0.3358
15.1151 -0.0063 -1.6199 0.3604
-0.9873 0.4837 -1.7597 0.3344
3.7096 -8.9825 -1.5743 0.3195
6.4946 -6.2324 -1.5479 0.3283
21.5435 8.2201 -1.4271 0.3711
33.6504 -3.6894 -1.4876 0.3425
1.6620 -2.1224 -1.7342 0.3545
-4.4611 -6.2159 -1.6358 0.3293
-2.5845 2.6438 -1.7743 0.3576
-16.9667 4.8140 -1.7382 0.3446
-7.1837 8.4252 -1.6521 0.3589
-19.8132 1.2413 -1.9104 0.3404
0.6737 -4.4874 -1.5941 0.3601
-14.9586 -8.5807 -1.7146 0.3395
-4.2156 -4.6778 -1.6365 0.3484
22.6147 2.3673 -1.5716 0.3446
-10.2443 9.4821 -1.6734 0.3505
11.7137 -8.4160 -1.5123 0.3556
29.0709 -2.2327 -1.5270 0.3401
9.0158 3.3447 -1.6700 0.3476
-13.3724 1.4914 -1.8671 0.3537
-4.3140 3.0339 -1.7898 0.3602
10.4222 -0.7358 -1.6548 0.3485
5.3967 -4.6593 -1.5534 0.3323
-16.0828 -0.3450 -1.8866 0.3517
1.8078 -2.3693 -1.7329 0.3634
7.5840 4.1860 -1.6839 0.3233
-8.9600 -6.5675 -1.6708 0.3236
11.7467 -0.0770 -1.6442 0.3368
-20.7904 9.1813 -1.7661 0.3462
-4.8036 0.6359 -1.7962 0.3061
23.2566 -5.2558 -1.4150 0.3615
-9.4429 8.7170 -1.6688 0.3463
11.3106 -5.1169 -1.5061 0.3030
-0.3982 5.0236 -1.6034 0.3277
-6.0124 -7.8094 -1.6446 0.3440
29.9679 7.0418 -1.3580 0.3145
-4.4043 -6.3885 -1.6350 0.3694
-10.7994 -2.1164 -1.8467 0.3537
29.5581 9.3124 -1.3556 0.3636
19.7567 1.5879 -1.5900 0.3294
15.9080 -4.7201 -1.4696 0.3582
-22.0279 -9.9875 -1.7778 0.3368
-17.1277 -9.8642 -1.7319 0.3462
13.3004 -4.5082 -1.4889 0.3571
-12.4340 0.5371 -1.8609 0.3486
-11.4617 -0.3022 -1.8535 0.3662
21.7483 8.4376 -1.4253 0.3528
-7.8445 5.2819 -1.6655 0.3407
-20.7048 8.4947 -1.7654 0.3669
-22.8141 0.2356 -1.9292 0.3711
1.5907 -1.0667 -1.7345 0.3518
12.0277 1.3218 -1.6427 0.3767
27.1331 -2.5571 -1.5406 0.3453
-18.3517 -5.7838 -1.7474 0.3474
-13.1996 6.7332 -1.7044 0.3501
6.7880 3.6106 -1.6894 0.3474
-3.1535 -3.4868 -1.7787 0.3438
3.9522 -1.0744 -1.7119 0.3357
30.4475 -5.4910 -1.3588 0.3301
7.6935 1.2568 -1.6780 0.3522
-0.0928 -2.8328 -1.7509 0.3740
34.3664 7.5115 -1.3218 0.3663
-21.0871 0.5673 -1.9184 0.3578
30.9268 -1.7654 -1.5134 0.3750
5.0997 4.9924 -1.5566 0.3504
5.2254 8.1020 -1.5619 0.3302
30.3179 6.3484 -1.3573 0.3430
5.4394 -0.1017 -1.6977 0.3488
1.3044 -2.8711 -1.7378 0.3398
-8.6507 3.2426 -1.8272 0.3622
14.5290 6.3374 -1.4839 0.3687
9.1787 9.5728 -1.5352 0.3154
-12.1393 -0.8550 -1.8585 0.3471
17.5648 3.3648 -1.6056 0.2919
13.6452 -4.1379 -1.6354 0.3482
-1.1600 -8.2507 -1.6083 0.3479
-24.7359 -4.9388 -1.7958 0.3855
1.7949 -9.7102 -1.5881 0.3795
-24.6365 0.1886 -1.9408 0.3686
-20.5001 -2.5369 -1.9146 0.3308
0.8366 3.5655 -1.7424 0.3296
-20.0848 2.3063 -1.9120 0.3281
-8.4601 -6.6427 -1.6667 0.3805
14.3295 3.4764 -1.6289 0.3318
-6.4831 -6.2520 -1.6519 0.3423
34.8589 -9.8809 -1.3130 0.3320
29.9781 9.4039 -1.3519 0.3248
10.1186 -9.4603 -1.5276 0.3567
33.0168 -3.1650 -1.4941 0.3531
27.0810 2.7502 -1.5407 0.3055
-5.8661 -2.5925 -1.8043 0.3240
19.9758 -2.3758 -1.5888 0.3551
-16.7901 4.4546 -1.7374 0.3486
16.0731 2.0431 -1.6144 0.3420
4.4649 0.3675 -1.7069 0.3621
-23.9904 7.7263 -1.7938 0.3211
-8.5462 -7.8377 -1.6640 0.3381
32.3229 -0.6046 -1.5032 0.3604
-6.0501 -5.2187 -1.6509 0.3370
-14.1127 -9.2638 -1.7059 0.3563
-13.7481 9.5807 -1.7022 0.3271
3.7528 4.6805 -1.5675 0.3335
25.5590 -5.6763 -1.3967 0.3144
20.4801 -1.9513 -1.5854 0.3089
1.2111 -5.4795 -1.5899 0.3405
-12.4764 3.6971 -1.8567 0.3590
-22.2361 -2.9911 -1.9262 0.3477
2.7578 8.3973 -1.5804 0.3732
23.8865 -5.8489 -1.4095 0.3421
18.7809 -3.0035 -1.5970 0.3076
-0.4840 8.6363 -1.6034 0.3569
10.6822 7.6936 -1.5187 0.3284
1.1748 -4.1366 -1.7395 0.3525
9.7410 -0.3386 -1.6602 0.3043
6.0503 7.6741 -1.5548 0.3445
15.8580 3.4127 -1.6177 0.3641
5.4625 2.7456 -1.6995 0.3616
31.4367 3.2112 -1.5068 0.3450
0.6817 8.4196 -1.5952 0.3490
-24.0450 0.3435 -1.9370 0.3401
-10.8176 -6.3644 -1.6863 0.3440
5.0364 -0.5455 -1.7016 0.3625
7.4343 4.5778 -1.5361 0.3350
8.1431 -0.1573 -1.6736 0.3370
17.8731 -3.7347 -1.6038 0.3184
-8.5211 3.3266 -1.8259 0.3629
14.8942 -0.9954 -1.6217 0.3436
17.2419 9.2564 -1.4663 0.3247
-0.3232 -2.9572 -1.7530 0.3664
-0.8699 4.3497 -1.6077 0.3480
-14.2645 1.1014 -1.8738 0.3341
-0.1608 -8.4487 -1.6011 0.3668
22.2090 -0.6048 -1.7321 0.3421
29.5384 -9.4167 -1.3556 0.3175
10.6168 5.7966 -1.5136 0.3681
-7.0378 4.6906 -1.6604 0.3321
15.9374 -8.9898 -1.4776 0.4093
19.4088 -0.0061 -1.5920 0.3400
-5.0672 9.2308 -1.6350 0.3086
24.5929 -4.3072 -1.4062 0.3840
-20.5783 8.0861 -1.7643 0.3478
-24.3548 -6.9781 -1.7959 0.3540
-17.6218 -9.8680 -1.7365 0.3565
-15.6395 0.6104 -1.8836 0.3217
27.7357 -5.2151 -1.3808 0.3056
0.4989 7.5845 -1.5963 0.3880
-8.5041 3.4784 -1.8254 0.3176
0.7445 3.7378 -1.7432 0.3817
-1.3095 3.4656 -1.7620 0.3594
-6.9123 3.5792 -1.8118 0.3524
-16.7260 4.9423 -1.7361 0.3396
14.3549 3.3978 -1.6285 0.3951
-16.8037 6.6855 -1.7337 0.3351
21.5255 1.1624 -1.5788 0.3356
-12.8987 -2.9862 -1.8614 0.3624
18.8823 -0.6631 -1.5953 0.3355
23.3352 -1.1953 -1.5673 0.3287
-17.4804 -3.3499 -1.8938 0.3478
-19.7953 -1.6906 -1.9102 0.3627
31.9744 -2.3003 -1.5042 0.3865
2.7828 -7.7772 -1.5795 0.3906
12.8141 6.6110 -1.4984 0.3131
-23.6044 5.1293 -1.7875 0.3698
-8.2774 -3.2492 -1.8240 0.3293
5.3239 8.9026 -1.5626 0.3303
28.1731 8.9873 -1.3680 0.3382
-8.7136 7.1344 -1.6673 0.3369
21.5115 -9.4125 -1.4272 0.3276
14.7328 -2.5756 -1.6244 0.3024
-18.0838 -0.8533 -1.8995 0.3779
-7.3975 4.3743 -1.6641 0.3669
-10.7282 2.6962 -1.8452 0.3486
1.5517 3.5676 -1.7358 0.3296
13.1201 5.3443 -1.4925 0.3737
1.0052 8.9687 -1.5931 0.3477
-10.3278 1.0302 -1.8442 0.3375
16.7527 8.0808 -1.4690 0.3161
10.0683 6.2964 -1.5195 0.3597
6.1588 -3.2415 -1.6941 0.3423
8.2652 6.2734 -1.5339 0.3542
-11.6860 -7.6531 -1.6895 0.3524
15.8259 -6.8248 -1.4745 0.3617
-1.7500 9.8476 -1.6116 0.3533
-3.1919 -1.4262 -1.7807 0.3429
-16.0159 -0.7876 -1.8861 0.3601
10.8102 9.0206 -1.5211 0.3680
11.1599 -2.7632 -1.6515 0.3799
-4.5820 -5.2607 -1.6386 0.3266
26.5910 -8.4436 -1.3826 0.3712
25.7275 0.4524 -1.5520 0.3172
-18.4567 -6.0062 -1.7480 0.3693
16.7023 -8.7039 -1.4704 0.3372
-1.3699 6.2614 -1.6110 0.3658
34.9829 -3.4281 -1.4769 0.3789
-11.4986 1.5878 -1.8529 0.3536
-8.1685 -7.9071 -1.6609 0.3491
1.5264 0.1117 -1.7351 0.3480
-8.8771 2.6368 -1.8302 0.3406
16.5196 -1.0027 -1.6107 0.3725
3.8545 -3.2504 -1.7147 0.3478
-11.7473 -3.7809 -1.8509 0.3065
5.3824 -7.8123 -1.5602 0.3677
28.3273 -7.6862 -1.3697 0.3666
22.5437 -0.0861 -1.6483 0.3509
4.9297 -7.2234 -1.5624 0.3342
-7.6904 -5.5310 -1.6636 0.3268
-14.2068 -6.7036 -1.7126 0.3343
27.7030 6.0497 -1.3790 0.3540
17.6100 -1.0057 -1.6035 0.3131
9.3298 1.0518 -1.7067 0.3585
27.7661 1.6592 -1.5372 0.3515
-17.6986 -2.0723 -1.8965 0.3757
15.9494 -4.0314 -1.6180 0.3640
-11.9973 -2.3511 -1.8955 0.3355
-17.7654 0.6965 -1.8975 0.3162
2.9365 -2.8285 -1.7226 0.3336
-1.7564 -7.2677 -1.6133 0.3776
31.4704 8.2737 -1.3425 0.3559
-5.5612 4.6481 -1.6480 0.3619
23.8941 -8.6746 -1.4060 0.3374
19.9296 8.1140 -1.4414 0.3597
15.0754 -6.5907 -1.4801 0.3196
30.2240 -8.0454 -1.3532 0.3687
-0.5245 -6.5357 -1.6041 0.3269
-1.6197 8.6607 -1.6113 0.3105
-15.3432 -5.5741 -1.7243 0.3952
-8.4543 5.7398 -1.6692 0.3527
27.7866 2.8608 -1.5355 0.3521
3.4629 0.3645 -1.7164 0.3126
-4.5188 -2.6881 -1.7920 0.3625
-12.0333 -8.1413 -1.6910 0.3677
4.0976 4.2131 -1.7138 0.3460
17.9999 -2.1044 -1.6016 0.3678
-7.7985 0.6997 -1.8233 0.3734
20.4630 -8.9648 -1.4368 0.3605
12.7873 5.5188 -1.4956 0.3067
22.2538 3.8454 -1.5733 0.3270
-9.9454 0.5860 -1.8414 0.3837
12.8617 -0.0739 -1.6359 0.3516
-15.7759 -3.2594 -1.8820 0.3517
-3.1722 -3.1519 -1.7793 0.3334
18.4616 -8.6307 -1.4547 0.3373
12.9001 3.7343 -1.6401 0.3739
-13.7284 -9.1005 -1.7030 0.3800
26.5006 -9.9716 -1.3809 0.3659
-21.7989 -9.3804 -1.7755 0.3610
10.7129 -5.9311 -1.5132 0.3625
34.0292 1.4039 -1.4882 0.3486
6.8903 3.6232 -1.6885 0.3259
23.0403 -1.5852 -1.5691 0.3216
10.7109 -1.8272 -1.6536 0.3763
21.9853 1.5357 -1.5758 0.3493
14.3356 1.9366 -1.6264 0.3595
16.4679 6.9000 -1.4694 0.3542
-11.3313 6.3818 -1.6904 0.3552
19.5093 6.4705 -1.4440 0.3569
-10.7254 6.8835 -1.6840 0.3639
33.8384 7.5966 -1.3257 0.3346
-11.3328 1.1063 -1.8521 0.3736
-10.7990 1.9033 -1.8470 0.3352
26.5204 4.5445 -1.3916 0.3548
-10.4208 -6.0198 -1.6842 0.3263
-3.3458 -2.7908 -1.7812 0.3467
17.8784 8.2531 -1.4595 0.3368
-15.4751 0.4552 -1.8825 0.3505
-15.4557 -8.9642 -1.7182 0.3647
4.1815 -1.8888 -1.7103 0.3515
-10.3782 -6.7842 -1.6815 0.3892
-10.8605 -2.8743 -1.8459 0.3659
-24.4457 0.8995 -1.9397 0.3454
-2.7730 0.1027 -1.7770 0.3483
-5.9050 -0.1906 -1.8065 0.3576
-23.1307 -9.6332 -1.7879 0.3641
12.2740 -1.0979 -1.6407 0.3253
12.5993 -9.4207 -1.5073 0.3627
-20.7520 -1.9028 -1.9163 0.3258
-5.9775 2.9400 -1.8048 0.3608
27.3683 -7.4819 -1.3781 0.3720
9.9300 8.3355 -1.5264 0.3560
-0.2815 2.6102 -1.7527 0.3035
2.9061 -5.6480 -1.5759 0.3144
-12.5032 -2.1182 -1.8908 0.3613
23.7129 -8.0619 -1.4082 0.3009
29.8403 -9.5587 -1.3528 0.3622
29.6398 8.3172 -1.3572 0.3697
-11.5639 3.5037 -1.8501 0.3727
-6.3556 5.5929 -1.6525 0.3452
-15.3626 2.4435 -1.8802 0.3588
-6.5679 8.1353 -1.6481 0.3542
-5.0317 7.9184 -1.6370 0.3205
12.9863 -8.8368 -1.5028 0.3649
-13.6212 -6.2106 -1.7092 0.3778
30.1638 -2.0842 -1.5189 0.3638
-18.8140 -3.1782 -1.9032 0.3399
-24.5873 0.5115 -1.9405 0.3648
26.2967 -4.6694 -1.3930 0.3760
17.2262 5.9492 -1.4617 0.3733
-3.6784 -9.8501 -1.6245 0.3705
10.7300 5.8303 -1.5128 0.3182
-11.5874 -2.1326 -1.8969 0.3580
-14.8966 -9.8973 -1.7117 0.3629
3.2689 6.9413 -1.5748 0.3708
-3.8087 -1.0649 -1.7867 0.3603
11.9138 4.4945 -1.4996 0.3810
-11.9110 7.5690 -1.6916 0.3134
14.7757 -9.3137 -1.4884 0.3612
21.0117 -4.7568 -1.4320 0.3596
-15.0018 -7.6222 -1.7169 0.3681
-22.3685 -8.0398 -1.7800 0.3808
1.3752 8.9128 -1.5905 0.3322
21.4414 6.1114 -1.4285 0.3802
14.0468 -2.7055 -1.6296 0.3663
17.1129 3.7459 -1.6092 0.3463
-0.8296 8.3889 -1.6059 0.3318
-10.9033 -5.5837 -1.6893 0.3539
6.9067 -9.7170 -1.5526 0.3557
-12.7381 6.4822 -1.7013 0.3568
18.5737 4.4540 -1.4496 0.3375
-13.1820 -6.7949 -1.7041 0.3622
-7.5242 -0.2071 -1.8210 0.3419
5.3927 -6.7913 -1.5580 0.3743
4.2026 2.0523 -1.7102 0.3842
11.0510 2.9514 -1.6527 0.3337
1.2467 -4.4663 -1.5890 0.3512
30.1684 5.6167 -1.3606 0.3694
25.3960 -0.5281 -1.5542 0.3555
27.7468 4.1272 -1.5333 0.3229
12.7710 2.7962 -1.6392 0.3673
13.1005 -0.9848 -1.6345 0.3379
11.5519 -4.1457 -1.6516 0.3540
1.0930 -5.9139 -1.5911 0.3301
-5.6736 4.9189 -1.6484 0.3659
10.5202 2.8389 -1.6567 0.3416
-23.4681 -4.3812 -1.7857 0.3680
-24.5526 9.3420 -1.8007 0.3457
26.0985 6.2068 -1.3914 0.3404
-22.2146 -7.4640 -1.7784 0.3582
6.4877 -6.7487 -1.5493 0.3285
11.8993 0.8810 -1.6434 0.3860
-13.1097 -7.9524 -1.7004 0.3537
28.7439 9.2868 -1.3625 0.3387
-13.5943 2.7605 -1.8670 0.3420
28.0709 -8.6765 -1.3695 0.3504
20.7794 -1.1303 -1.5835 0.3699
-10.5554 -5.5606 -1.6866 0.3321
-15.9553 -0.1910 -1.8858 0.3426
-6.0260 -5.0595 -1.6510 0.3490
-1.1230 6.6359 -1.6088 0.3808
-10.2529 4.4220 -1.6874 0.3700
34.9335 8.1316 -1.3159 0.3818
-11.2209 -6.0408 -1.6905 0.3506
24.8381 -2.2922 -1.5569 0.3787
-15.4529 6.1093 -1.7240 0.3753
33.8147 -2.5231 -1.4886 0.3639
-11.4686 -2.4182 -1.8515 0.3655
0.3013 9.7208 -1.5980 0.3381
8.5138 5.4173 -1.5294 0.3866
-17.7829 7.2164 -1.7410 0.3451
24.0092 -1.8605 -1.5627 0.3612
-8.5189 1.7184 -1.8286 0.3635
7.9562 -0.9889 -1.6755 0.3226
7.9780 -0.9941 -1.6753 0.3490
11.1584 -7.4460 -1.5142 0.3541
-21.6708 6.8427 -1.7735 0.3477
-14.8829 -2.1892 -1.8771 0.3492
-15.3285 1.6365 -1.8808 0.3799
-6.8769 7.1414 -1.6528 0.3335
-16.3052 5.4695 -1.7320 0.3246
30.3153 -6.0352 -1.3582 0.3383
5.7773 2.3702 -1.6962 0.3649
12.4145 -0.0854 -1.6392 0.3668
-3.5507 -4.7970 -1.6306 0.3621
-8.4252 -9.1828 -1.6598 0.3682
5.1906 2.5958 -1.7018 0.3551
-7.3406 5.5971 -1.6606 0.3396
-4.3812 8.8344 -1.6307 0.3311
2.1651 -2.9003 -1.7298 0.3248
5.3440 -2.0157 -1.6997 0.3455
34.0588 -6.7399 -1.3263 0.3658
-11.6006 9.6923 -1.6839 0.3547
4.2786 6.9917 -1.5670 0.3505
-16.0293 9.1521 -1.7229 0.3289
-4.0000 -0.0931 -1.7888 0.4016
18.0386 -5.8044 -1.4551 0.3335
-14.5323 1.4637 -1.8754 0.3524
9.8811 -2.5582 -1.6614 0.3701
0.0021 -3.0427 -1.7500 0.3508
-21.9052 -8.3527 -1.7761 0.3339
30.9845 -8.5370 -1.3457 0.3662
-0.1838 -2.4240 -1.7517 0.3232
22.0356 8.5240 -1.4227 0.3848
-0.0212 4.4605 -1.6002 0.3556
31.2416 5.2112 -1.3532 0.3449
-7.5718 -5.3142 -1.6632 0.3217
-0.2662 4.6906 -1.6023 0.3270
20.5319 -1.8736 -1.5851 0.3490
-4.3800 -8.8122 -1.6307 0.3879
-3.1386 -2.1037 -1.7798 0.3547
34.6894 -7.3749 -1.3196 0.3569
8.3369 7.0740 -1.5355 0.3577
16.3628 6.8059 -1.4701 0.3973
13.6077 -4.2506 -1.6359 0.3412
24.6754 2.2384 -1.5580 0.3813
26.7095 -2.7248 -1.5434 0.3420
8.7954 -6.9155 -1.5315 0.3359
-7.3266 2.9881 -1.8165 0.3484
-23.6320 5.2021 -1.7878 0.3483
11.8642 5.4945 -1.5028 0.3612
24.5281 -7.0156 -1.4027 0.3035
2.0324 0.2516 -1.7301 0.3530
-15.1176 -9.5220 -1.7143 0.3380
-7.7151 -8.1966 -1.6567 0.3355
5.5993 -8.3790 -1.5597 0.3241
25.2009 -8.8562 -1.3941 0.3427
-14.6948 -3.3246 -1.8741 0.3397
11.7290 -2.8464 -1.6472 0.3415
20.2021 3.9574 -1.5877 0.3172
31.1629 -3.4024 -1.5086 0.3520
-17.9978 -7.1921 -1.7428 0.3342
30.5835 8.9375 -1.3480 0.3173
11.0881 7.5095 -1.5149 0.3390
21.0021 -7.5155 -1.4320 0.3345
-21.7735 -2.7444 -1.9230 0.3508
5.3689 -6.6383 -1.5578 0.3388
12.3578 9.1822 -1.5088 0.3210
-6.5900 -2.8804 -1.8103 0.3322
0.8990 -8.0377 -1.5935 0.3155
8.2579 4.5369 -1.5291 0.3727
8.1529 4.2344 -1.6792 0.3760
-22.4883 -5.1793 -1.7792 0.3784
1.3689 -3.5708 -1.7375 0.3382
-12.1709 -1.6996 -1.9683 0.3759
30.0017 -4.6460 -1.3647 0.3581
33.5948 -4.2222 -1.4868 0.3336
-7.0212 6.0318 -1.6568 0.3374
-14.4889 5.0370 -1.7189 0.3466
-11.8298 3.8526 -1.8513 0.3520
3.6651 3.7355 -1.7170 0.3573
27.4703 0.4376 -1.5401 0.3500
5.0022 -2.9816 -1.7040 0.3430
-21.6765 4.4109 -1.7728 0.3770
-22.6069 -7.6726 -1.7819 0.3477
-11.3565 -7.1786 -1.6882 0.3466
25.5663 -7.4747 -1.3932 0.3457
12.2888 4.6544 -1.4971 0.3477
8.7775 1.8308 -1.6694 0.3228
-5.8618 -0.9968 -1.8059 0.3299
30.7655 -0.4754 -1.5157 0.3989
-5.1293 6.5512 -1.6405 0.3170
25.0967 -7.5664 -1.3970 0.3554
28.7542 -2.3351 -1.5292 0.3569
4.0001 5.2033 -1.5662 0.3703
28.6574 3.1568 -1.5285 0.3573
-8.3918 -1.2971 -1.8280 0.3878
14.5060 -5.5132 -1.4821 0.3548
-19.7222 8.9288 -1.7564 0.3770
3.4361 -1.8416 -1.7172 0.3708
-11.9601 7.5567 -1.6920 0.3808
-21.2342 5.5566 -1.7698 0.3505
-24.7765 7.2306 -1.7997 0.3580
-5.5149 -9.6616 -1.6375 0.3426
10.3718 -0.4522 -1.6551 0.3532
2.3138 -4.8113 -1.5800 0.3543
-6.8938 -4.5196 -1.6596 0.3085
34.4720 -4.6032 -1.3286 0.3471
31.3715 -2.2137 -1.5092 0.3678
-17.4608 -1.7859 -1.8951 0.3230
-0.0936 2.6808 -1.7509 0.3303
13.9308 -3.9927 -1.6329 0.3731
19.0094 -4.5445 -1.4465 0.3769
-3.0177 -2.7878 -1.7782 0.3376
19.7769 3.7303 -1.5905 0.3535
-17.5510 -9.9966 -1.7357 0.3484
-5.0912 4.9386 -1.6435 0.3735
17.9860 -3.2206 -1.6025 0.3393
12.5410 1.5248 -1.6391 0.3424
25.2326 5.2304 -1.4000 0.3768
-22.1886 0.2167 -1.9253 0.3299
-14.5365 2.9430 -1.8736 0.3400
-22.0903 8.3988 -1.7778 0.3527
-13.4731 -9.4027 -1.7002 0.3805
-24.7430 -3.0094 -1.9432 0.3261
5.2526 8.5371 -1.5625 0.3358
6.6989 6.7486 -1.5476 0.3619
14.4735 2.3366 -1.6260 0.3649
-1.9053 -5.4139 -1.6160 0.3542
-24.8075 -3.3893 -1.9441 0.3477
15.4335 7.1591 -1.4784 0.3526
-21.7425 3.9654 -1.9232 0.3199
26.9702 -4.2870 -1.5388 0.3520
-23.6408 -7.3551 -1.7904 0.3796
6.8285 5.6154 -1.5437 0.3236
28.6951 1.5245 -1.5307 0.3343
9.3494 9.2688 -1.5332 0.3421
11.5050 -1.8702 -1.6474 0.3433
15.8967 -3.0195 -1.6168 0.3868
-17.6555 -4.1849 -1.8941 0.3314
15.4956 -0.3624 -1.6173 0.3274
27.8213 -3.5454 -1.5339 0.3654
33.4533 -8.5362 -1.3263 0.3371
1.5831 -3.7574 -1.7357 0.3658
-4.3297 -5.6223 -1.6358 0.3461
20.1986 6.3077 -1.4384 0.3592
7.5725 -5.2881 -1.5367 0.3186
-9.5617 -0.8226 -1.8381 0.3591
-14.6705 3.4548 -1.8737 0.3544
-14.7862 -7.0155 -1.7165 0.3449
2.5506 0.6256 -1.7252 0.3253
-14.7925 6.9437 -1.7168 0.3543
-23.8169 1.6816 -1.9360 0.3645
-21.8747 -0.3523 -1.9233 0.3394
30.7931 6.7776 -1.3522 0.3398
-20.6223 8.9450 -1.7646 0.3659
-20.6092 6.4197 -1.7649 0.3842
2.0713 -1.8318 -1.7301 0.3688
-10.2940 2.2339 -1.8425 0.3546
32.7616 0.5328 -1.4996 0.3451
29.6592 -3.9338 -1.5191 0.3494
-0.7154 -1.2936 -1.7569 0.3235
1.9239 6.5853 -1.5849 0.3469
-2.4932 -3.9904 -1.7723 0.3724
-22.7280 7.7911 -1.7830 0.3508
-7.4292 9.8286 -1.6511 0.3375
-17.6396 -3.8647 -1.8944 0.3356
-18.8578 -7.5452 -1.7497 0.3494
8.6517 9.1435 -1.5384 0.3253
-19.0741 -6.5787 -1.7523 0.3318
-18.8241 5.4293 -1.7514 0.3807
3.8308 -9.2177 -1.5737 0.3293
1.5369 -5.2887 -1.5870 0.3340
-16.7419 -4.7969 -1.7365 0.3558
-24.7331 -4.0553 -1.9445 0.3412
-13.4215 8.3861 -1.7019 0.3518
-10.8465 -6.4938 -1.6861 0.3673
23.0149 -6.5272 -1.4157 0.3191
29.9263 3.8335 -1.5173 0.3651
-0.6433 9.0463 -1.6044 0.3384
-0.6984 -2.2143 -1.7567 0.3443
17.7489 5.4626 -1.4569 0.3884
12.6153 -9.3793 -1.5070 0.3219
-13.9516 6.4813 -1.7111 0.3618
-18.5387 4.4679 -1.7502 0.3726
1.2567 7.9323 -1.5908 0.3363
8.8897 2.7491 -1.6699 0.3366
-16.6775 8.8267 -1.7292 0.3426
-7.4036 -2.2029 -1.8184 0.3362
-6.6434 4.6506 -1.6571 0.3513
-9.3221 4.5113 -1.6796 0.3679
2.6457 -4.6278 -1.5770 0.3427
14.1838 8.4116 -1.4917 0.3686
5.5634 5.5835 -1.5539 0.3780
-12.9126 7.3270 -1.7004 0.3586
-18.8237 -2.7482 -1.9035 0.3605
24.3122 6.8251 -1.4047 0.3381
3.7583 -3.7005 -1.7161 0.2975
-21.2716 9.2880 -1.7706 0.3617
-9.5127 -9.5211 -1.6675 0.3659
23.2420 2.3838 -1.5674 0.3548
20.1036 -7.7552 -1.4397 0.3682
27.5490 4.3747 -1.3842 0.3390
11.1253 -2.7262 -1.6517 0.3604
0.3744 7.4128 -1.5972 0.3794
0.5981 7.4541 -1.5955 0.3633
-13.3600 -2.6382 -1.8655 0.3769
14.0479 6.1996 -1.4874 0.3770
10.1041 3.6227 -1.6618 0.3256
-15.7081 -1.4687 -1.8836 0.3644
28.1398 -3.1353 -1.5324 0.3374
-2.8919 -5.7939 -1.6238 0.3279
-22.0157 -8.7358 -1.7772 0.3443
-5.3271 0.3472 -1.8012 0.3851
27.1914 0.8008 -1.5419 0.3391
30.0174 -1.1196 -1.5211 0.3148
4.4239 9.0119 -1.5693 0.3211
32.3804 -9.7262 -1.3320 0.3596
27.5145 7.0061 -1.3781 0.3348
24.5138 6.0164 -1.4043 0.3091
26.5826 5.1750 -1.3898 0.3219
-2.0875 0.4983 -1.7704 0.3533
20.3881 -6.1929 -1.4369 0.3656
9.6403 7.2576 -1.5257 0.3411
18.1810 4.8919 -1.4529 0.3630
-14.3328 6.6564 -1.7137 0.3683
18.8836 -5.2842 -1.4480 0.3343
32.4555 1.0875 -1.5018 0.3476
-6.8402 -1.6808 -1.8141 0.3380
34.1697 2.7934 -1.4851 0.3608
-2.2974 5.0522 -1.6196 0.3378
-13.0166 -6.5257 -1.7035 0.3257
-18.2628 -6.5192 -1.7458 0.3511
22.0977 -9.1279 -1.4219 0.3722
8.2895 -6.8563 -1.5353 0.3602
-6.5721 -5.1965 -1.6553 0.3701
11.5070 -8.5496 -1.5143 0.3684
-5.0739 -2.8862 -1.7968 0.3508
1.9015 3.5033 -1.7326 0.3381
26.7598 5.8615 -1.3869 0.3326
15.0900 -3.0837 -1.6227 0.3183
20.7441 -8.3235 -1.4342 0.3738
10.0096 5.1874 -1.5167 0.3434
34.4839 -2.1763 -1.4833 0.3159
-10.5154 -4.9714 -1.6880 0.3747
-9.2625 -0.5862 -1.8358 0.3519
-19.4465 9.3973 -1.7537 0.3694
8.2412 -2.5472 -1.6750 0.3448
11.8016 9.1891 -1.5134 0.3341
18.5577 -4.9366 -1.4501 0.3589
-4.8732 -7.8891 -1.6359 0.3606
-24.2646 -6.8564 -1.7949 0.3444
12.9338 5.4756 -1.4943 0.3763
34.9217 0.7523 -1.4808 0.3689
-7.3270 1.6384 -1.8184 0.3613
-13.9639 9.3542 -1.7045 0.3278
-8.0940 0.0967 -1.8260 0.3250
0.5249 -7.6596 -1.5961 0.3740
-9.9452 4.3703 -1.6851 0.3062
-4.1824 -5.8430 -1.6342 0.3482
13.2924 1.6308 -1.6336 0.3529
-4.2983 7.0876 -1.6329 0.3402
-1.2365 -0.4584 -1.7621 0.3493
-22.5981 -3.7143 -1.9290 0.3584
30.0765 1.5109 -1.5203 0.3383
-0.5868 -7.4610 -1.6044 0.3676
-5.3114 -3.8487 -1.7974 0.3616
-19.8109 0.0829 -1.9105 0.3464
13.0510 -4.9170 -1.4919 0.3335
26.8295 -9.2148 -1.3792 0.3482
-22.5308 1.7028 -1.9277 0.3922
-16.2837 -1.9751 -1.8871 0.3349
-16.2166 -2.1878 -1.8864 0.3806
11.1365 9.9363 -1.5204 0.3149
30.2738 -7.7643 -1.3535 0.3328
1.2661 -6.9165 -1.5902 0.3391
-4.3716 7.5252 -1.6327 0.3690
20.9504 -7.3948 -1.4324 0.3511
19.5541 8.3525 -1.4448 0.3762
-10.1946 3.4392 -1.8394 0.3433
-15.3504 0.5633 -1.8816 0.3489
-3.5314 -4.4320 -1.6310 0.3434
21.5362 -2.8105 -1.5785 0.3905
16.7038 6.5191 -1.4668 0.3276
14.9512 -8.8499 -1.4860 0.3398
24.7657 5.3710 -1.4033 0.3304
-8.3722 6.5564 -1.6662 0.3615
-4.6190 4.1193 -1.7909 0.3272
-22.4596 -8.9099 -1.7813 0.3864
27.1247 4.8531 -1.3864 0.3516
9.9458 4.4633 -1.5152 0.3582
-7.1127 -9.7381 -1.6489 0.3593
-20.8350 7.8457 -1.7666 0.3496
18.4046 -7.3561 -1.4539 0.3524
19.9243 9.2156 -1.4418 0.3517
14.9707 -8.5846 -1.4853 0.3604
-12.7731 -5.2390 -1.7051 0.3336
29.7930 3.8048 -1.5184 0.3302
20.1895 -7.2552 -1.4388 0.3664
14.4654 -6.3006 -1.4843 0.3500
14.0566 -9.7766 -1.4954 0.3099
29.2615 6.5296 -1.3652 0.3405
30.6984 -9.2477 -1.3464 0.3806
10.7382 2.6515 -1.6546 0.3468
0.0002 1.6461 -1.7500 0.3394
-3.1760 0.2248 -1.7809 0.3201
24.1447 -2.4968 -1.5613 0.3386
13.6763 -4.0087 -1.6349 0.3267
-20.3640 9.1390 -1.7622 0.3586
-16.4688 5.7072 -1.7328 0.3510
29.0112 8.4547 -1.3621 0.3427
28.0699 4.6780 -1.3796 0.3348
32.1099 6.5802 -1.3422 0.3805
0.6711 9.2835 -1.5955 0.3359
22.0437 -0.9271 -1.6975 0.3360
24.6935 8.1379 -1.3996 0.3451
-6.0582 -9.1385 -1.6423 0.3479
-16.2797 -7.8426 -1.7273 0.3596
34.8216 -0.1925 -1.4819 0.3686
-23.1868 -0.9205 -1.9316 0.3671
10.8402 -1.2357 -1.6519 0.3986
14.0127 0.7438 -1.6277 0.3161
15.9074 0.7675 -1.6147 0.3546
-9.6623 7.4113 -1.6740 0.3396
18.2948 -3.0817 -1.6003 0.3902
-12.0160 -3.6752 -1.8532 0.3535
24.7423 4.0379 -1.5555 0.3094
-11.8530 2.9695 -1.8535 0.3587
16.8024 6.5969 -1.4661 0.3553
22.0048 -3.8144 -1.5751 0.3652
-13.6633 -9.8721 -1.7010 0.3355
-10.7208 8.8813 -1.6785 0.3566
21.7462 -9.1155 -1.4251 0.3446
-19.8401 3.6003 -1.9099 0.3366
-13.5543 -3.5634 -1.8652 0.3569
2.3319 -1.5293 -1.7275 0.3531
30.8109 6.7607 -1.3521 0.3710
8.7127 -1.6084 -1.6696 0.3505
-1.7393 -7.1126 -1.6133 0.3621
33.7022 5.0887 -1.3337 0.3259
2.8227 -9.5958 -1.5811 0.3779
1.0241 -4.5053 -1.5910 0.3345
-0.3013 0.7615 -1.7529 0.3681
-6.2692 -1.2447 -1.8094 0.3553
-5.4583 2.4046 -1.8009 0.3527
16.2702 -2.3730 -1.6134 0.3652
-22.5499 -2.1883 -1.9280 0.3072
15.9090 -3.0269 -1.6167 0.3385
-12.9277 7.7454 -1.6994 0.3649
-1.9475 -9.6541 -1.6130 0.3884
-16.2077 8.7928 -1.7251 0.3495
8.1651 -2.8356 -1.6761 0.3012
18.7610 -2.7023 -1.5969 0.3437
-3.7207 4.5179 -1.6325 0.3488
-15.1950 -2.2345 -1.8793 0.3722
-11.4097 2.3329 -1.8512 0.3510
24.0868 8.0726 -1.4049 0.3245
-8.9411 6.9240 -1.6697 0.3693
21.4822 0.3073 -1.6047 0.3614
-5.1280 4.3330 -1.6449 0.3360
-13.6760 -2.1513 -1.8685 0.3644
18.6385 5.5209 -1.4501 0.3391
3.1127 -6.5963 -1.5755 0.3440
-23.1234 -9.0874 -1.7875 0.3394
32.5965 0.8147 -1.5008 0.3438
-16.1348 -5.6932 -1.7302 0.3681
-3.7956 4.5745 -1.6330 0.3143
-1.9123 -7.9735 -1.6139 0.3721
4.3658 -9.8301 -1.5707 0.3535
22.1266 3.5141 -1.5743 0.3422
-24.6346 0.0160 -1.9408 0.3504
30.9483 9.0403 -1.3448 0.3318
13.7594 -5.0503 -1.4867 0.3174
32.0389 -7.5349 -1.3400 0.3324
24.0434 -9.5379 -1.4037 0.3121
30.6703 -1.1151 -1.5161 0.3229
11.0600 -7.9837 -1.5164 0.3175
-3.5615 5.5129 -1.6297 0.3745
1.5748 -8.5603 -1.5889 0.3243
14.4819 8.4151 -1.4892 0.3492
0.6159 0.8171 -1.7440 0.3723
18.9004 3.9274 -1.5968 0.3670
-19.4891 -7.3817 -1.7552 0.3441
24.7992 -8.2099 -1.3986 0.3442
-12.7487 -2.9263 -1.8604 0.3536
31.6369 0.4087 -1.5088 0.3922
-15.6673 1.5100 -1.8833 0.3583
-17.2501 -3.4042 -1.8922 0.3634
23.7126 -4.5468 -1.4123 0.3953
24.1221 9.6282 -1.4029 0.3556
19.3256 -4.5468 -1.4442 0.3730
32.6318 -7.2415 -1.3361 0.3596
-8.7676 -2.8108 -1.8290 0.3593
24.5989 -3.9226 -1.5567 0.3307
-3.8776 -1.5653 -1.7871 0.3274
7.2439 2.4743 -1.6834 0.3398
1.7360 2.0630 -1.7334 0.3676
-24.6490 3.9658 -1.9437 0.3667
9.4677 -6.8663 -1.5260 0.3767
19.8504 -9.0811 -1.4425 0.3498
-14.5269 5.8162 -1.7174 0.3608
30.8994 -5.6569 -1.3547 0.3608
6.8240 -3.6867 -1.6892 0.3479
-14.3052 -0.8864 -1.8743 0.3436
13.7569 4.3261 -1.4850 0.3203
-13.4846 -6.7283 -1.7067 0.3469
-21.1880 8.0480 -1.7697 0.3479
16.1189 -3.5695 -1.6161 0.3727
-18.3583 9.6533 -1.7435 0.3747
-18.6270 -4.2917 -1.9010 0.3529
19.3966 4.5131 -1.4436 0.3913
-21.6879 -2.4666 -1.9224 0.3538
23.5862 6.7318 -1.4108 0.3707
22.7689 -0.7519 -1.6239 0.3480
-16.5164 7.4106 -1.7301 0.3272
6.1028 5.0788 -1.5484 0.3415
-19.2025 1.7206 -1.9064 0.3795
12.9543 -5.0002 -1.4928 0.3447
-21.2242 -4.8026 -1.7696 0.3407
31.6689 9.8284 -1.3374 0.3499
-12.5362 8.5078 -1.6943 0.3422
15.9737 -7.2316 -1.4741 0.3739
-17.3025 -5.9187 -1.7390 0.3877
-12.4242 -7.8637 -1.6950 0.3501
2.0570 -5.9732 -1.5833 0.3608
9.3858 -4.1952 -1.6690 0.3694
34.9318 6.7525 -1.3193 0.3522
-23.4444 -8.0964 -1.7895 0.3324
-24.9811 7.6424 -1.8021 0.3418
-3.9780 9.4386 -1.6270 0.3582
-3.0306 -4.3652 -1.6267 0.3579
28.0302 -0.8753 -1.5360 0.3142
29.7550 0.5866 -1.5235 0.3413
27.8315 -5.8862 -1.3784 0.3353
-16.4093 4.6315 -1.7343 0.3676
-0.2737 1.6000 -1.7526 0.3360
19.7531 -7.7565 -1.4427 0.3408
-6.2433 7.9196 -1.6461 0.3401
14.7943 -3.9561 -1.6264 0.3658
-10.7714 -6.8751 -1.6844 0.3694
-5.5948 9.6371 -1.6381 0.3599
26.6258 -7.9418 -1.3834 0.3721
-9.9695 -8.8061 -1.6727 0.3747
32.8594 -5.2489 -1.3401 0.3138
-6.6244 -3.6147 -1.8092 0.3618
-23.5883 -1.3239 -1.9343 0.3426
-9.7059 3.7034 -1.8348 0.3249
-14.7277 -2.6857 -1.8754 0.3436
5.4096 1.1867 -1.6984 0.3646
-18.2370 -9.8838 -1.7422 0.3791
12.5629 -2.3020 -1.6399 0.3231
27.4939 8.8994 -1.3740 0.3624
-3.2489 5.4969 -1.6271 0.3893
-14.8904 4.8160 -1.7225 0.3866
-0.9985 -3.9097 -1.7590 0.2809
22.1580 -0.2365 -1.7190 0.3936
10.4893 6.8905 -1.5179 0.3692
-18.9314 7.6031 -1.7503 0.3039
7.2312 4.2109 -1.6869 0.3347
3.0851 -0.8692 -1.7201 0.3752
-5.3733 -8.5367 -1.6384 0.3572
-18.3904 -7.6129 -1.7457 0.3385
33.8667 -9.9941 -1.3201 0.3513
-14.4374 -2.8160 -1.8731 0.3609
-13.4354 -9.5323 -1.6996 0.3384
-16.2650 -1.2996 -1.8875 0.3475
9.2116 1.9508 -1.6659 0.3679
1.6202 1.9176 -1.7345 0.3360
-10.0266 1.1060 -1.8417 0.3229
0.7654 -5.4766 -1.5936 0.3373
15.4113 0.3838 -1.6179 0.3322
-8.0980 9.5967 -1.6565 0.3379
29.9147 -1.1076 -1.5219 0.3155
-6.6192 7.4898 -1.6500 0.3547
-13.1093 -2.3719 -1.8641 0.3674
32.2741 2.4609 -1.5015 0.3338
23.6336 -0.3632 -1.5656 0.3370
-4.4117 3.7724 -1.7896 0.3463
25.4859 7.9476 -1.3931 0.3318
6.1289 -1.1820 -1.6918 0.3697
-4.1948 5.1480 -1.6355 0.3322
25.3767 7.6508 -1.3945 0.3395
20.1299 5.7909 -1.4388 0.3347
-7.1275 -9.5089 -1.6494 0.3701
11.4007 -9.9962 -1.5183 0.3454
-2.8366 7.6592 -1.6210 0.3899
-24.9369 4.5863 -1.7967 0.3571
32.7089 9.1626 -1.3306 0.3732
7.9777 -4.1504 -1.6805 0.3435
10.9060 5.7594 -1.5112 0.3311
10.9935 6.0304 -1.5113 0.3493
8.0385 7.1465 -1.5381 0.3364
-7.5971 3.8406 -1.8170 0.3100
33.2946 -7.2338 -1.3309 0.3703
12.3001 3.6189 -1.6445 0.3507
15.2553 2.0897 -1.6201 0.3360
2.2876 -3.3266 -1.7290 0.3575
-7.7283 -5.8277 -1.6631 0.3509
-21.1391 7.7020 -1.7692 0.3782
-3.9862 -7.1611 -1.6304 0.3587
-14.4342 -1.5560 -1.8747 0.3469
14.7253 2.4560 -1.6243 0.3639
27.7402 9.4359 -1.3708 0.3493
-6.8347 3.4195 -1.8114 0.3537
-5.0270 -3.9024 -1.7948 0.3745
15.2219 -8.7868 -1.4835 0.3266
-16.0437 -3.6459 -1.8833 0.3327
30.7662 -4.1443 -1.5100 0.3416
-3.1692 6.3816 -1.6252 0.3445
-18.9280 -2.4683 -1.9043 0.3731
-14.5190 -8.0310 -1.7120 0.3217
30.9648 7.3995 -1.3490 0.3494
-10.1728 -9.6389 -1.6725 0.3390
14.7361 -9.9398 -1.4897 0.3840
-15.6301 -0.5049 -1.8836 0.3677
-13.3539 -8.6156 -1.7008 0.3548
27.7543 -6.4580 -1.3775 0.3694
-16.1180 9.7057 -1.7229 0.3236
-23.8750 6.8873 -1.7918 0.3906
5.0740 5.2808 -1.5574 0.3332
26.7636 3.4159 -1.5419 0.3751
-5.4405 -9.0437 -1.6380 0.3610
-17.3103 6.7182 -1.7378 0.3553
33.9338 -0.5762 -1.4896 0.3743
15.6043 -8.0336 -1.4788 0.3699
26.0414 -3.9850 -1.5462 0.3521
20.1283 0.0394 -1.5875 0.3416
16.8945 -9.7261 -1.4700 0.3525
-1.9262 -4.9516 -1.6165 0.3479
-5.5396 -3.2815 -1.8004 0.3571
18.0175 -0.7242 -1.6008 0.3704
18.0028 -9.9604 -1.4601 0.3594
32.0353 1.3089 -1.5050 0.3537
9.1196 -6.0473 -1.5264 0.3369
-7.3227 1.9450 -1.8180 0.3565
4.3717 -5.2170 -1.5631 0.3161
11.8228 -1.9456 -1.6450 0.3340
0.6038 2.4726 -1.7443 0.3621
22.4680 3.1315 -1.5722 0.3677
10.0768 -9.3881 -1.5278 0.3496
-24.4339 0.7015 -1.9396 0.3540
9.1904 6.3328 -1.5266 0.3574
13.0162 -5.8715 -1.4947 0.3636
29.9157 0.6398 -1.5222 0.3460
-0.1767 -1.0477 -1.7517 0.3303
9.4681 6.9987 -1.5264 0.3577
3.4998 -1.2247 -1.7163 0.3892
6.8994 8.8768 -1.5510 0.3316
-20.9618 3.0486 -1.9177 0.3475
28.8370 1.2277 -1.5299 0.3423
29.6247 -4.1616 -1.5189 0.3983
7.8836 1.9305 -1.6771 0.3308
8.3933 -7.3751 -1.5359 0.3468
-21.5466 -1.6751 -1.9214 0.3427
10.8770 -4.3114 -1.5073 0.3249
0.7491 3.4055 -1.7431 0.3238
17.5426 5.2799 -1.4582 0.3614
-22.1725 8.5726 -1.7786 0.3642
17.6533 -5.5580 -1.4577 0.3388
-7.7864 7.6950 -1.6585 0.3782
14.1023 6.9190 -1.4888 0.3050
12.6276 7.2486 -1.5017 0.3248
-11.3895 4.8095 -1.6954 0.3335
1.4271 -4.6456 -1.5876 0.3498
25.1380 7.5574 -1.3967 0.3410
11.3355 1.9910 -1.6489 0.3460
-20.8757 4.8122 -1.7670 0.3597
1.5745 -5.8949 -1.5871 0.3791
-6.2937 -6.8518 -1.6490 0.3660
13.4987 -4.4630 -1.4873 0.3511
11.8738 0.2274 -1.6433 0.3484
-24.3761 -1.6675 -1.9396 0.3720
11.4617 7.7522 -1.5126 0.3877
19.0910 -9.7396 -1.4498 0.3628
21.1238 -8.3990 -1.4308 0.3402
-21.4615 -3.4918 -1.9211 0.3552
-6.7805 -6.6454 -1.6533 0.3616
0.2764 -1.8650 -1.7473 0.3389
-14.2137 4.3519 -1.7184 0.3673
0.2440 9.8684 -1.5984 0.3553
-20.7322 -5.9585 -1.7659 0.3733
-18.2070 -4.6805 -1.7475 0.3305
15.1217 5.3748 -1.4770 0.3152
-9.2457 -4.5590 -1.6789 0.3421
17.6844 4.0750 -1.6056 0.3505
-22.1135 1.6698 -1.9250 0.3140
8.7622 7.0979 -1.5323 0.3378
-1.5131 -9.3333 -1.6102 0.3757
22.8183 9.5949 -1.4150 0.3607
22.0371 9.2850 -1.4224 0.3528
-2.4664 -9.5522 -1.6166 0.3289
12.3628 -0.0098 -1.6396 0.3750
-11.3471 -1.9715 -1.8662 0.3417
9.8244 -4.9167 -1.5174 0.3519
-20.1241 9.5565 -1.7599 0.3581
1.0763 -6.5080 -1.5915 0.3534
-14.0363 -4.7289 -1.7162 0.3798
28.0029 -9.8355 -1.3679 0.3615
1.6940 1.6045 -1.7337 0.3568
10.4464 7.2160 -1.5192 0.3483
-3.3771 2.4383 -1.7818 0.3586
-7.6755 3.0321 -1.8194 0.3458
-12.8248 -8.6736 -1.6963 0.3538
29.7123 4.2961 -1.5178 0.3432
22.9679 -1.8199 -1.5695 0.3400
-17.0043 -0.5258 -1.8927 0.3317
19.8035 1.7003 -1.5897 0.3446
0.1118 9.5073 -1.5993 0.3433
-24.0762 4.9637 -1.7908 0.3866
6.7020 3.6785 -1.6902 0.3698
-17.1972 -1.3621 -1.8936 0.3473
-12.4039 -9.3110 -1.6913 0.3415
16.7625 0.7737 -1.6090 0.3623
-9.5715 3.2176 -1.8348 0.3888
28.5133 4.0838 -1.5276 0.3659
14.4302 2.1576 -1.6260 0.3156
24.9370 -3.9927 -1.5542 0.3673
11.9114 -5.5794 -1.5027 0.3708
27.1310 -8.1981 -1.3785 0.3940
-3.2989 4.0566 -1.7794 0.3450
7.9484 9.4157 -1.5443 0.3528
5.9534 0.5004 -1.6931 0.3590
29.2274 3.4637 -1.5235 0.3347
-15.1051 3.8521 -1.8761 0.3329
9.6836 -6.7712 -1.5240 0.3580
20.2659 -6.1640 -1.4378 0.3191
-2.7970 -5.8365 -1.6229 0.3237
27.0549 8.6568 -1.3782 0.3663
-2.6191 -9.6884 -1.6175 0.3600
-14.6015 0.8234 -1.8764 0.3750
10.0429 -2.4564 -1.6599 0.3593
0.2341 3.1870 -1.7478 0.3502
-24.0886 -5.5902 -1.7918 0.3758
-20.8097 9.2234 -1.7663 0.3415
-13.2834 -3.3757 -1.8635 0.3433
21.1598 8.5185 -1.4305 0.3487
28.5224 1.7840 -1.5316 0.3590
7.7385 -1.7108 -1.6781 0.3487
-18.6661 4.6777 -1.7509 0.3203
7.0651 1.0613 -1.6834 0.3447
26.3363 -7.2283 -1.3873 0.3494
19.9687 4.0898 -1.5893 0.3523
-7.5341 1.5899 -1.8203 0.3410
-17.5666 1.3129 -1.8960 0.3601
29.0409 4.7629 -1.3718 0.3178
26.2453 3.0696 -1.5462 0.3583
-21.7771 -2.6751 -1.9230 0.3859
24.4205 -3.6302 -1.5583 0.3379
-19.1672 -4.9836 -1.7543 0.3512
-21.2030 1.5029 -1.9192 0.3451
20.5161 -4.0022 -1.5855 0.3454
7.1786 -7.5916 -1.5460 0.3294
-0.1271 5.6539 -1.6011 0.3898
29.2317 -5.8174 -1.3675 0.3577
25.3582 -6.7025 -1.3964 0.3366
-21.5426 6.9800 -1.7725 0.3343
11.9652 4.0426 -1.6481 0.3512
21.3360 5.3231 -1.4295 0.3066
8.0294 -2.9928 -1.6776 0.3711
33.9803 2.3487 -1.4874 0.3397
16.1628 8.6439 -1.4751 0.3578
-18.7514 -4.3461 -1.7518 0.3587
-13.1021 -8.6208 -1.6987 0.3693
24.5747 -6.5824 -1.4029 0.3599
34.8054 7.9493 -1.3173 0.3649
-19.0996 -4.3694 -1.7543 0.3704
-18.9802 -0.1749 -1.9053 0.3434
20.8032 0.6914 -1.5833 0.3930
-21.1387 9.2003 -1.7693 0.3571
-20.8864 -3.9704 -1.9171 0.3494
28.3290 0.4278 -1.5340 0.3332
23.0270 9.1625 -1.4134 0.3459
27.8938 -5.9731 -1.3777 0.3580
14.0308 1.9577 -1.6286 0.3519
-5.6478 -8.7279 -1.6400 0.3865
29.3788 -4.7405 -1.3693 0.3422
-7.0766 -8.6157 -1.6508 0.3636
-8.4693 -3.3969 -1.8253 0.3275
28.1840 -5.8713 -1.3756 0.3937
15.8494 5.9683 -1.4726 0.3261
28.7403 -0.7321 -1.5309 0.3915
-15.6459 -1.9000 -1.8828 0.3473
32.1378 3.8465 -1.4997 0.3053
11.7645 8.9440 -1.5132 0.3770
15.0821 -3.9691 -1.6243 0.3516
29.8436 -8.6650 -1.3547 0.3409
-2.1548 -7.8044 -1.6158 0.3628
18.1745 7.1443 -1.4556 0.3633
13.4204 6.9171 -1.4943 0.3583
22.2652 -0.4927 -1.7260 0.3727
28.8166 -7.0471 -1.3674 0.3551
15.8037 0.5298 -1.6153 0.3630
-20.9416 3.3684 -1.9175 0.3396
-14.0116 -3.3553 -1.8690 0.3653
32.2387 -8.3496 -1.3362 0.3397
33.1190 -3.5612 -1.4924 0.3275
33.0448 3.8115 -1.4924 0.3459
-22.7920 9.5674 -1.7847 0.3445
-2.0531 -6.1982 -1.6165 0.3686
20.5804 8.2911 -1.4357 0.3209
20.1731 -0.8675 -1.5873 0.3719
-19.8455 3.2644 -1.9101 0.3375
11.5693 7.2740 -1.5103 0.3007
-16.4278 1.1492 -1.8886 0.3259
4.5926 -8.7708 -1.5677 0.3438
-10.6189 -4.6844 -1.6896 0.3589
-21.8103 6.0581 -1.7744 0.3473
-20.1988 1.0578 -1.9129 0.3258
29.6536 -3.4185 -1.5204 0.3344
19.6788 1.6660 -1.5905 0.3261
30.9094 -4.6286 -1.3575 0.3552
3.1994 -5.1798 -1.5729 0.3482
-0.2025 6.5679 -1.6016 0.3623
-3.4956 -1.9986 -1.7832 0.3146
11.9784 -4.5202 -1.4992 0.3393
-3.9064 -1.8165 -1.7872 0.3906
19.7764 8.4127 -1.4429 0.3628
23.0790 -6.3842 -1.4153 0.3441
27.5507 -6.2954 -1.3796 0.3303
-10.4319 -2.9247 -1.8424 0.3722
6.6213 -8.7912 -1.5529 0.3807
-11.5933 -8.5016 -1.6865 0.3270
-22.7467 -9.7804 -1.7844 0.3289
17.4695 -7.0763 -1.4614 0.3556
7.9389 2.8077 -1.6780 0.3574
18.4356 -6.0715 -1.4523 0.3597
-19.7426 -2.4442 -1.9097 0.3869
34.7316 4.1117 -1.4776 0.3306
34.6609 -9.3635 -1.3153 0.3508
2.9000 -5.8188 -1.5762 0.3644
26.9635 9.9178 -1.3769 0.3642
-10.3859 1.9392 -1.8437 0.3370
19.2540 3.1996 -1.5939 0.3378
27.7536 0.3210 -1.5382 0.3408
23.8800 9.3178 -1.4054 0.3841
23.7064 -7.1141 -1.4094 0.3304
2.7816 -8.6525 -1.5805 0.3435
24.1994 6.3233 -1.4063 0.3655
16.4423 -9.9181 -1.4744 0.3282
-17.0529 1.2312 -1.8927 0.3552
-18.1489 -9.9718 -1.7413 0.3120
21.3153 -3.0351 -1.5800 0.3539
12.5278 3.0177 -1.6414 0.3510
6.1626 0.9465 -1.6914 0.3533
29.4357 1.1972 -1.5255 0.3326
14.5754 -6.8531 -1.4848 0.3546
-1.2312 -4.1053 -1.7610 0.3492
-0.1641 4.2006 -1.7515 0.3760
11.3147 -9.5341 -1.5181 0.3628
20.6165 1.9057 -1.5845 0.3210
8.8612 0.3413 -1.6675 0.3333
5.5257 -3.1209 -1.6995 0.3377
18.6140 -3.3045 -1.5983 0.3536
17.3159 5.9789 -1.4610 0.3466
24.8208 -2.3601 -1.5569 0.3465
-21.2469 -8.4028 -1.7703 0.4064
20.2971 9.2408 -1.4384 0.3397
5.8256 -7.3926 -1.5559 0.3778
-20.5184 5.9491 -1.7642 0.3471
15.7406 -9.7211 -1.4805 0.3064
17.9924 -2.7120 -1.6021 0.3538
6.4176 0.3036 -1.6888 0.3724
22.6279 -9.4044 -1.4169 0.3627
-6.9851 4.6817 -1.6599 0.3551
-12.8856 -4.7884 -1.7072 0.3505
-3.9560 0.8234 -1.7882 0.3401
-0.3970 5.8466 -1.6033 0.3679
16.7560 1.8223 -1.6096 0.3413
25.7312 -0.8877 -1.5519 0.3372
18.2551 -3.2778 -1.6007 0.3582
-14.5607 -9.0979 -1.7101 0.3440
-3.0270 8.2604 -1.6217 0.3756
-15.4952 1.8386 -1.8818 0.3593
16.2035 2.6307 -1.6142 0.3344
-10.1097 -1.1898 -1.8423 0.3271
6.5232 -2.5458 -1.6898 0.3385
22.5098 -9.0669 -1.4181 0.3968
15.2564 -6.6202 -1.4787 0.3452
-7.0976 -1.4890 -1.8166 0.3652
-5.0280 -5.1659 -1.6425 0.3239
14.2019 -9.1112 -1.4930 0.3283
7.9681 0.9203 -1.6754 0.3462
-19.2164 -0.7177 -1.9068 0.3840
27.4395 -1.5725 -1.5397 0.3242
5.7568 5.6846 -1.5526 0.3374
3.4017 1.9906 -1.7176 0.3680
-13.0936 -9.9717 -1.6959 0.3819
-2.3804 5.2382 -1.6201 0.3587
-5.0305 -0.3482 -1.7984 0.3635
-8.7559 0.3363 -1.8316 0.3321
9.0444 7.7915 -1.5320 0.3235
2.7365 -7.8156 -1.5799 0.3271
28.3519 1.9881 -1.5326 0.3325
31.4806 -4.3568 -1.3537 0.3545
-11.8316 -9.2658 -1.6867 0.3256
-18.9937 -1.2524 -1.9052 0.3550
22.1203 -4.3277 -1.4240 0.3437
34.6917 -9.9701 -1.3140 0.3387
26.8160 -0.1411 -1.5447 0.3677
-23.5782 -3.7775 -1.9359 0.3308
-9.9242 -1.3175 -1.8407 0.3787
-22.3995 -9.7654 -1.7812 0.3666
24.2468 -1.9644 -1.5611 0.3302
9.8844 -0.5919 -1.6591 0.3740
5.8231 -0.6796 -1.6943 0.3278
8.2670 4.3385 -1.5286 0.3759
-9.8529 9.8257 -1.6696 0.3567
11.0983 -9.4428 -1.5197 0.3184
-23.1600 -2.0795 -1.9319 0.3241
13.7607 7.1343 -1.4921 0.3419
19.0660 2.5139 -1.5948 0.3674
15.3816 9.6720 -1.4836 0.3466
-5.0729 4.2683 -1.7946 0.3461
24.5758 4.4849 -1.4061 0.3508
17.9326 -8.4783 -1.4593 0.3101
-17.3022 -4.4949 -1.7411 0.3665
-13.2913 1.6762 -1.8663 0.3768
13.2265 0.4479 -1.6333 0.3658
-7.6350 5.2518 -1.6639 0.3415
-17.8340 9.8732 -1.7385 0.3323
-15.7019 -5.8639 -1.7265 0.3284
-15.0630 -1.4320 -1.8792 0.3273
3.6675 7.3368 -1.5723 0.3953
11.4431 6.7630 -1.5099 0.3484
-14.4159 6.3439 -1.7152 0.3681
17.7498 2.4079 -1.6034 0.3670
-8.1392 9.8639 -1.6563 0.3529
-6.3065 -2.8419 -1.8078 0.3314
-11.5901 -7.6741 -1.6887 0.3604
22.1124 -7.3488 -1.4226 0.3283
32.5888 -1.2862 -1.5005 0.3620
4.5500 6.0990 -1.5633 0.3293
-22.4782 -0.9431 -1.9272 0.3413
-9.3658 2.2277 -1.8350 0.3412
-15.5170 -2.8396 -1.8808 0.3780
25.5657 4.2966 -1.5491 0.3013
-19.9088 -6.9372 -1.7590 0.3966
32.9886 0.4023 -1.4977 0.3339
10.3108 -6.2974 -1.5176 0.3475
6.0644 -0.6282 -1.6921 0.3583
25.8410 -1.3901 -1.5508 0.3566
-23.3471 2.0912 -1.9331 0.3669
21.6292 0.1909 -1.6356 0.3622
-18.0038 9.5148 -1.7403 0.3907
25.4467 8.0062 -1.3933 0.3646
6.7506 -4.1184 -1.6908 0.3477
-21.3322 -7.5765 -1.7709 0.3389
24.9947 -8.7050 -1.3961 0.3384
-23.3612 -6.0401 -1.7866 0.3759
-16.6978 -5.5579 -1.7349 0.3851
22.8695 7.7736 -1.4158 0.3701
2.8923 8.4968 -1.5795 0.2867
27.8833 -5.3906 -1.3792 0.3051
13.1258 5.1746 -1.4920 0.3498
12.4117 6.7153 -1.5019 0.3467
-7.4659 -2.4498 -1.8186 0.3504
-16.9792 7.4319 -1.7339 0.3750
32.6703 9.7730 -1.3296 0.3740
-18.7121 9.3559 -1.7470 0.3535
6.7406 4.8381 -1.5425 0.3195
-8.6459 -2.5667 -1.8284 0.3254
-9.1516 -5.4599 -1.6756 0.3513
10.6752 9.8574 -1.5239 0.3583
22.8760 -4.4765 -1.4185 0.3257
21.6308 -1.2323 -1.6290 0.3632
27.1281 -4.7175 -1.3866 0.3150
-7.4258 -0.0776 -1.8202 0.2967
2.9451 -7.7924 -1.5783 0.3325
-24.4399 6.1811 -1.7954 0.3775
19.8115 0.1021 -1.5895 0.3804
-6.8594 -1.6100 -1.8143 0.3181
8.6896 -2.7371 -1.6715 0.3196
-14.8420 1.5957 -1.8775 0.3652
24.1640 5.5978 -1.4076 0.3412
24.0363 8.0512 -1.4054 0.3773
27.6472 6.8304 -1.3774 0.3649
-22.2438 -1.0897 -1.9257 0.3683
34.5475 6.6798 -1.3226 0.3336
-10.1332 0.5723 -1.8429 0.3589
-6.4340 2.7636 -1.8091 0.3903
-10.0399 3.4912 -1.8380 0.3528
-8.9480 -2.0064 -1.8318 0.3491
8.1597 -0.2789 -1.6735 0.3413
-10.6114 3.8518 -1.8417 0.3180
-1.3737 -3.8414 -1.7624 0.3280
14.3364 4.9383 -1.4820 0.3322
25.1616 -2.9179 -1.5540 0.3171
16.5645 1.7098 -1.6108 0.3191
10.6594 6.7525 -1.5161 0.3010
-16.1363 -9.5359 -1.7233 0.3343
23.9669 -5.1932 -1.4097 0.3635
-22.7635 1.2234 -1.9290 0.3437
-9.1485 -7.8780 -1.6686 0.3438
-21.5765 -5.8880 -1.7725 0.3653
15.0457 4.9818 -1.4767 0.3838
-2.8977 -9.4835 -1.6196 0.3955
14.1229 2.2007 -1.6283 0.3529
-4.1781 -9.3169 -1.6286 0.3444
2.3444 -7.6815 -1.5827 0.3417
2.4777 -2.1932 -1.7265 0.3618
-22.2652 9.2954 -1.7797 0.3469
0.8136 0.9170 -1.7421 0.3469
13.4639 -3.7555 -1.6359 0.3483
7.7631 -1.7735 -1.6779 0.3312
-20.4830 1.3754 -1.9146 0.3034
15.0834 2.3883 -1.6217 0.3366
-6.4682 -4.6419 -1.6557 0.3791
-24.1339 -6.0541 -1.7928 0.3782
-15.6643 -0.0938 -1.8839 0.3688
4.8536 2.8970 -1.7052 0.3401
-6.3759 6.3316 -1.6509 0.3342
16.6630 1.8559 -1.6103 0.3825
-10.5608 3.8487 -1.8413 0.3283
21.3678 -0.3204 -1.6603 0.3508
-7.8114 1.3344 -1.8229 0.3838
12.2518 2.7090 -1.6430 0.3525
22.9530 -5.2734 -1.4173 0.3441
-1.8666 8.6815 -1.6131 0.3732
-22.1917 -3.0932 -1.9259 0.3514
7.1267 2.0938 -1.6839 0.3539
34.7245 1.2191 -1.4823 0.3803
33.1395 7.0669 -1.3326 0.2991
-11.7387 -7.7279 -1.6897 0.3572
20.3418 7.6846 -1.4376 0.3347
-4.3029 -7.2597 -1.6327 0.3459
-15.3837 -7.1094 -1.7212 0.3523
14.9549 7.2451 -1.4826 0.3365
5.0521 -4.8580 -1.5567 0.3546
7.3538 2.2357 -1.6821 0.3577
24.6436 -0.7278 -1.5591 0.3541
-4.8074 8.6853 -1.6340 0.3522
15.0257 5.6417 -1.4783 0.3476
-3.0285 -3.3001 -1.7778 0.3480
-22.4366 6.2688 -1.7795 0.3516
-2.3191 -5.4842 -1.6194 0.3312
32.0021 2.3114 -1.5040 0.3754
3.9957 5.0317 -1.5660 0.3482
-18.5062 4.0632 -1.9003 0.3419
16.2696 3.1336 -1.6144 0.3579
32.8028 6.5994 -1.3367 0.3477
29.4767 1.1242 -1.5252 0.3749
9.3176 8.5670 -1.5318 0.3679
-2.4232 -7.1038 -1.6185 0.3519
9.8407 -2.8858 -1.6623 0.3688
23.9559 5.6598 -1.4092 0.3547
26.6742 -3.8389 -1.5418 0.3269
24.1306 -1.1410 -1.5623 0.3678
2.3286 5.4576 -1.5805 0.3120
-17.8685 0.7714 -1.8982 0.2797
9.1504 -6.2476 -1.5267 0.3640
-15.6143 -6.5032 -1.7244 0.3589
-21.3425 -3.9754 -1.9203 0.3575
4.9201 -3.9397 -1.7062 0.3778
14.3224 -7.2665 -1.4879 0.3495
26.2488 6.6932 -1.3891 0.3424
21.9701 -4.3475 -1.4251 0.3659
26.4344 6.0449 -1.3890 0.3357
20.6041 9.4690 -1.4356 0.3452
17.1944 -3.3608 -1.6082 0.3551
-24.3917 9.4046 -1.7993 0.3567
12.5661 -6.1760 -1.4992 0.3433
-17.7711 2.9491 -1.8962 0.3402
-21.4800 9.8236 -1.7726 0.3276
-15.6153 6.1674 -1.7252 0.3343
24.3975 -5.4060 -1.4061 0.3864
19.6310 -4.8533 -1.4421 0.3447
31.9263 -4.7514 -1.3491 0.3538
33.7386 8.8599 -1.3233 0.3202
28.5970 -5.0918 -1.3744 0.4013
-17.0244 0.1923 -1.8928 0.3328
27.7030 -3.0022 -1.5358 0.3265
25.3182 -2.7746 -1.5531 0.3488
27.2652 -1.8356 -1.5406 0.3322
-15.8989 -3.0991 -1.8831 0.3573
-17.9925 1.9986 -1.8985 0.3198
30.4285 -1.4906 -1.5176 0.3727
-14.5704 -1.1798 -1.8759 0.3688
-2.8827 0.1199 -1.7781 0.3476
2.3591 -2.8764 -1.7280 0.3169
-17.5334 5.0912 -1.7420 0.3338
-23.7619 0.0696 -1.9352 0.3513
34.6454 0.1842 -1.4834 0.3258
27.5994 -5.8031 -1.3804 0.3290
29.7403 -9.3833 -1.3539 0.3710
-7.9262 6.1855 -1.6637 0.3531
-11.7939 7.1096 -1.6919 0.3525
0.5520 -5.1751 -1.5953 0.3605
2.1992 -2.7994 -1.7294 0.3467
-24.6640 -2.8396 -1.9425 0.3488
21.7552 3.6842 -1.5768 0.3591
34.8000 -6.2553 -1.3217 0.3662
6.7215 9.5743 -1.5537 0.3600
-1.7045 -8.7628 -1.6119 0.3792
-1.4349 9.4753 -1.6096 0.3505
-19.2354 -8.6244 -1.7522 0.3231
-9.0303 -3.6497 -1.8294 0.3718
5.1280 -4.9861 -1.5563 0.3451
0.9109 -4.8073 -1.5921 0.3346
7.7021 9.8934 -1.5470 0.3642
25.9439 -0.8330 -1.5505 0.3574
-11.4855 -7.6098 -1.6880 0.3244
-23.3401 9.6456 -1.7899 0.3634
-22.7065 -5.1467 -1.7808 0.3875
-16.9499 -8.5491 -1.7320 0.3565
9.2290 -9.5164 -1.5347 0.3449
23.4911 -0.7354 -1.5665 0.3166
28.2084 8.3666 -1.3690 0.3910
13.1068 -9.6608 -1.5034 0.3397
-0.8114 4.5035 -1.6071 0.3218
-15.7291 -4.7916 -1.7289 0.3522
-0.9149 -5.6188 -1.6076 0.3702
-5.0551 4.0758 -1.7948 0.3747
27.2016 4.9575 -1.3855 0.3366
4.2032 1.1803 -1.7096 0.3480
-11.4282 -5.9549 -1.6924 0.3500
-7.6719 -9.8738 -1.6528 0.3695
-16.8118 4.7456 -1.7371 0.3619
30.1151 1.9923 -1.5194 0.3554
-21.9792 -1.5491 -1.9241 0.3683
-24.2292 -5.7284 -1.7930 0.3228
-14.0207 5.2387 -1.7148 0.3584
23.6524 -8.5821 -1.4082 0.3544
6.4080 2.8540 -1.6913 0.3490
12.5506 3.7680 -1.6429 0.3450
-3.5361 -5.5349 -1.6294 0.3527
-20.8793 -0.3335 -1.9172 0.3386
26.3695 0.4040 -1.5477 0.4045
-13.4863 1.8256 -1.8676 0.3772
-23.0164 8.0238 -1.7857 0.3719
9.3622 0.9283 -1.7049 0.3394
-20.0026 -8.6536 -1.7591 0.3309
-19.2543 -3.1006 -1.9062 0.3458
23.0226 2.5665 -1.5688 0.3523
4.4966 -3.3372 -1.7090 0.3210
-10.5095 5.3588 -1.6868 0.3596
-4.0824 -6.2019 -1.6328 0.3716
18.7545 -7.1399 -1.4508 0.3053
-21.0188 -5.3793 -1.7681 0.3320
-18.0112 7.5217 -1.7425 0.3746
11.9757 3.6187 -1.6470 0.3575
11.4183 0.4010 -1.6468 0.3327
33.3477 -3.9933 -1.4894 0.3647
-2.5270 8.3718 -1.6180 0.3381
-21.0953 7.7755 -1.7689 0.3453
7.2522 -2.0120 -1.6827 0.3272
13.3008 5.0545 -1.4903 0.3503
-16.6238 8.2713 -1.7295 0.3704
8.1717 -3.7329 -1.6779 0.3404
-13.1340 -3.4256 -1.8623 0.3629
25.6838 0.9161 -1.5522 0.3490
25.1097 -1.8327 -1.5554 0.3716
0.7777 5.2296 -1.5934 0.3407
33.0046 0.7386 -1.4974 0.3811
33.7864 -5.7629 -1.3312 0.3636
-17.2449 -2.8723 -1.8927 0.3549
-2.9372 3.4248 -1.7769 0.3556
11.0193 -8.9313 -1.5192 0.3407
-19.9097 -3.1567 -1.9106 0.3394
-2.0407 -9.6781 -1.6136 0.3552
-9.3297 6.4173 -1.6742 0.3260
32.1230 -7.6562 -1.3390 0.3380
-0.3049 -8.4559 -1.6022 0.3313
20.7603 5.7319 -1.4339 0.3614
-1.7977 -8.2099 -1.6129 0.3617
-17.0913 3.6853 -1.8907 0.3754
26.7891 -2.4027 -1.5433 0.3433
-24.9750 6.4340 -1.8001 0.3338
-21.6435 -6.3430 -1.7732 0.3206
-3.1369 -8.3117 -1.6225 0.3554
16.2139 -5.4319 -1.4686 0.3779
-4.4977 8.6427 -1.6318 0.3485
-21.0212 6.5824 -1.7682 0.3505
-5.9296 -4.2843 -1.8019 0.3499
-10.3011 -5.8777 -1.6836 0.3551
-24.6748 -6.8632 -1.7983 0.3699
7.0881 -5.5759 -1.5415 0.3884
-18.0012 -5.8991 -1.7445 0.3600
-7.7502 7.7638 -1.6580 0.3613
13.4714 -9.6003 -1.5002 0.3452
18.5069 7.6025 -1.4533 0.3478
-9.1927 -9.1715 -1.6658 0.3476
-5.2484 6.5367 -1.6414 0.3427
-10.1854 -1.4851 -1.8427 0.3526
32.4133 -8.4559 -1.3346 0.3625
-13.5688 5.9801 -1.7094 0.3513
-14.0092 -4.8712 -1.7157 0.3444
1.7021 7.5606 -1.5873 0.3525
-13.6416 5.0452 -1.7124 0.3308
-15.5975 9.6354 -1.7184 0.3661
-19.2472 6.6375 -1.7537 0.3417
13.4103 -5.1808 -1.4898 0.3269
11.7249 -1.8157 -1.6456 0.3592
14.0098 3.9326 -1.6322 0.3602
21.3980 -3.6787 -1.5793 0.3328
-5.4185 0.9301 -1.8018 0.3625
30.1054 -5.2471 -1.3622 0.3627
18.9923 3.2590 -1.5957 0.3895
23.2825 -3.1573 -1.5666 0.3453
18.2577 -8.8964 -1.4568 0.3489
-3.4927 9.3555 -1.6238 0.3379
-8.0181 6.8781 -1.6625 0.3599
0.3510 -3.9257 -1.7468 0.3499
-19.1782 -7.4075 -1.7526 0.3698
2.0768 4.7045 -1.5820 0.3413
-22.4115 -5.5865 -1.7788 0.3594
-24.7632 2.1091 -1.9425 0.3452
30.8899 5.5816 -1.3550 0.3132
16.3602 -4.5515 -1.4659 0.3626
8.7108 -4.3073 -1.5248 0.3150
-4.5339 -8.7677 -1.6319 0.3468
9.2323 -3.6030 -1.6688 0.3471
28.4945 1.9490 -1.5316 0.3498
14.1428 -6.8841 -1.4884 0.3509
11.1489 9.0617 -1.5185 0.3507
2.6123 4.4483 -1.5771 0.3573
-4.2582 -5.9220 -1.6347 0.3478
16.9128 0.6123 -1.6080 0.4023
33.8589 -2.1712 -1.4887 0.3432
0.4855 -2.3529 -1.7454 0.3255
-1.4677 1.1998 -1.7642 0.3218
0.6868 -7.8370 -1.5950 0.3632
0.5326 -5.6937 -1.5956 0.3182
34.4375 -7.0064 -1.3226 0.3258
17.4067 -6.5204 -1.4611 0.3229
-3.4489 3.1043 -1.7818 0.3591
-2.7099 9.9233 -1.6179 0.3766
0.8478 3.0221 -1.7421 0.3311
-22.7973 9.6945 -1.7849 0.3584
6.6690 1.5401 -1.6873 0.2973
23.6829 -4.3338 -1.4128 0.3351
14.6341 7.4461 -1.4857 0.3620
-13.0947 -8.6562 -1.6986 0.3438
18.6821 -7.9514 -1.4522 0.3699
18.1675 8.9525 -1.4577 0.3053
-9.2476 3.0037 -1.8326 0.3353
12.3725 8.5792 -1.5073 0.3591
11.6569 -7.3423 -1.5098 0.3588
25.3873 5.3652 -1.3986 0.3603
-16.8357 -5.3038 -1.7364 0.3542
-13.3097 -3.1329 -1.8642 0.3271
4.1582 7.9798 -1.5696 0.3344
-22.3513 -1.7749 -1.9265 0.3963
-0.0643 3.4107 -1.7506 0.3248
22.2931 7.7455 -1.4208 0.3217
-16.0771 7.4175 -1.7264 0.3636
2.5969 -9.8219 -1.5828 0.3288
34.3862 -6.8357 -1.3234 0.3858
5.3552 8.3724 -1.5615 0.4047
4.8994 1.2483 -1.7031 0.3452
8.5276 -0.3960 -1.6703 0.3562
-13.8397 -8.6948 -1.7048 0.3135
-16.1702 -9.4990 -1.7237 0.3706
15.6413 9.0683 -1.4804 0.3052
-1.2540 -0.5230 -1.7623 0.3232
-7.6056 5.7283 -1.6624 0.3524
-23.1165 -5.6000 -1.7843 0.3610
25.7630 -5.2586 -1.3959 0.3203
-23.0603 1.2051 -1.9309 0.3391
19.9990 7.5205 -1.4405 0.3168
-2.0807 -4.2284 -1.7685 0.3437
10.9213 -3.4240 -1.6548 0.3340
-10.1393 1.0126 -1.8427 0.3373
-15.6760 -9.1999 -1.7197 0.3630
7.0033 -2.4248 -1.6854 0.3556
16.7371 1.1257 -1.6093 0.3612
-13.2704 -9.9035 -1.6975 0.3474
1.1815 2.7601 -1.7389 0.3643
1.6793 -8.9808 -1.5884 0.3493
-12.0413 4.3992 -1.7016 0.3402
8.9030 6.0336 -1.5280 0.3614
-16.2439 6.7759 -1.7290 0.3415
5.5850 3.4678 -1.6995 0.3434
-18.1941 1.2314 -1.9001 0.3714
4.1325 -3.8488 -1.7130 0.3695
-6.3041 -1.5077 -1.8095 0.3441
2.1348 -8.2589 -1.5847 0.3675
1.0250 4.1420 -1.7409 0.3244
29.4760 -9.5063 -1.3559 0.3442
4.3961 -1.7313 -1.7082 0.3350
24.1099 0.1242 -1.5626 0.3500
-11.4609 3.0018 -1.8504 0.3647
-3.8750 -3.1360 -1.7857 0.3611
-20.4946 -1.1442 -1.9147 0.3584
0.2449 1.7475 -1.7476 0.3527
15.1220 8.4635 -1.4838 0.3468
25.2900 3.4394 -1.5524 0.3740
8.9549 -4.9113 -1.5244 0.3191
13.4044 6.9453 -1.4946 0.3367
-14.3640 -8.8987 -1.7088 0.3582
-22.7676 -4.5540 -1.7808 0.3806
22.5013 -7.8370 -1.4189 0.3431
-14.9777 -1.0592 -1.8789 0.3448
-19.5298 2.7385 -1.9082 0.3242
31.2537 0.6199 -1.5118 0.3392
32.8113 6.2252 -1.3377 0.3642
11.9754 1.3498 -1.6432 0.3816
-2.2818 -5.3467 -1.6192 0.3441
24.9944 0.7284 -1.5568 0.3340
-12.7168 4.7098 -1.7061 0.3514
0.7635 0.0591 -1.7425 0.3177
-3.5790 -1.1606 -1.7845 0.3747
29.7620 0.5819 -1.5234 0.3254
30.1866 0.9612 -1.5200 0.3563
14.0532 -3.7889 -1.6316 0.3560
-18.3556 7.0845 -1.7459 0.3626
3.9316 -5.8463 -1.5678 0.3551
-10.2803 -9.3434 -1.6739 0.3501
28.0949 4.8298 -1.3790 0.3586
-16.6958 6.8463 -1.7326 0.3667
-21.7414 2.8547 -1.9228 0.3859
17.2657 -0.6211 -1.6057 0.3279
2.1972 9.5041 -1.5852 0.3132
25.3019 -2.5848 -1.5534 0.3191
-20.5222 -1.8820 -1.9149 0.3137
23.0646 1.8223 -1.5689 0.3260
-22.7599 -1.3915 -1.9290 0.3235
-23.3158 1.1060 -1.9325 0.3417
2.6789 9.3313 -1.5818 0.3671
-11.7225 -5.2500 -1.6968 0.3625
10.6231 -7.0287 -1.5172 0.3376
-23.4510 -1.5290 -1.9335 0.3393
-22.8766 0.0800 -1.9296 0.3902
18.6289 4.2639 -1.5990 0.3619
-12.3901 9.1035 -1.6917 0.3535
14.3850 3.7734 -1.6291 0.3524
19.9953 9.7435 -1.4413 0.3442
-21.4401 -5.0732 -1.7713 0.3901
21.1852 -5.8222 -1.4306 0.3462
-8.8947 -3.8693 -1.8278 0.3530
-1.6272 5.7425 -1.6134 0.3170
-19.8016 -6.2697 -1.7584 0.3373
25.3178 -6.0762 -1.3978 0.3390
8.6437 -1.7653 -1.6704 0.3597
5.2799 -3.6491 -1.7025 0.3345
33.1133 2.9296 -1.4937 0.3510
-4.9297 7.8033 -1.6364 0.3379
28.4468 -7.2268 -1.3699 0.3280
18.1813 0.9351 -1.5998 0.3272
30.7117 -8.2320 -1.3487 0.3465
29.4681 -5.5701 -1.3663 0.3521
34.4618 -3.8180 -1.4805 0.3461
-17.0994 1.5821 -1.8928 0.3333
22.7610 1.0976 -1.5710 0.3472
23.2697 2.8613 -1.5669 0.3435
13.6624 6.3781 -1.4910 0.3292
-8.2683 -6.2554 -1.6662 0.3517
32.9089 4.8676 -1.3408 0.3862
-12.7347 3.3404 -1.8595 0.3470
4.9745 -8.4058 -1.5643 0.3208
6.2892 -3.1061 -1.6928 0.3794
-15.2902 -9.4460 -1.7159 0.3751
18.3517 -8.1963 -1.4553 0.3787
-19.6680 -4.3243 -1.7584 0.3492
16.5859 -5.1377 -1.4653 0.3343
25.9169 8.0035 -1.3893 0.3321
-4.0362 7.8758 -1.6296 0.3728
17.5652 1.5574 -1.6041 0.3821
-15.5936 4.7007 -1.7281 0.3316
25.7569 9.9920 -1.3876 0.2996
32.1219 -1.7961 -1.5038 0.3496
-15.8384 0.4485 -1.8850 0.3319
16.5116 3.0230 -1.6125 0.3359
5.3499 8.4112 -1.5616 0.3452
6.8900 5.9403 -1.5440 0.3582
17.3894 -8.7116 -1.4644 0.3344
4.3244 4.2590 -1.7119 0.3527
11.0196 -4.9613 -1.5080 0.3475
-11.1459 -4.9020 -1.6932 0.3039
-2.2896 0.9448 -1.7722 0.3609
26.9144 3.9260 -1.5399 0.3410
-18.4058 -6.8154 -1.7467 0.3247
10.8545 -3.7098 -1.6560 0.3355
-13.9428 4.3224 -1.7164 0.3541
25.7924 -6.9600 -1.3923 0.3509
9.7426 6.9942 -1.5242 0.3629
-0.8171 -0.8791 -1.7580 0.3587
-10.0105 1.7198 -1.8410 0.3266
1.2107 -8.3920 -1.5914 0.2909
32.4567 9.0900 -1.3327 0.3524
5.5526 8.1506 -1.5596 0.3626
3.1694 -6.1984 -1.5745 0.3460
19.7764 3.2620 -1.5904 0.3632
-2.2572 5.8623 -1.6185 0.3300
0.6454 -7.5607 -1.5952 0.3431
-4.7831 1.5491 -1.7956 0.3316
-15.9448 7.0091 -1.7261 0.3639
17.8286 0.1343 -1.6020 0.3318
27.3819 8.4757 -1.3758 0.3912
29.3356 -9.0440 -1.3580 0.3400
27.8482 8.3842 -1.3720 0.3660
2.1070 9.5444 -1.5859 0.3402
-7.9560 -6.8812 -1.6620 0.3768
13.2754 -1.3810 -1.6335 0.3760
32.2823 2.4153 -1.5015 0.3435
18.6230 7.8648 -1.4526 0.3555
4.6909 -6.8095 -1.5635 0.3755
16.3285 -3.3194 -1.6142 0.3561
21.3523 5.9586 -1.4292 0.3316
30.1562 -1.7999 -1.5194 0.3514
20.7929 2.0989 -1.5834 0.3350
0.9914 1.2001 -1.7404 0.3530
-8.5836 9.4634 -1.6604 0.3343
4.9929 -7.1694 -1.5619 0.3575
-5.3093 8.9688 -1.6371 0.3142
31.5659 1.2830 -1.5089 0.3276
5.4780 8.0830 -1.5600 0.3341
3.3234 -7.6412 -1.5753 0.3468
-4.1082 2.8301 -1.7881 0.3198
13.3644 6.8022 -1.4945 0.3323
6.2031 5.7376 -1.5491 0.3656
-17.2571 -9.8012 -1.7332 0.3679
27.1525 -0.9559 -1.5421 0.2993
-3.4592 -7.6931 -1.6256 0.3383
0.9547 -6.9435 -1.5926 0.3755
-12.6600 4.1258 -1.8571 0.3577
8.2039 9.1316 -1.5418 0.3581
17.1233 2.6819 -1.6079 0.3613
27.8699 -7.9525 -1.3728 0.3308
-21.9035 -5.1201 -1.7747 0.3543
33.3999 -2.4225 -1.4922 0.3594
17.2291 -7.4928 -1.4641 0.3521
-7.9421 6.9594 -1.6617 0.3421
-12.7315 -6.1099 -1.7023 0.3490
-7.2347 -7.4090 -1.6549 0.3272
27.5435 4.5137 -1.3839 0.3623
-7.5166 -7.4634 -1.6570 0.3213
2.7693 -1.7936 -1.7235 0.3337
17.3443 0.3102 -1.6051 0.3636
27.3194 -8.3954 -1.3765 0.3558
14.5143 1.1158 -1.6244 0.3403
20.1866 -0.3967 -1.5872 0.3158
-14.6004 3.3683 -1.8733 0.3491
27.6445 -5.6171 -1.3805 0.3374
-8.4568 -2.8674 -1.8263 0.3596
-17.2973 3.1931 -1.8927 0.3397
33.5747 -9.2881 -1.3236 0.3150
-12.9016 -7.6841 -1.6994 0.3223
-16.8009 -4.3290 -1.7377 0.3415
12.5613 -7.8729 -1.5039 0.3522
-5.8682 -9.2098 -1.6408 0.3267
-16.9990 9.7476 -1.7309 0.3348
11.0673 -0.8848 -1.6498 0.3658
20.5391 0.6737 -1.5850 0.3722
22.5919 -4.9019 -1.4203 0.3555
-15.6692 -9.8463 -1.7187 0.3443
8.4120 5.0145 -1.5291 0.3376
23.8207 4.4751 -1.4116 0.3608
-15.3348 9.4508 -1.7163 0.3437
-12.5391 -9.5780 -1.6919 0.3684
-24.8553 -7.2596 -1.8004 0.3695
6.4780 4.2428 -1.6933 0.3582
-13.3191 -3.3985 -1.8638 0.3400
18.4546 -8.7245 -1.4549 0.3416
32.7328 -3.9808 -1.4945 0.3171
-12.4747 -8.2457 -1.6944 0.3489
13.9458 6.7521 -1.4897 0.3483
-12.2899 7.5387 -1.6948 0.3224
-23.9196 2.7378 -1.9373 0.3973
20.5133 -2.2881 -1.5852 0.3611
1.0403 5.3758 -1.5913 0.3332
31.8072 2.6318 -1.5050 0.3911
7.0572 5.8396 -1.5424 0.3401
-15.5510 0.2181 -1.8831 0.3666
1.9865 9.1669 -1.5864 0.3518
-12.8265 -4.1993 -1.8582 0.3408
27.6818 2.0837 -1.5374 0.3433
16.4542 6.1611 -1.4681 0.3787
-4.5257 7.8775 -1.6333 0.3675
6.6692 8.9350 -1.5529 0.3476
15.1688 -2.0998 -1.6207 0.3090
21.9715 3.9869 -1.5752 0.3561
-20.1912 -4.1961 -1.9122 0.3251
-23.6489 2.9876 -1.9357 0.3608
-18.1328 -6.3155 -1.7450 0.3357
-1.3002 -1.5710 -1.7626 0.3378
3.0024 8.4047 -1.5786 0.3372
-16.8123 6.2181 -1.7346 0.3704
-0.3308 -0.0699 -1.7532 0.3147
1.4974 -7.0631 -1.5885 0.3648
-18.4546 -2.0286 -1.9015 0.3568
29.9996 -7.2264 -1.3573 0.3485
10.9488 -8.6294 -1.5190 0.3410
-1.6879 8.1302 -1.6122 0.3597
5.4144 -0.1714 -1.6980 0.3412
-6.1482 -8.2122 -1.6447 0.3410
26.2599 4.3334 -1.3939 0.3513
9.5009 -8.5164 -1.5303 0.3844
4.6937 -2.0767 -1.7057 0.3197
29.6531 -5.3942 -1.3653 0.3600
25.2788 -6.7074 -1.3970 0.3471
23.7681 0.6710 -1.5647 0.3456
-11.4634 4.3938 -1.6971 0.3195
-15.8126 -0.2562 -1.8848 0.3149
16.4058 6.4160 -1.4690 0.3568
3.1185 8.3477 -1.5777 0.3246
16.0228 6.1436 -1.4715 0.3703
20.6376 9.1298 -1.4353 0.3297
-7.2812 8.5807 -1.6525 0.3610
-7.9210 6.6503 -1.6623 0.3385
4.4499 -4.1473 -1.7106 0.3375
-8.5870 -6.5134 -1.6680 0.3317
15.0377 4.5402 -1.4758 0.3587
19.8038 6.9106 -1.4419 0.3643
3.3223 6.4625 -1.5737 0.3437
18.4280 2.8724 -1.5992 0.3618
5.6263 6.5974 -1.5557 0.3503
17.7723 4.1433 -1.6050 0.3233
-11.5019 3.3073 -1.8500 0.3576
19.3306 -9.0685 -1.4472 0.3440
17.9074 -0.7905 -1.6016 0.2977
-9.0037 -9.3231 -1.6640 0.3422
8.3583 -8.1526 -1.5383 0.3161
26.3187 0.8201 -1.5479 0.3254
-10.0286 -9.0504 -1.6726 0.3450
19.1588 8.2644 -1.4482 0.3485
32.2380 -0.9932 -1.5036 0.3333
26.9745 3.9993 -1.5393 0.3605
-0.9088 -7.0441 -1.6070 0.3477
11.4325 6.9519 -1.5105 0.3415
34.5062 -0.4387 -1.4846 0.3509
9.1062 1.1755 -1.6671 0.3741
-18.0983 2.9697 -1.8984 0.3070
-22.2742 0.7980 -1.9259 0.3760
22.4189 1.2637 -1.5732 0.3377
0.4177 4.8905 -1.5964 0.3344
-10.1912 6.1294 -1.6820 0.3420
-4.1397 -3.8767 -1.7871 0.3323
20.4424 8.4410 -1.4369 0.3292
2.9148 -2.9221 -1.7229 0.3669
27.1100 -4.5535 -1.3871 0.3532
19.0955 -3.7714 -1.5953 0.3116
33.4408 -2.8297 -1.4912 0.3635
28.3102 -3.6614 -1.5301 0.3606
-9.7272 6.8750 -1.6761 0.3203
14.5436 1.2231 -1.6243 0.3536
-23.7674 9.3529 -1.7936 0.3624
34.4664 -8.3209 -1.3190 0.3179
-9.3396 2.2796 -1.8347 0.3557
14.8877 -8.0795 -1.4850 0.3365
25.9492 -0.8230 -1.5504 0.3608
-15.3721 -2.3453 -1.8804 0.3313
25.8728 3.6155 -1.5480 0.3708
-24.2653 4.9089 -1.7922 0.3451
1.5186 -5.2381 -1.5872 0.3377
3.3223 -6.1257 -1.5732 0.3355
-2.5546 -1.6098 -1.7746 0.3675
10.1831 -5.1603 -1.5152 0.3355
29.8905 3.5325 -1.5183 0.3712
-5.3807 0.3540 -1.8017 0.3543
9.7556 6.5395 -1.5227 0.3223
27.6478 9.6254 -1.3713 0.3505
21.3797 -2.4378 -1.5796 0.3509
-22.5560 8.2399 -1.7818 0.3216
31.5674 5.5434 -1.3497 0.3502
-22.2012 -7.0175 -1.7780 0.3608
10.3255 6.7186 -1.5187 0.3726
9.5212 -0.3699 -1.6620 0.3717
22.1834 4.1832 -1.5736 0.3978
-16.0934 4.0522 -1.8830 0.3500
-14.2378 7.7193 -1.7103 0.3611
20.1264 5.2233 -1.4386 0.3379
-16.0297 6.4925 -1.7278 0.3877
3.1667 -3.5818 -1.7212 0.3322
18.8989 9.4628 -1.4514 0.3868
14.0745 3.2318 -1.6303 0.3842
-12.3637 5.4738 -1.7012 0.3343
-6.7624 7.1776 -1.6518 0.3707
33.1385 -7.5243 -1.3313 0.3591
1.9202 -3.2718 -1.7323 0.3418
-22.3326 6.7187 -1.7789 0.3473
-11.8249 8.4396 -1.6886 0.3553
-4.4539 5.1219 -1.6378 0.3572
34.9694 -0.3538 -1.4805 0.3799
-6.8385 -4.9776 -1.6580 0.3614
-23.4162 0.5005 -1.9330 0.3346
5.7753 -2.0540 -1.6958 0.3649
-19.9837 7.7126 -1.7593 0.3150
-8.5559 1.3453 -1.8293 0.3423
34.5430 -2.1587 -1.4828 0.3442
17.2783 -0.0304 -1.6055 0.3632
-21.9600 8.6714 -1.7767 0.3854
1.9212 2.2652 -1.7318 0.3544
-14.7017 -5.4204 -1.7197 0.3428
-17.6233 0.0016 -1.8967 0.3360
10.2239 -0.6868 -1.6564 0.3667
5.3394 -3.7919 -1.7023 0.3461
19.5720 4.7260 -1.4425 0.3399
28.5384 -4.6343 -1.3761 0.3690
-10.1991 -0.1490 -1.8436 0.3734
30.3795 -1.1791 -1.5183 0.3308
6.0795 -0.6627 -1.6920 0.3201
-9.4699 1.3355 -1.8370 0.3480
25.7472 3.6659 -1.5488 0.3272
-22.8682 -7.1400 -1.7837 0.3245
8.5706 -4.2335 -1.6758 0.3292
18.2973 5.4567 -1.4527 0.3709
-8.2013 8.1549 -1.6605 0.3630
26.8095 -9.1069 -1.3795 0.3991
-10.5829 -8.5327 -1.6783 0.3372
25.3925 8.6766 -1.3927 0.3766
-20.2873 -7.0412 -1.7621 0.3599
-15.4043 9.5858 -1.7167 0.3389
-2.1409 6.5644 -1.6169 0.3471
26.2433 -7.5859 -1.3873 0.3388
-16.3249 -7.9495 -1.7275 0.3552
27.5263 9.5459 -1.3725 0.3697
-11.2161 -4.9035 -1.6938 0.3426
2.1505 0.7733 -1.7291 0.3670
-3.8359 -5.2753 -1.6323 0.3754
-17.9124 2.0135 -1.8979 0.3799
31.6586 6.8006 -1.3452 0.3265
1.2907 3.1382 -1.7380 0.3490
16.4199 -9.0677 -1.4735 0.3642
9.5161 1.9038 -1.6725 0.3283
5.1030 3.2203 -1.7034 0.3238
11.9947 -5.9820 -1.5032 0.3495
28.9005 5.2424 -1.3717 0.3417
16.9587 2.5379 -1.6089 0.3466
6.9488 -9.8091 -1.5524 0.3406
13.7112 9.0111 -1.4970 0.3932
11.3837 -1.0884 -1.6475 0.3408
0.9873 -5.3524 -1.5917 0.3617
12.4858 -8.2760 -1.5056 0.3604
1.6142 -2.5114 -1.7348 0.3162
20.4569 -3.8446 -1.5858 0.3793
33.1348 -4.0409 -1.4911 0.3625
32.5919 5.8640 -1.3405 0.3531
24.2441 2.9184 -1.5603 0.3711
11.1055 -7.3389 -1.5143 0.3490
19.9599 4.1615 -1.5894 0.3676
-14.3171 4.4696 -1.7189 0.3125
3.7411 0.2854 -1.7137 0.3664
-9.5617 9.9153 -1.6671 0.3537
-24.7903 -4.3304 -1.7953 0.3540
33.0043 -8.8309 -1.3290 0.3332
26.8309 -9.4239 -1.3788 0.3456
5.8219 -3.5890 -1.6977 0.3450
-9.7509 -0.0416 -1.8399 0.3272
16.5785 -8.4354 -1.4711 0.3572
1.0881 1.3160 -1.7395 0.3815
23.2010 8.0174 -1.4127 0.3216
34.9711 5.9373 -1.3211 0.3598
-4.0550 3.4494 -1.7869 0.3416
-10.3358 3.2346 -1.8410 0.3393
-8.9571 4.6060 -1.6764 0.3515
-19.3992 -0.1159 -1.9079 0.3518
-1.3572 -1.9640 -1.7630 0.3537
-23.9545 -3.8669 -1.9387 0.3274
-18.1363 -8.0076 -1.7430 0.3718
-8.6983 1.2433 -1.8306 0.3516
-15.4082 -0.5496 -1.8820 0.3619
18.9295 -7.6219 -1.4497 0.3743
-18.6637 -4.6346 -1.7509 0.3116
26.9596 5.7441 -1.3856 0.3626
-11.7331 -4.8879 -1.6979 0.3467
-18.4846 -1.4856 -1.9019 0.3704
-24.3936 -6.7738 -1.7959 0.3340
17.9123 -6.6031 -1.4571 0.3687
-9.6030 5.1269 -1.6802 0.3289
5.5699 -8.6665 -1.5604 0.3580
-18.3030 -4.2995 -1.8986 0.3557
34.1178 9.6169 -1.3189 0.3469
-17.4769 -0.4821 -1.8957 0.3294
-0.2844 2.1243 -1.7527 0.3426
26.0990 2.8158 -1.5476 0.3685
-10.3068 -6.0772 -1.6831 0.3798
-8.9817 -2.6132 -1.8311 0.3891
23.5100 -1.9859 -1.5659 0.3605
-8.5996 -5.3863 -1.6714 0.3550
-24.8277 -5.3203 -1.7970 0.3590
0.6748 2.1574 -1.7436 0.3886
-24.2479 -7.8305 -1.7961 0.3604
29.5875 -7.4171 -1.3601 0.3517
13.5088 1.4660 -1.6319 0.3445
9.9809 -1.0132 -1.6586 0.3468
-12.9046 2.2387 -1.8627 0.3577
16.9968 -9.4608 -1.4688 0.3350
15.6353 4.0983 -1.6205 0.3375
-21.3722 6.9978 -1.7711 0.3487
27.8508 0.4828 -1.5374 0.3410
9.7648 6.8168 -1.5235 0.3619
22.5480 -2.0067 -1.5721 0.3635
-9.2252 -8.4215 -1.6678 0.3553
-17.6771 -2.4491 -1.8960 0.3598
17.1470 -1.0726 -1.6066 0.3524
22.6330 7.3108 -1.4182 0.2742
-1.8380 -3.3057 -1.7669 0.3325
-23.5785 -3.6980 -1.9358 0.3641
24.0952 7.7603 -1.4053 0.3332
-12.6344 -4.9807 -1.7047 0.3671
-4.6581 2.8489 -1.7931 0.3682
12.6939 -3.4673 -1.6411 0.3447
-19.0027 9.0291 -1.7498 0.3382
-20.6803 -6.2075 -1.7655 0.3502
-23.4578 4.4788 -1.7857 0.3491
29.9984 1.0013 -1.5214 0.3625
-6.3170 9.5742 -1.6434 0.3032
14.6395 9.8811 -1.4905 0.3353
34.3541 5.8740 -1.3263 0.3298
15.1670 -7.9309 -1.4823 0.2996
6.5057 -0.6199 -1.6881 0.3401
6.2552 7.0903 -1.5519 0.3200
-2.3850 2.7697 -1.7723 0.3423
10.9868 7.5794 -1.5159 0.3402
32.5275 5.9873 -1.3407 0.3591
22.2826 -3.7408 -1.5732 0.3450
0.4536 -6.0987 -1.5963 0.3162
-5.0533 -3.5487 -1.7956 0.3569
28.0119 3.9189 -1.5317 0.3984
-16.8528 -0.3787 -1.8917 0.3715
25.9751 -9.1230 -1.3868 0.3636
-9.6954 4.8495 -1.6817 0.3461
17.9378 -9.1061 -1.4599 0.3402
23.3732 -1.8139 -1.5669 0.3388
3.6198 -0.7543 -1.7150 0.3548
-13.4630 0.0605 -1.8685 0.3273
25.6861 -7.2182 -1.3927 0.3544
-2.9495 4.9558 -1.6253 0.3367
-5.7592 6.9874 -1.6445 0.3157
5.6010 3.9580 -1.7003 0.3364
1.1052 9.0214 -1.5924 0.3750
15.9831 -4.8500 -1.4693 0.3528
-16.7681 -6.7854 -1.7333 0.2789
1.1414 -8.6541 -1.5920 0.3365
28.5021 4.4304 -1.3768 0.3681
-22.8362 -6.7579 -1.7831 0.3440
2.4403 8.7636 -1.5830 0.3605
14.6319 1.9670 -1.6244 0.3421
28.2627 6.0827 -1.3744 0.3537
10.6272 -1.3060 -1.6536 0.3507
24.4691 4.6969 -1.4066 0.3371
-11.6385 -1.1270 -1.8545 0.3614
-3.8314 0.7753 -1.7871 0.3806
31.5279 5.4716 -1.3502 0.3577
28.1585 -5.2369 -1.3775 0.3521
8.4772 7.6902 -1.5361 0.3331
3.5293 4.3260 -1.5689 0.3688
2.0640 4.9308 -1.5823 0.3398
-21.4726 -5.2367 -1.7715 0.3612
28.5426 -8.1975 -1.3666 0.3652
24.0890 -8.5429 -1.4044 0.3698
2.3751 2.9403 -1.7279 0.3701
-8.2336 -7.0000 -1.6638 0.3694
-4.4248 9.9838 -1.6295 0.3249
-17.6104 9.2210 -1.7370 0.3328
18.3074 -9.4165 -1.4568 0.3226
8.4002 4.5012 -1.5279 0.3212
-10.9538 -4.7846 -1.6920 0.3805
12.3803 -3.1820 -1.6429 0.3303
33.7538 -5.1938 -1.3330 0.3275
-17.6563 6.6109 -1.7408 0.3489
2.5091 7.8750 -1.5816 0.3351
4.6495 -9.1920 -1.5679 0.3952
-14.9922 -4.5992 -1.7238 0.3445
6.8948 -1.0260 -1.6849 0.3589
11.3586 0.4364 -1.6473 0.3344
-15.5593 -8.2471 -1.7204 0.3168
-15.7166 6.6006 -1.7251 0.3354
26.3809 8.6796 -1.3840 0.3356
-6.3168 -1.9427 -1.8092 0.3355
12.8200 7.1447 -1.4998 0.3180
12.6064 3.5271 -1.6419 0.3527
25.3503 1.8349 -1.5538 0.3433
19.3937 6.3810 -1.4449 0.3192
25.4346 -0.5394 -1.5539 0.3521
12.5129 0.9543 -1.6388 0.3652
1.9674 -4.5067 -1.5828 0.3740
-1.3860 4.2437 -1.7623 0.3016
-2.2582 -6.8188 -1.6175 0.3354
0.1036 -5.1368 -1.5991 0.3226
-17.2414 -0.4016 -1.8942 0.3370
0.4375 -2.2938 -1.7458 0.3778
-1.6333 -5.2084 -1.6138 0.3355
-22.9257 -6.1622 -1.7833 0.3405
-8.4922 7.2179 -1.6653 0.3334
20.1144 1.8172 -1.5877 0.3825
9.6767 -2.4521 -1.6628 0.3040
23.3701 6.9156 -1.4124 0.3389
7.5613 6.5032 -1.5401 0.3327
26.2450 -7.7823 -1.3869 0.3156
22.7640 1.3457 -1.5709 0.3720
-19.1029 -3.8877 -1.9047 0.3139
33.6204 0.8167 -1.4922 0.3408
-24.1152 4.3600 -1.7904 0.3484
10.8103 -9.8298 -1.5228 0.3350
22.5507 0.2714 -1.6001 0.3153
-5.0864 -4.1654 -1.7949 0.3466
10.9142 0.6802 -1.6509 0.3348
-3.2726 -7.8032 -1.6241 0.3662
-21.3631 6.3513 -1.7709 0.3603
-24.4923 0.8734 -1.9400 0.3889
-19.3083 -5.7787 -1.7548 0.3522
-19.0954 5.3937 -1.7535 0.3618
11.6534 -9.2444 -1.5147 0.3428
6.5519 1.8565 -1.6887 0.3842
2.3278 0.0352 -1.7273 0.3502
16.5153 -9.2071 -1.4728 0.3479
-23.9904 -5.0059 -1.7903 0.3608
-8.7410 -8.4572 -1.6639 0.3371
21.6436 4.6477 -1.4274 0.3400
29.5986 4.1154 -1.5192 0.3608
1.3002 -8.2140 -1.5907 0.3646
-20.1110 -7.8159 -1.7603 0.3619
22.9237 7.6056 -1.4155 0.3484
28.1102 -5.9831 -1.3759 0.3554
-0.1804 -3.9268 -1.7516 0.3692
-10.3987 3.6856 -1.8404 0.3281
-22.3617 -8.7855 -1.7804 0.3500
10.4650 8.9531 -1.5237 0.2918
29.5922 -9.5398 -1.3549 0.3648
15.6733 6.9829 -1.4761 0.3343
-5.9651 -2.7819 -1.8049 0.3349
13.5733 -6.9992 -1.4933 0.3476
24.9241 -2.4502 -1.5561 0.3624
3.5498 9.4568 -1.5759 0.3978
24.1849 0.5796 -1.5621 0.3189
-1.4854 -8.8144 -1.6103 0.3330
-4.0897 8.8308 -1.6286 0.3546
9.9793 -7.1288 -1.5227 0.3355
2.8812 -8.9062 -1.5800 0.3667
33.6267 -9.0915 -1.3237 0.3466
5.9834 6.5267 -1.5527 0.3677
-1.8897 -6.9396 -1.6146 0.3450
-1.3040 -6.4203 -1.6104 0.3609
7.8764 8.8823 -1.5437 0.3309
-3.7053 2.2322 -1.7850 0.3887
18.3744 -4.2916 -1.6009 0.3160
-2.1602 1.7291 -1.7708 0.3358
-1.9513 -5.1381 -1.6166 0.3216
12.0184 -0.1147 -1.6422 0.3660
-21.3492 -3.3076 -1.9203 0.3608
14.3213 2.4525 -1.6272 0.3256
5.2983 5.1762 -1.5553 0.3699
2.1816 -3.0298 -1.7297 0.3360
18.1552 -7.1217 -1.4558 0.3577
20.4953 -2.8852 -1.5854 0.3624
25.7757 5.1631 -1.3960 0.3451
-2.5118 5.7416 -1.6207 0.3682
-5.3777 5.7110 -1.6443 0.3471
17.8605 9.4914 -1.4610 0.3568
9.9083 6.4957 -1.5214 0.3445
12.9081 9.3715 -1.5046 0.3126
8.3314 2.5358 -1.6742 0.3475
21.3616 -5.4130 -1.4293 0.3325
-13.5975 2.1639 -1.8680 0.3778
8.3427 -6.0433 -1.5326 0.3227
-15.5139 -8.2935 -1.7199 0.3745
-0.5649 -3.9735 -1.7551 0.3464
14.8396 -2.7445 -1.6239 0.3581
4.5843 4.1778 -1.7095 0.3224
-2.2245 -2.7385 -1.7708 0.3438
28.0982 -9.9370 -1.3669 0.3367
21.3695 8.3388 -1.4287 0.3921
6.5774 1.7881 -1.6884 0.3362
32.0032 -5.7848 -1.3455 0.3731
0.4619 -4.9542 -1.5960 0.3733
22.2844 -7.5172 -1.4210 0.3728
-14.9238 8.1309 -1.7152 0.3381
-7.8525 -5.3958 -1.6653 0.3861
-4.7149 8.8129 -1.6331 0.3902
-18.6508 -4.7138 -1.7508 0.3573
5.1083 5.9850 -1.5585 0.3407
-13.4644 -9.7910 -1.6994 0.3328
13.0512 -0.3345 -1.6345 0.3594
-13.5945 -2.6157 -1.8673 0.3513
-17.5896 -3.3083 -1.8946 0.3537
33.1452 9.8431 -1.3258 0.3230
14.4944 4.4173 -1.4796 0.3507
31.1871 -4.8844 -1.3546 0.3729
4.3933 5.0488 -1.5626 0.3663
-22.9959 -7.4086 -1.7850 0.3417
9.4623 8.5186 -1.5306 0.3478
8.4997 -1.4723 -1.6713 0.3206
-24.1015 -6.1867 -1.7927 0.3367
26.6745 -4.5436 -1.3904 0.3432
12.1982 -6.8970 -1.5042 0.3627
19.6815 8.6112 -1.4438 0.3359
4.6353 -3.8821 -1.7086 0.3293
12.1041 -7.1430 -1.5057 0.3652
-9.5518 6.2580 -1.6765 0.3415
33.4255 -5.7348 -1.3342 0.3332
-0.9568 -8.1170 -1.6069 0.3662
-15.2604 3.3679 -1.8781 0.3592
-21.6451 -9.8519 -1.7741 0.3459
13.1703 6.6484 -1.4956 0.3430
34.0028 1.2542 -1.4885 0.3576
28.7477 -5.0636 -1.3733 0.3608
17.1263 -0.5281 -1.6065 0.3542
34.4359 -4.7517 -1.3285 0.3524
18.3697 0.6571 -1.5986 0.3379
-4.6449 1.4329 -1.7944 0.3391
11.0731 5.4336 -1.5089 0.3466
-20.2140 -0.6783 -1.9130 0.3308
-11.6991 5.7328 -1.6952 0.3284
0.0524 -8.6151 -1.5996 0.3482
-12.8909 8.4269 -1.6974 0.3698
32.2101 -6.2898 -1.3423 0.3085
34.7359 6.7315 -1.3209 0.3422
-2.7438 -0.1074 -1.7767 0.3555
17.5537 -7.9057 -1.4619 0.3714
-0.5338 -2.8040 -1.7550 0.3860
-16.6294 8.3666 -1.7294 0.3448
-4.7844 6.6943 -1.6375 0.3895
-10.9977 4.4463 -1.6933 0.3591
-5.3153 -2.4031 -1.7996 0.3663
-12.0987 1.7758 -1.8573 0.3287
-18.2593 -5.3576 -1.7472 0.3591
-11.9543 2.9569 -1.8543 0.3680
29.3454 -4.7812 -1.3694 0.3362
-19.8867 6.5801 -1.7590 0.2979
-5.5146 4.0900 -1.7987 0.3530
6.7070 -2.2782 -1.6878 0.3457
-3.7292 3.1896 -1.7843 0.3769
6.0564 -3.4973 -1.6955 0.3392
-22.3948 -6.8869 -1.7795 0.3359
13.9142 -5.2963 -1.4861 0.3266
8.8087 -4.5662 -1.5247 0.3374
15.8580 -5.4677 -1.4715 0.4033
9.0355 3.5671 -1.6704 0.3183
1.2742 4.7932 -1.5890 0.3233
-3.9915 -0.8572 -1.7885 0.3489
-11.4139 9.7559 -1.6822 0.3895
5.0041 7.8204 -1.5630 0.3648
-23.4369 -8.2590 -1.7896 0.3810
-5.3056 -0.7910 -1.8009 0.3423
15.6723 8.1695 -1.4785 0.3222
-18.4770 -5.5947 -1.7486 0.3410
-21.2265 -2.4321 -1.9194 0.3475
14.1307 8.9389 -1.4933 0.3502
-1.1335 5.5212 -1.6095 0.3457
23.1095 6.6465 -1.4148 0.3618
31.2387 7.5897 -1.3462 0.3358
32.4224 -6.5765 -1.3398 0.3315
0.5356 3.9855 -1.7452 0.3259
-9.1404 6.0560 -1.6738 0.3541
11.5168 -5.4704 -1.5055 0.3521
12.6916 -9.1328 -1.5059 0.3718
12.3407 -6.4329 -1.5017 0.3809
-5.6933 4.8281 -1.6488 0.3259
-21.1749 3.8858 -1.9192 0.3505
-12.3997 7.8345 -1.6948 0.3459
-15.7348 -3.6609 -1.8810 0.3193
-17.5660 2.4349 -1.8953 0.3394
30.5770 -9.4641 -1.3469 0.3813
-24.1691 8.7017 -1.7965 0.3373
11.1115 1.0899 -1.6496 0.3340
31.8484 4.9677 -1.3491 0.3490
-3.3968 -4.3237 -1.6299 0.3682
6.6259 -8.3609 -1.5520 0.3439
16.7470 -8.7436 -1.4701 0.3526
-5.9698 6.2932 -1.6477 0.3043
3.6591 -6.9611 -1.5718 0.3614
24.0262 6.4800 -1.4075 0.3544
19.7213 -4.6947 -1.4414 0.3677
23.5070 0.8254 -1.5663 0.3126
34.2404 -4.7617 -1.3301 0.3440
-2.7804 -8.9983 -1.6192 0.3693
19.8255 0.8456 -1.5894 0.3389
11.1671 -2.6576 -1.6513 0.3510
14.9963 -1.2978 -1.6212 0.3418
19.3924 2.0312 -1.5924 0.3423
19.9839 -3.7268 -1.5891 0.3733
28.1447 1.2761 -1.5349 0.3215
-4.0407 3.1555 -1.7871 0.3490
14.2089 -8.2091 -1.4910 0.3550
-8.1826 -2.9981 -1.8237 0.3688
10.6741 -8.2011 -1.5201 0.3476
20.0705 -9.8613 -1.4407 0.3694
22.4601 -8.9754 -1.4186 0.3489
0.2075 1.8443 -1.7480 0.3524
5.5232 -8.3139 -1.5601 0.3516
-4.9690 7.3700 -1.6376 0.3631
-14.8578 5.1889 -1.7214 0.3608
-9.3690 -9.8236 -1.6658 0.3277
29.7282 1.4649 -1.5230 0.3543
-6.4618 -9.7950 -1.6441 0.3608
33.4856 -7.8161 -1.3278 0.3792
-10.5113 9.7650 -1.6749 0.3298
18.3843 -0.8595 -1.5985 0.3608
9.4342 -9.4558 -1.5330 0.3430
16.8122 7.0063 -1.4668 0.3538
13.6375 8.3469 -1.4962 0.3285
17.4049 0.9677 -1.6049 0.3497
29.3328 4.1188 -1.5212 0.3564
8.8082 5.6024 -1.5276 0.3306
-20.9291 4.6934 -1.7674 0.3790
-8.7505 -0.1096 -1.8316 0.3191
17.4931 6.6537 -1.4606 0.3608
4.6445 0.5466 -1.7052 0.3014
7.9131 -4.8099 -1.5327 0.3449
10.7948 -9.9187 -1.5231 0.3596
-2.0422 -2.8282 -1.7691 0.3643
21.4337 -8.3483 -1.4281 0.3479
18.4121 -8.7345 -1.4553 0.3452
17.8580 -0.6155 -1.6018 0.3613
17.9186 8.8735 -1.4598 0.3690
28.4215 -7.8897 -1.3684 0.3776
10.7236 -4.5250 -1.5091 0.3242
33.0243 6.6016 -1.3349 0.3460
-17.8484 -1.9634 -1.8975 0.3061
12.9175 5.1761 -1.4936 0.3226
18.0156 0.8467 -1.6009 0.3359
3.6332 2.0786 -1.7155 0.3673
-7.7075 -6.7771 -1.6603 0.3404
8.0022 -2.9544 -1.6777 0.3442
-3.1151 2.4351 -1.7794 0.3560
29.5474 -9.4646 -1.3554 0.3366
-3.5925 -6.2335 -1.6288 0.3101
-14.4576 -2.2701 -1.8740 0.3351
9.5833 3.4919 -1.6657 0.3476
-1.2404 0.1918 -1.7621 0.3594
-19.2461 4.3746 -1.7554 0.3459
8.8905 4.5372 -1.5239 0.3590
7.2708 -9.3789 -1.5493 0.3685
-14.6082 8.0342 -1.7127 0.3724
10.8583 6.4843 -1.5137 0.3534
9.0415 -4.5786 -1.5228 0.3273
21.4168 -0.3095 -1.6680 0.3251
-3.3058 -3.8370 -1.7797 0.3270
-10.0744 8.1328 -1.6753 0.3285
32.0732 -2.3436 -1.5034 0.3520
8.6731 -2.0789 -1.6706 0.3877
-23.3716 8.2382 -1.7890 0.3542
24.2427 2.0139 -1.5610 0.3483
-13.1945 -7.2426 -1.7029 0.3692
22.1622 2.5203 -1.5745 0.3334
17.3097 5.8890 -1.4609 0.3708
33.1288 -3.2432 -1.4930 0.3694
32.9348 0.5401 -1.4981 0.3512
-8.5354 2.5368 -1.8275 0.3919
20.9870 0.2083 -1.5822 0.3723
-5.9887 9.9825 -1.6404 0.3509
12.7519 0.1359 -1.6367 0.3471
10.8648 2.8675 -1.6541 0.3414
-21.7274 5.8718 -1.7737 0.3474
-24.6891 -7.2683 -1.7991 0.3480
-21.5342 -9.1218 -1.7730 0.3436
-17.3235 9.4598 -1.7342 0.3457
-9.5409 4.6452 -1.6811 0.3262
29.4173 -2.1344 -1.5245 0.3386
6.1180 -9.6466 -1.5582 0.3181
22.8135 -6.6720 -1.4172 0.3583
25.2987 -9.8050 -1.3920 0.3516
19.0966 -2.0709 -1.5944 0.3475
-1.5169 1.0971 -1.7647 0.3677
26.8316 -6.7883 -1.3842 0.3327
19.5230 2.7971 -1.5919 0.3358
19.5891 9.0848 -1.4448 0.3204
29.0945 9.8090 -1.3585 0.3705
10.9198 6.6633 -1.5138 0.3621
6.7145 -1.1223 -1.6865 0.3766
28.4098 0.9482 -1.5332 0.3817
2.2677 0.0661 -1.7279 0.3415
23.6942 -6.8867 -1.4097 0.3358
-21.7692 7.0883 -1.7744 0.3141
-24.9226 3.5158 -1.9451 0.3280
6.6975 2.7587 -1.6886 0.3435
-20.5833 -5.5934 -1.7648 0.3088
33.5926 -6.9368 -1.3294 0.3285
-24.6699 7.4605 -1.7992 0.3483
18.0890 -6.4117 -1.4554 0.3679
-10.3969 -8.5256 -1.6768 0.3357
33.0531 2.5121 -1.4950 0.3526
-2.1075 4.0869 -1.7688 0.3873
-23.3630 -7.6076 -1.7883 0.3139
-23.3839 -5.8628 -1.7866 0.3717
8.2024 5.7753 -1.5329 0.3576
34.2027 8.5917 -1.3204 0.3753
33.7864 -0.4702 -1.4909 0.3693
-4.7636 5.8401 -1.6390 0.3367
3.9622 -3.6120 -1.7141 0.3500
-18.9727 4.0647 -1.9036 0.3208
6.3306 1.1444 -1.6900 0.3395
10.9821 6.8642 -1.5139 0.3506
-9.9363 5.5180 -1.6818 0.3561
11.7269 -4.3173 -1.5006 0.3658
28.9816 -7.0109 -1.3661 0.3817
-24.9427 6.1531 -1.7993 0.3413
-11.2640 -9.3441 -1.6819 0.3729
-12.4048 3.5808 -1.8564 0.3553
-17.5668 -0.4817 -1.8963 0.3239
-15.0339 -8.4940 -1.7154 0.3470
12.5548 3.7712 -1.6429 0.3523
-18.8383 -0.3425 -1.9044 0.3333
19.3119 7.2020 -1.4462 0.3292
28.2214 -5.8274 -1.3754 0.3285
30.5953 -9.9540 -1.3458 0.3391
14.6105 -7.3903 -1.4858 0.3327
-13.1562 -4.6078 -1.7097 0.3746
-19.8822 3.0449 -1.9104 0.3010
-11.0785 -2.7471 -1.8479 0.3522
32.7174 -7.6351 -1.3344 0.3606
32.7407 9.6315 -1.3293 0.3307
-2.0849 -7.8355 -1.6153 0.3454
-5.4525 -2.8976 -1.8002 0.3432
5.6006 7.5321 -1.5579 0.3485
-7.4987 3.0523 -1.8178 0.3633
33.7797 -3.6040 -1.4867 0.3615
-11.7267 9.4069 -1.6855 0.3380
-2.8514 0.0220 -1.7778 0.3199
0.7623 -9.8378 -1.5950 0.3533
-17.4962 -9.8767 -1.7353 0.3369
-2.0305 8.8202 -1.6141 0.3394
26.4038 -4.3764 -1.3928 0.3545
-16.5783 6.2413 -1.7327 0.3413
10.0413 -9.1288 -1.5275 0.3561
-0.6018 -7.0617 -1.6046 0.4003
-14.7678 7.1356 -1.7161 0.3637
-24.2598 9.8818 -1.7986 0.3769
-8.5994 -8.9615 -1.6616 0.3602
-21.2903 -6.6473 -1.7704 0.3515
-2.3939 4.4582 -1.6210 0.3605
23.6126 0.5901 -1.5657 0.3595
18.1811 -1.8807 -1.6002 0.3673
31.8430 -6.1106 -1.3458 0.3512
0.6209 8.9087 -1.5957 0.3238
17.4681 -6.5546 -1.4607 0.3206
14.9205 -4.6950 -1.4770 0.3592
-11.9772 -3.5140 -1.8533 0.3275
-6.7850 -7.2283 -1.6519 0.3637
6.7898 0.7247 -1.6856 0.3768
22.7994 -3.1735 -1.5699 0.3456
2.7088 2.1569 -1.7243 0.3742
-11.3355 -2.6428 -1.8501 0.3552
34.6079 -7.6715 -1.3195 0.3505
-18.0653 7.4519 -1.7431 0.3515
32.3533 0.1930 -1.5030 0.3334
23.5428 -3.5630 -1.5645 0.3308
25.3336 -9.6727 -1.3918 0.3171
22.6951 1.9569 -1.5712 0.3353
-12.5097 5.6501 -1.7019 0.3928
12.9549 3.0012 -1.6382 0.3201
20.4050 5.7544 -1.4366 0.3265
19.7411 -6.9003 -1.4424 0.3339
-8.7061 9.4341 -1.6614 0.3348
-14.1328 -5.7733 -1.7144 0.3554
-5.3126 -4.6644 -1.6459 0.3378
3.7907 0.2466 -1.7132 0.3460
9.4268 -9.8961 -1.5339 0.3330
25.2170 -1.1510 -1.5551 0.3405
21.1421 -6.0855 -1.4309 0.3488
15.5690 4.9804 -1.4727 0.3473
-9.1906 5.1551 -1.6768 0.3896
3.7328 2.3147 -1.7148 0.3494
-4.8738 -1.5663 -1.7964 0.3458
-10.9043 -3.7953 -1.8442 0.3001
-24.3853 6.5492 -1.7955 0.3548
-4.6323 0.1419 -1.7947 0.3105
-9.6330 -0.0707 -1.8390 0.3610
9.3141 -7.7313 -1.5297 0.3528
-21.2619 -5.6323 -1.7700 0.3660
-8.7688 -2.7902 -1.8290 0.3373
-22.3138 3.9771 -1.9272 0.3505
13.4851 6.9054 -1.4938 0.3635
9.0914 9.8572 -1.5364 0.3314
-4.7512 -1.4514 -1.7953 0.3622
-16.1599 -0.9359 -1.8870 0.3613
32.4752 5.3212 -1.3430 0.3473
10.0635 -3.5755 -1.6620 0.3816
15.7468 0.8104 -1.6158 0.3603
6.8809 3.5403 -1.6884 0.3165
23.3920 -5.2750 -1.4139 0.3698
28.7828 -4.4082 -1.3747 0.3368
-2.0374 -2.8762 -1.7690 0.3660
16.4015 1.5537 -1.6118 0.3559
-11.2068 -4.5917 -1.6945 0.2972
14.1113 -5.8366 -1.4860 0.3621
-1.0507 -7.0098 -1.6081 0.3456
-24.5931 6.1862 -1.7966 0.3408
32.3317 7.7194 -1.3372 0.3416
27.1065 8.0944 -1.3790 0.3658
-7.5498 6.4327 -1.6600 0.3316
34.8654 -7.2542 -1.3186 0.3723
-5.9723 -8.0450 -1.6438 0.3196
2.5307 -0.0167 -1.7253 0.3559
26.0755 0.4285 -1.5497 0.3654
-6.7242 4.6565 -1.6578 0.3650
2.0324 -5.5424 -1.5831 0.3537
14.9352 8.6190 -1.4857 0.3459
-17.1719 -3.8014 -1.8911 0.3390
0.3410 1.5562 -1.7467 0.3256
-6.4354 7.2843 -1.6490 0.3363
15.6065 0.4690 -1.6166 0.3308
-16.8418 5.0711 -1.7368 0.3275
-11.0361 4.9805 -1.6921 0.3861
17.6826 5.8004 -1.4579 0.3156
-15.6265 6.2210 -1.7251 0.3725
0.3212 -2.1507 -1.7469 0.3253
17.7728 -2.7289 -1.6036 0.3296
20.9281 6.0700 -1.4326 0.3292
-19.3071 1.5942 -1.9071 0.3278
26.1197 2.1543 -1.5483 0.3685
18.4383 -1.7617 -1.5985 0.3618
-4.6423 -5.9677 -1.6377 0.3453
20.8282 -0.8614 -1.5832 0.4041
18.6979 9.3929 -1.4532 0.3497
11.0535 -4.1827 -1.6556 0.3512
8.5089 -4.5598 -1.5271 0.3363
19.0822 -7.3843 -1.4482 0.3339
34.9556 -0.3764 -1.4807 0.3393
9.7131 -4.2294 -1.6664 0.3670
23.5231 3.7425 -1.5645 0.3614
19.6564 -7.2975 -1.4433 0.3758
26.3485 -5.0538 -1.3918 0.3357
32.2715 -8.7630 -1.3349 0.3618
-13.4150 -9.1706 -1.7002 0.3561
-15.0724 6.2829 -1.7206 0.3587
10.1811 8.1176 -1.5239 0.3327
1.9577 5.2778 -1.5835 0.3292
9.2434 7.3033 -1.5290 0.3608
22.8826 -8.2681 -1.4153 0.3675
30.9029 7.9627 -1.3479 0.3376
0.0449 -0.6792 -1.7496 0.3622
18.0760 5.3729 -1.4543 0.3740
-13.1920 2.3151 -1.8648 0.3428
7.0731 -3.0026 -1.6858 0.3212
-23.6917 -4.7040 -1.7877 0.3237
5.2250 -7.6374 -1.5610 0.3365
7.7202 -1.7470 -1.6783 0.3411
19.1267 -0.1179 -1.5938 0.3493
13.9691 9.6623 -1.4960 0.3497
-3.4962 -9.2542 -1.6239 0.3446
-24.6561 1.8030 -1.9415 0.3636
-18.0708 0.4999 -1.8995 0.3348
33.3836 -9.5421 -1.3246 0.3753
30.3400 -3.4052 -1.5151 0.3688
-5.4944 -1.5415 -1.8021 0.3673
-9.4688 -0.1146 -1.8376 0.3368
1.1850 -5.3309 -1.5900 0.3477
16.3964 -9.3180 -1.4740 0.3645
-3.5903 -4.1231 -1.7819 0.3460
-20.9624 6.7272 -1.7677 0.3360
-0.8323 6.1572 -1.6067 0.3352
-9.3647 -6.3850 -1.6746 0.3362
-5.5042 2.9260 -1.8006 0.3268
-15.2226 8.4729 -1.7171 0.4074
14.5304 -6.5578 -1.4844 0.3110
6.5979 -7.4265 -1.5500 0.3304
-8.7482 -9.5571 -1.6615 0.3619
8.2317 -6.5518 -1.5349 0.3364
4.5625 6.2791 -1.5635 0.3430
22.7585 6.2798 -1.4179 0.3579
32.3591 0.8090 -1.5028 0.3706
-17.1598 -3.3287 -1.8916 0.3445
28.0348 6.1356 -1.3761 0.3684
17.2878 -6.0997 -1.4614 0.3161
16.5532 -7.2029 -1.4692 0.3379
-2.5419 -8.2158 -1.6183 0.3599
-4.3655 7.0265 -1.6336 0.3895
-24.6616 4.2969 -1.9443 0.3307
33.9323 2.4917 -1.4876 0.3272
11.3904 4.5493 -1.5039 0.3568
-0.8603 -7.1304 -1.6066 0.3511
7.6261 -2.3042 -1.6798 0.3356
-22.5684 6.2823 -1.7805 0.3257
-14.5809 8.3353 -1.7118 0.3397
12.4016 0.2619 -1.6393 0.3604
5.8557 -7.5588 -1.5561 0.3433
22.2245 9.5703 -1.4205 0.3734
14.5246 -2.0994 -1.6253 0.3473
11.0861 -3.6201 -1.6539 0.3620
23.9159 -7.6002 -1.4070 0.3556
-20.9042 -9.7474 -1.7672 0.3419
16.4532 2.0735 -1.6119 0.3667
17.9354 2.2486 -1.6021 0.3257
-8.4902 -5.3152 -1.6707 0.3389
-13.2610 -6.7603 -1.7048 0.3417
-12.1689 0.5602 -1.8589 0.3576
-13.1115 -1.2919 -1.8654 0.3626
6.4269 -3.9269 -1.6931 0.3337
-16.8624 -5.6353 -1.7360 0.3309
14.5572 7.1861 -1.4857 0.3516
-18.6953 9.6766 -1.7466 0.3192
-23.3866 -2.8884 -1.9339 0.3702
-5.8426 3.9626 -1.8018 0.3455
-13.4884 7.3109 -1.7052 0.3266
34.3197 -9.4613 -1.3177 0.3262
-6.8202 8.1613 -1.6499 0.3563
-11.6762 -0.0170 -1.8552 0.3557
-13.1938 1.1350 -1.8661 0.3346
-2.5688 0.7975 -1.7750 0.3477
11.3509 -5.1415 -1.5058 0.3274
21.9167 5.6448 -1.4249 0.3448
-3.1254 4.6468 -1.6272 0.3795
12.5583 -8.0842 -1.5045 0.3926
3.9236 1.2558 -1.7123 0.3458
25.7897 9.1405 -1.3885 0.3586
9.1425 7.4231 -1.5302 0.3578
-7.6065 2.5181 -1.8197 0.3156
17.2152 -6.0261 -1.4619 0.3270
24.2039 -3.0555 -1.5604 0.3037
2.9264 -6.9928 -1.5775 0.3590
34.2318 6.4386 -1.3257 0.3889
27.7458 5.5734 -1.3798 0.3713
-13.1827 8.2072 -1.7004 0.3509
22.2054 -8.7321 -1.4211 0.3481
11.0571 9.2943 -1.5197 0.3430
7.0887 9.3285 -1.5505 0.3712
5.8363 3.4882 -1.6974 0.3543
26.2047 7.6350 -1.3875 0.3512
11.6524 -1.2312 -1.6455 0.3279
7.2624 -3.7319 -1.6856 0.3620
-22.0684 -6.9126 -1.7769 0.3470
1.8982 -9.3684 -1.5872 0.3579
29.4825 -9.1601 -1.3566 0.3700
17.7042 3.8313 -1.6051 0.3173
-21.9428 -3.2685 -1.9243 0.3441
28.0395 -8.9188 -1.3693 0.3412
24.6000 -7.7560 -1.4009 0.3394
7.8011 3.3057 -1.6801 0.3277
-23.6557 8.7736 -1.7920 0.3354
8.7458 -1.8404 -1.6696 0.3280
-21.7247 5.5532 -1.7735 0.3665
-5.7773 9.4716 -1.6397 0.3575
12.7346 4.1660 -1.6424 0.3562
29.7748 4.4601 -1.3669 0.3115
-3.5323 2.3180 -1.7833 0.3890
26.6014 9.5535 -1.3806 0.3418
30.1017 -4.0039 -1.5155 0.3849
-23.7374 5.6598 -1.7891 0.3650
-10.6343 -1.6984 -1.8460 0.3454
17.5917 -6.8916 -1.4601 0.3909
20.4106 4.7874 -1.4364 0.3613
-1.4550 6.5880 -1.6114 0.3454
14.4053 7.2720 -1.4872 0.3422
11.7295 8.4376 -1.5122 0.3706
19.3865 4.8982 -1.4440 0.3393
18.1195 0.5524 -1.6002 0.3424
-19.8478 8.7739 -1.7576 0.3381
-15.5050 -5.8087 -1.7251 0.3349
-17.0364 -8.4538 -1.7329 0.3361
30.9488 -1.3675 -1.5137 0.3854
29.8126 1.6444 -1.5222 0.3702
22.8447 3.5998 -1.5693 0.3547
-17.9969 6.3084 -1.7439 0.3391
9.4563 -9.4649 -1.5328 0.3390
-13.7662 6.0409 -1.7108 0.3427
-2.8970 2.0026 -1.7776 0.3858
-8.9745 9.0590 -1.6643 0.3558
24.7359 -3.0421 -1.5568 0.3650
-16.3329 2.3396 -1.8870 0.3540
13.7708 5.3310 -1.4873 0.3323
34.0337 0.3279 -1.4888 0.3521
16.2233 -6.8818 -1.4714 0.3285
-20.2460 -9.0040 -1.7612 0.3739
29.4710 -7.7720 -1.3601 0.3350
13.5848 -0.1019 -1.6306 0.3386
2.3787 2.7922 -1.7278 0.3663
14.5815 1.4104 -1.6242 0.3360
27.7427 4.2583 -1.5330 0.3456
3.6276 -9.2201 -1.5751 0.2972
6.8793 -7.2732 -1.5475 0.3435
2.1468 5.2228 -1.5818 0.3619
-20.6445 5.6236 -1.7652 0.3375
22.2242 4.0459 -1.5734 0.3612
-17.4153 4.9086 -1.7414 0.3497
-1.3258 9.2688 -1.6090 0.3718
-1.7906 8.8844 -1.6124 0.3353
-8.1976 2.8896 -1.8241 0.3452
-0.8496 -3.6133 -1.7577 0.3206
12.0805 -9.7178 -1.5122 0.3482
-6.3168 2.6322 -1.8082 0.3416
-14.6493 -1.3739 -1.8763 0.3692
27.1621 -7.0595 -1.3808 0.3375
33.2500 -5.6948 -1.3357 0.3415
2.5150 8.7306 -1.5824 0.3365
-5.3788 -8.6755 -1.6382 0.3505
-22.1511 5.7494 -1.7769 0.3898
-22.7889 8.0410 -1.7837 0.2800
-1.4271 3.7670 -1.7629 0.3490
30.8145 -8.7732 -1.3465 0.3735
18.8425 6.9171 -1.4498 0.3397
-4.0438 3.0658 -1.7873 0.3605
33.0828 -4.4593 -1.3405 0.3735
0.7255 2.5931 -1.7432 0.3445
-8.3924 -7.2691 -1.6644 0.3369
0.5812 4.1530 -1.7448 0.3687
-12.3074 8.0599 -1.6935 0.3599
28.1383 0.4336 -1.5354 0.3488
-3.3296 9.0421 -1.6230 0.3622
14.4781 -1.2381 -1.6247 0.3692
-1.6572 7.1513 -1.6126 0.3489
29.1039 5.4730 -1.3694 0.3561
13.5428 -8.2314 -1.4967 0.3604
4.2951 8.2531 -1.5690 0.3408
-17.0714 8.2086 -1.7335 0.3738
29.1150 -2.9717 -1.5254 0.3294
7.8090 5.8688 -1.5364 0.3474
-7.8968 -5.5073 -1.6653 0.3654
27.6756 -9.3921 -1.3715 0.3289
-21.7336 -5.8413 -1.7737 0.3674
-6.1554 -0.3202 -1.8088 0.3538
7.2097 -8.8447 -1.5487 0.3765
-4.6111 -6.7999 -1.6359 0.3623
3.6041 9.0088 -1.5751 0.3467
-9.1410 -0.1232 -1.8349 0.3546
-17.1950 6.4620 -1.7373 0.3554
-22.7888 -5.8675 -1.7820 0.3905
-15.5412 -8.2296 -1.7203 0.3517
32.1768 5.6110 -1.3446 0.3472
9.5242 -3.0233 -1.6652 0.3461
4.3376 -0.8039 -1.7082 0.3538
-1.9406 9.8426 -1.6128 0.3273
17.5052 -3.6694 -1.6064 0.3423
-16.5244 -0.5371 -1.8895 0.3298
-8.4322 2.6962 -1.8264 0.3324
14.3541 -8.2186 -1.4898 0.3661
3.7439 4.3286 -1.5670 0.3505
21.2056 -0.9654 -1.6134 0.3352
28.8266 -6.4997 -1.3688 0.3470
24.4024 -1.3892 -1.5604 0.3451
-13.9475 -0.7866 -1.8718 0.3511
-19.5118 2.8147 -1.9080 0.3199
-14.8336 8.7427 -1.7132 0.3282
22.0118 5.3013 -1.4244 0.3212
29.8299 -2.3510 -1.5211 0.3320
30.5269 9.3930 -1.3474 0.3355
-7.1071 5.8166 -1.6581 0.3293
25.4205 -9.4410 -1.3913 0.3653
7.1741 -7.6683 -1.5462 0.3868
24.3675 -5.6398 -1.4060 0.3665
7.9019 -8.3299 -1.5422 0.3387
-16.2464 -0.2915 -1.8877 0.3542
-20.2468 -3.1856 -1.9129 0.3487
32.4331 9.4585 -1.3321 0.3378
0.5482 -0.5453 -1.7446 0.3765
-3.9688 -5.7569 -1.6326 0.3901
-3.6218 9.4146 -1.6246 0.3206
-2.2639 0.2776 -1.7721 0.3788
31.6998 -8.5388 -1.3400 0.3382
-21.2377 -8.3825 -1.7702 0.3448
-17.8563 3.5059 -1.8963 0.3557
22.3791 -0.1041 -1.6739 0.3810
7.9646 2.4846 -1.6772 0.3556
-17.2878 6.9932 -1.7372 0.3582
-22.9324 3.6277 -1.9313 0.3671
-11.5459 7.2358 -1.6896 0.3702
-9.3514 4.8538 -1.6789 0.3602
-24.1472 3.4880 -1.9396 0.3703
-12.0346 -7.3060 -1.6933 0.3380
19.2991 -0.3434 -1.5927 0.3153
26.3260 -1.3381 -1.5476 0.3865
28.8941 0.8139 -1.5298 0.3292
-1.6052 -2.1771 -1.7653 0.3393
-5.8352 2.4087 -1.8043 0.3434
34.9916 -2.1509 -1.4789 0.3399
21.1604 1.1524 -1.5811 0.3355
7.2411 -2.1025 -1.6829 0.3593
-9.7137 8.0353 -1.6727 0.3595
-5.7217 -2.5317 -1.8031 0.3624
5.9219 4.6186 -1.5489 0.3611
7.5250 2.2747 -1.6807 0.3417
-24.1793 -2.2895 -1.9387 0.3416
32.5640 6.1526 -1.3399 0.3724
9.5364 8.5513 -1.5301 0.3396
10.3495 5.2097 -1.5140 0.3392
-12.3117 8.9718 -1.6913 0.3686
20.8992 -1.2739 -1.5827 0.3496
19.2359 8.2748 -1.4476 0.3399
-19.2905 7.5245 -1.7534 0.3401
10.6997 5.2477 -1.5113 0.3725
14.4916 6.7040 -1.4851 0.3617
25.1341 4.6027 -1.4018 0.3547
-12.6345 0.2462 -1.8624 0.3267
27.6581 1.0484 -1.5385 0.3548
2.6889 -1.6463 -1.7242 0.3457
-19.2086 3.2859 -1.9058 0.3318
-18.6627 -3.5042 -1.9019 0.3380
-13.1317 4.7932 -1.7091 0.3639
-8.0350 0.1023 -1.8255 0.3748
4.7843 -2.9362 -1.7059 0.3289
19.9251 -7.0554 -1.4409 0.3314
-13.7964 -4.8895 -1.7140 0.3639
34.5591 2.8040 -1.4817 0.3418
-15.3087 -2.6030 -1.8796 0.3611
10.9627 -9.3366 -1.5206 0.3415
30.7364 -3.4052 -1.5120 0.3615
24.9504 -2.6728 -1.5557 0.3225
13.8734 -5.3140 -1.4865 0.3610
17.9296 -4.2737 -1.6040 0.3080
-16.9477 4.0985 -1.8891 0.3685
-24.4202 4.9253 -1.7934 0.3493
1.0489 9.1780 -1.5929 0.3588
-19.6289 -7.6382 -1.7562 0.3547
-3.5348 -3.7655 -1.7819 0.3159
-11.5754 -8.4591 -1.6865 0.3773
29.9808 2.2661 -1.5200 0.3567
27.8034 -9.6722 -1.3699 0.3651
24.1366 -5.8929 -1.4074 0.3340
17.8367 1.7396 -1.6024 0.3548
-15.7557 -2.8252 -1.8825 0.3238
-22.0980 0.8875 -1.9248 0.3530
14.2333 2.8048 -1.6284 0.3312
13.5355 6.7788 -1.4930 0.4501
-2.8345 -2.1425 -1.7769 0.3621
3.3612 -4.4221 -1.5705 0.3766
4.3490 0.7761 -1.7081 0.3450
-10.6043 -8.6064 -1.6783 0.3580
-6.1500 -9.1617 -1.6429 0.3681
0.1034 -0.9553 -1.7490 0.3285
11.1907 -5.6384 -1.5086 0.3365
32.3492 -9.8557 -1.3319 0.3695
7.3091 3.5874 -1.6849 0.3456
18.8698 6.3231 -1.4491 0.3350
23.4201 -7.0424 -1.4118 0.3374
-18.1895 1.2780 -1.9001 0.3256
14.1875 9.6797 -1.4941 0.3108
3.9266 -4.6249 -1.5659 0.3161
9.3459 4.6163 -1.5204 0.3509
-22.6950 -6.7579 -1.7819 0.3634
29.3729 8.6419 -1.3587 0.4004
32.1670 -9.9913 -1.3331 0.3492
-24.7911 -4.1054 -1.9449 0.3244
-12.2325 9.5287 -1.6895 0.3494
-14.1883 3.4138 -1.8702 0.3641
21.8783 -5.7631 -1.4252 0.3706
10.8848 5.8273 -1.5116 0.3687
-14.3600 7.9617 -1.7108 0.3615
23.8383 -0.2546 -1.5643 0.3519
-3.7915 -6.8795 -1.6294 0.3647
2.6514 -4.8281 -1.5771 0.3263
-1.7616 8.8623 -1.6122 0.3098
6.2828 -6.7779 -1.5509 0.3919
3.8085 -3.7619 -1.7157 0.3491
-8.5250 -7.0892 -1.6659 0.3607
0.4734 -7.8879 -1.5965 0.2940
29.5002 0.4405 -1.5254 0.3809
5.1736 -2.0658 -1.7013 0.3731
29.9832 -9.0766 -1.3526 0.3187
8.0076 -7.0961 -1.5382 0.3437
21.1290 -9.2468 -1.4307 0.3553
-7.3845 -9.5082 -1.6513 0.3247
22.4248 -6.4306 -1.4205 0.3598
-9.1407 4.8730 -1.6772 0.3709
-23.8270 -9.7046 -1.7944 0.3565
-15.3563 -3.9105 -1.8778 0.3187
-23.7008 1.2958 -1.9350 0.3293
31.8238 4.8741 -1.3495 0.3475
34.9986 3.5578 -1.4765 0.3450
20.7338 9.7685 -1.4344 0.3454
-18.5123 -4.4875 -1.7500 0.3447
28.9367 -9.9972 -1.3596 0.3139
19.6266 -9.2356 -1.4446 0.3661
-5.0653 -8.0496 -1.6370 0.3625
5.1367 9.5048 -1.5649 0.3604
14.7056 1.4010 -1.6233 0.3586
-23.5570 5.9874 -1.7881 0.3443
5.0925 9.7016 -1.5655 0.3379
18.9437 6.8854 -1.4490 0.3296
-13.7065 -1.8477 -1.8692 0.3809
1.6274 7.5176 -1.5879 0.3496
6.9518 -1.3250 -1.6846 0.3168
19.1339 -7.7206 -1.4481 0.3494
32.8672 0.9626 -1.4984 0.3083
25.8965 8.3149 -1.3889 0.3550
12.2911 5.6908 -1.5000 0.3529
10.0184 -1.9615 -1.6593 0.3392
11.1912 7.0973 -1.5129 0.3312
7.7107 -0.7164 -1.6775 0.3612
-21.4382 3.6915 -1.9210 0.3483
16.8978 -3.3373 -1.6102 0.3112
17.9802 -6.1057 -1.4559 0.3741
5.7488 -3.7306 -1.6986 0.3312
27.2233 7.5033 -1.3793 0.3236
15.3462 9.7954 -1.4841 0.3772
-3.2401 -4.7217 -1.6281 0.3712
-23.8183 -6.6927 -1.7911 0.3416
-21.4503 -8.5783 -1.7721 0.3250
-3.8921 5.0764 -1.6331 0.3318
2.7263 0.5600 -1.7235 0.3413
-14.9877 1.1220 -1.8789 0.3743
-13.6403 -9.0959 -1.7022 0.3759
-11.1873 -8.3789 -1.6835 0.3533
21.8308 8.2925 -1.4246 0.3630
21.2773 1.5346 -1.5803 0.3458
-2.0237 -5.6159 -1.6168 0.3325
-14.6581 -5.8508 -1.7183 0.3200
-18.3455 -5.1819 -1.7480 0.3565
-19.7722 -8.7248 -1.7570 0.3680
-1.5232 -9.0047 -1.6105 0.3398
-22.2675 4.3997 -1.7771 0.3738
-4.9819 -4.7249 -1.6430 0.3423
32.6920 -2.3107 -1.4983 0.3517
5.4503 0.7473 -1.6978 0.3456
24.3587 -3.5987 -1.5588 0.3747
-17.2440 -0.4243 -1.8942 0.3599
-8.9153 7.3002 -1.6684 0.3488
31.7928 -5.1180 -1.3491 0.3515
-1.9869 5.8252 -1.6163 0.3262
13.9044 -4.7210 -1.4848 0.3053
33.5676 -6.2610 -1.3315 0.3394
8.0473 -8.5468 -1.5416 0.3461
-6.6792 3.6840 -1.8096 0.3606
6.9169 -1.7673 -1.6853 0.3467
-21.7218 5.4085 -1.7735 0.3406
-18.2578 -7.3466 -1.7448 0.2910
-24.5697 2.0670 -1.9412 0.3605
28.0526 -9.7403 -1.3676 0.3542
15.2768 -5.3234 -1.4756 0.3663
-7.1002 2.1929 -1.8158 0.3505
-11.7303 -8.8792 -1.6867 0.3729
15.9846 -2.4554 -1.6155 0.3390
30.1719 1.2333 -1.5199 0.3492
-7.0517 4.5517 -1.6608 0.3548
-5.7065 4.1131 -1.8003 0.3632
26.2544 -7.0364 -1.3884 0.3583
28.6025 -8.4966 -1.3654 0.3596
29.8422 -2.4728 -1.5208 0.3554
-7.4107 -5.1839 -1.6622 0.3461
-17.7812 -3.8862 -1.8953 0.3680
1.3999 -3.1503 -1.7370 0.3165
-7.2541 -2.0564 -1.8173 0.3374
28.0320 0.3720 -1.5362 0.3818
-22.8019 -9.8139 -1.7850 0.3365
13.0328 -4.0400 -1.6398 0.3484
29.3709 -4.7127 -1.3694 0.3778
33.6002 -5.2755 -1.3340 0.3475
14.0078 5.7724 -1.4866 0.3333
31.9954 -4.9740 -1.3479 0.3740
-20.4604 -6.9807 -1.7635 0.3442
-3.4433 7.0365 -1.6264 0.3456
-24.4771 -2.3412 -1.9408 0.3104
33.8710 -6.3193 -1.3289 0.3475
29.1636 5.0242 -1.3702 0.3637
-23.3168 3.1435 -1.9336 0.3414
-23.9120 8.9060 -1.7944 0.3244
-2.9818 7.5559 -1.6222 0.3404
-9.4877 3.8863 -1.8326 0.3377
25.8159 -6.7802 -1.3925 0.3449
-15.3709 -0.3364 -1.8818 0.3396
22.4390 -7.6242 -1.4196 0.3833
8.2676 0.9880 -1.6729 0.3560
-2.3565 8.3357 -1.6168 0.3152
-16.2568 -9.9235 -1.7239 0.3514
34.8615 7.5203 -1.3179 0.3492
12.0792 0.7864 -1.6419 0.3739
1.3629 -6.9750 -1.5895 0.3469
-2.7323 7.1173 -1.6209 0.3463
29.3437 0.7379 -1.5265 0.3873
24.2715 -1.0367 -1.5614 0.3286
23.6711 -0.0056 -1.5654 0.3660
11.9719 -7.0526 -1.5065 0.3513
28.2774 -7.7452 -1.3700 0.3400
-7.0433 3.2311 -1.8136 0.3370
17.2224 7.6082 -1.4643 0.3772
-0.7331 3.8892 -1.7566 0.3593
10.9999 6.8157 -1.5136 0.3620
34.8892 6.8954 -1.3193 0.3678
34.0715 -9.3592 -1.3197 0.3568
5.7571 5.4191 -1.5520 0.3288
9.4318 5.4419 -1.5221 0.3186
28.8393 -3.0005 -1.5274 0.3808
34.1381 -1.8030 -1.4868 0.3542
21.7165 4.9098 -1.4267 0.3516
-21.0889 9.7311 -1.7689 0.3861
-5.6416 9.7565 -1.6383 0.3287
28.7937 -0.5231 -1.5306 0.2995
21.1012 5.7910 -1.4312 0.3138
19.5340 -0.6788 -1.5912 0.3394
15.0754 7.3192 -1.4818 0.3523
-0.0842 2.9946 -1.7508 0.3778
-0.8055 8.7328 -1.6056 0.3669
23.5359 9.9448 -1.4081 0.2988
-7.3732 -3.3962 -1.8161 0.4060
16.0899 9.5865 -1.4772 0.3418
18.5725 3.8503 -1.5990 0.3746
25.6734 -5.2383 -1.3966 0.3609
-5.8069 -9.9378 -1.6392 0.3501
19.5134 3.6768 -1.5923 0.3453
-18.6106 -5.5524 -1.7496 0.3278
-16.7163 -5.3724 -1.7353 0.3242
0.0402 1.0434 -1.7496 0.3467
-21.6865 -9.3815 -1.7744 0.3222
31.8619 -1.6726 -1.5060 0.3830
29.1137 5.9875 -1.3679 0.3519
-22.0640 -9.4548 -1.7779 0.3919
25.2987 2.4788 -1.5535 0.3413
5.5325 -6.8324 -1.5570 0.3382
17.1178 7.2568 -1.4646 0.3618
28.2159 -2.1863 -1.5334 0.3448
9.6185 6.2424 -1.5229 0.3695
-18.0204 4.4764 -1.7464 0.3788
-24.8453 7.5567 -1.8008 0.3720
4.8153 0.3372 -1.7036 0.3773
31.9539 -0.2777 -1.5063 0.3664
9.3573 -9.2514 -1.5331 0.3390
-2.6237 0.6763 -1.7755 0.3728
-23.1447 0.4395 -1.9313 0.3640
29.8988 2.1279 -1.5209 0.3376
-5.3706 -7.3796 -1.6406 0.3402
17.2866 0.7994 -1.6056 0.3482
16.6542 -0.9194 -1.6098 0.3722
-9.7670 1.9195 -1.8387 0.3523
-21.1733 3.2110 -1.9191 0.3499
-1.9000 -2.7715 -1.7678 0.3468
-5.9721 0.0811 -1.8071 0.3429
17.0154 -2.0980 -1.6081 0.3267
24.1870 5.3098 -1.4079 0.3659
-11.6533 5.9285 -1.6943 0.3297
6.6939 -4.1412 -1.6913 0.3514
-22.5635 -4.8091 -1.7795 0.3418
-12.1447 3.5665 -1.8545 0.3653
20.7057 5.4803 -1.4343 0.3432
22.6039 -9.7827 -1.4169 0.3299
21.5843 -1.4513 -1.5896 0.3698
-16.4567 -3.8454 -1.8859 0.3335
8.0621 5.3304 -1.5329 0.3531
0.3625 -7.1292 -1.5972 0.3755
34.4892 5.5649 -1.3260 0.3354
14.2442 3.2281 -1.6290 0.3479
31.1121 6.8586 -1.3494 0.3414
-16.2790 9.8049 -1.7243 0.3526
2.0524 -0.4689 -1.7300 0.3486
21.2965 3.9882 -1.5800 0.3684
-2.9285 4.1992 -1.7760 0.3376
12.9505 6.8915 -1.4981 0.3755
5.7021 0.3625 -1.6954 0.3821
34.5158 -7.8470 -1.3198 0.3551
-14.5676 9.5873 -1.7093 0.3342
31.1209 -8.8633 -1.3438 0.3492
-0.9057 9.2475 -1.6061 0.3475
3.0796 -4.8928 -1.5735 0.3854
6.7161 -0.1503 -1.6861 0.3479
-9.0780 9.0132 -1.6652 0.3777
32.8194 3.5332 -1.4949 0.3522
29.6892 1.7112 -1.5230 0.3509
33.3743 -3.4821 -1.4904 0.3429
34.8152 -4.1519 -1.4768 0.3448
15.1880 -9.3444 -1.4848 0.3678
2.1011 1.7266 -1.7298 0.3354
26.0440 -1.3980 -1.5495 0.3692
-23.5717 -5.5140 -1.7877 0.3788
25.0642 -2.3157 -1.5553 0.3382
4.8372 8.8188 -1.5660 0.3742
15.3932 6.9680 -1.4784 0.3710
-2.5572 -1.3919 -1.7747 0.3674
-2.8826 9.5991 -1.6194 0.3373
-23.0970 -0.7576 -1.9310 0.3476
0.4274 -3.0172 -1.7460 0.3476
-0.4987 -2.2416 -1.7547 0.3918
-11.5125 7.4923 -1.6886 0.3498
-10.1606 -4.6449 -1.6861 0.3463
10.0484 -5.5579 -1.5175 0.3270
-5.9337 9.2109 -1.6412 0.3306
24.8151 4.6854 -1.4040 0.3363
-18.3169 5.2756 -1.7477 0.3572
9.6587 4.8058 -1.5184 0.3215
-15.3973 3.6581 -1.8786 0.3367
6.6944 -8.1750 -1.5511 0.3128
8.1528 5.0736 -1.5314 0.3780
13.5379 -5.0216 -1.4884 0.3521
0.6455 -7.3519 -1.5951 0.3562
5.5685 9.6601 -1.5621 0.3282
-14.1428 -9.4427 -1.7059 0.3732
2.7809 -9.3673 -1.5811 0.3801
-2.6182 -3.8017 -1.7736 0.3513
14.9679 6.8840 -1.4817 0.3404
1.0893 9.5589 -1.5927 0.3610
21.7605 -7.6294 -1.4254 0.3647
0.5595 -2.0912 -1.7447 0.3674
-10.8537 4.6860 -1.6915 0.3633
-8.5787 2.9106 -1.8272 0.3693
-22.2829 -5.3325 -1.7777 0.3361
7.3951 -3.4159 -1.6838 0.3682
24.8529 1.8875 -1.5571 0.3409
21.1467 -9.2919 -1.4306 0.2998
1.2674 5.1646 -1.5892 0.3407
-13.2328 -4.4919 -1.7106 0.3389
26.8091 6.5669 -1.3849 0.3548
-21.5931 3.6734 -1.9220 0.3668
-1.0466 2.9083 -1.7598 0.3539
26.3969 5.3472 -1.3909 0.3902
-1.4094 -8.4973 -1.6100 0.3395
-17.9275 -4.8006 -1.7453 0.3102
-9.0430 0.4347 -1.8340 0.3556
11.0018 5.5431 -1.5098 0.3391
-15.8778 6.9811 -1.7256 0.3283
14.2961 -2.3579 -1.6273 0.3440
1.2897 5.8730 -1.5894 0.3343
-4.9366 -5.5945 -1.6409 0.3363
-10.5445 -8.3513 -1.6784 0.3805
24.3998 -5.0683 -1.4066 0.3525
-1.1996 8.0630 -1.6087 0.3447
19.3088 0.8807 -1.5927 0.3820
1.4213 -0.3730 -1.7361 0.3441
-19.4880 4.8667 -1.7568 0.3254
1.4304 -9.7981 -1.5905 0.3235
5.4613 -7.6339 -1.5592 0.3484
2.4705 -8.0079 -1.5821 0.3172
23.9745 -7.5667 -1.4065 0.3266
29.6511 -0.9310 -1.5241 0.3424
22.2067 -4.3863 -1.4234 0.3726
9.9669 5.7145 -1.5186 0.3758
7.4870 6.7808 -1.5414 0.3632
13.6770 8.4988 -1.4962 0.3499
-7.7302 -6.0788 -1.6624 0.3386
23.7108 0.0570 -1.5652 0.3578
26.4109 -9.0260 -1.3832 0.3856
-8.9670 -5.2018 -1.6749 0.3528
29.1691 2.3015 -1.5261 0.3408
25.9240 -1.5522 -1.5502 0.3468
0.4692 3.8140 -1.7458 0.3447
29.5400 6.7845 -1.3622 0.3610
-17.7737 -8.8093 -1.7389 0.3347
-23.3208 8.7723 -1.7890 0.3581
-4.1280 -9.1519 -1.6284 0.3614
8.9261 9.6334 -1.5373 0.3569
-3.9134 2.7526 -1.7864 0.3283
31.5241 -9.1340 -1.3400 0.3470
-9.7174 -2.1274 -1.8380 0.3395
-8.1272 -4.8358 -1.6690 0.3485
13.0897 5.9714 -1.4944 0.3367
-24.7682 -5.4909 -1.7969 0.3749
18.6534 6.5243 -1.4510 0.3537
-2.3518 -3.7532 -1.7713 0.3176
33.6649 9.7829 -1.3220 0.3234
16.4851 -4.5918 -1.4651 0.3741
-21.8671 3.6992 -1.9239 0.3464
-19.4423 6.0039 -1.7557 0.3422
-19.7099 -5.6708 -1.7580 0.3726
32.1573 -8.4849 -1.3365 0.3470
16.0431 1.0249 -1.6139 0.3261
0.6564 3.5416 -1.7440 0.3274
-12.9710 6.3455 -1.7036 0.3626
27.4184 -4.5447 -1.3848 0.3906
-12.9066 7.4457 -1.7000 0.3668
17.4008 8.3153 -1.4638 0.3424
20.7995 5.5837 -1.4336 0.3455
-7.3206 -9.8481 -1.6503 0.3510
5.2949 -8.2557 -1.5617 0.3096
-11.6206 9.9547 -1.6836 0.3505
-2.2642 4.6790 -1.6197 0.3617
32.9081 2.5358 -1.4962 0.3855
16.5883 8.0272 -1.4704 0.3718
25.7969 -9.2072 -1.3883 0.3886
7.4360 5.1476 -1.5375 0.3836
-10.6576 3.0936 -1.8438 0.3779
17.7728 6.9644 -1.4587 0.3505
5.0341 5.5581 -1.5582 0.3569
-14.3891 -0.3014 -1.8751 0.3166
-0.2542 -8.5806 -1.6018 0.3526
13.0904 8.1880 -1.5004 0.3613
19.1199 5.2700 -1.4462 0.3443
-10.4068 -2.8721 -1.8423 0.3192
27.5598 9.6786 -1.3720 0.3817
-2.2269 -3.7778 -1.7701 0.3581
-8.7318 -2.5888 -1.8291 0.3844
-13.2928 9.4935 -1.6985 0.3648
23.2503 3.3622 -1.5667 0.3774
-3.7501 7.5839 -1.6280 0.3733
4.0039 7.7551 -1.5704 0.3364
-11.6308 0.7290 -1.8547 0.3398
16.1655 -4.6607 -1.4676 0.3414
21.8620 6.9489 -1.4248 0.3307
-4.6345 0.0378 -1.7948 0.3853
31.7048 1.2870 -1.5077 0.3508
-23.1634 0.8274 -1.9315 0.3592
-17.0234 -9.8082 -1.7311 0.3234
10.3272 -9.0826 -1.5251 0.3664
17.0844 2.3277 -1.6078 0.3418
-9.9590 5.8887 -1.6809 0.3752
8.2443 -0.8592 -1.6730 0.3363
-5.8968 -6.1918 -1.6474 0.3766
8.2454 -1.8673 -1.6739 0.3688
14.5597 5.3665 -1.4813 0.3407
33.3685 -7.8276 -1.3287 0.3784
2.3418 1.2040 -1.7273 0.3730
13.8930 4.0443 -1.6333 0.3598
9.6824 -1.6833 -1.6617 0.3301
-5.9467 2.0252 -1.8057 0.3660
-9.8162 7.6695 -1.6745 0.3513
34.2722 -5.7437 -1.3273 0.3510
-12.5889 -7.2983 -1.6978 0.3515
22.4165 -8.7830 -1.4191 0.3494
-16.2048 4.5243 -1.7330 0.3327
23.2611 8.0106 -1.4122 0.3197
-13.8563 3.8079 -1.8669 0.3156
33.0294 9.5291 -1.3273 0.3560
16.1593 4.1622 -1.6167 0.3015
-19.5929 -4.2301 -1.9079 0.3645
16.5906 -4.8882 -1.4648 0.3601
11.2172 3.3334 -1.6522 0.3439
-4.7472 3.5162 -1.7930 0.3705
-9.3558 0.4762 -1.8366 0.3448
18.1256 0.5378 -1.6001 0.3584
19.4817 -1.6672 -1.5918 0.3108
-5.3676 -3.0016 -1.7993 0.3052
27.5736 2.6811 -1.5373 0.3453
-8.8704 4.9503 -1.6748 0.3585
-20.8081 6.2681 -1.7665 0.3690
10.9921 -3.8433 -1.6552 0.3465
-18.5758 7.1547 -1.7477 0.3549
-8.4002 -3.9452 -1.8235 0.3657
5.4312 -3.9024 -1.7017 0.3474
-7.8184 6.1200 -1.6630 0.3617
-12.1002 9.3875 -1.6886 0.3274
17.1911 8.6445 -1.4660 0.3169
7.8200 -7.7784 -1.5415 0.3393
25.3857 -4.2305 -1.5506 0.3655
9.8744 5.1979 -1.5178 0.3358
4.0068 6.1249 -1.5677 0.3630
-9.3246 0.0853 -1.8364 0.3295
22.5240 -9.6779 -1.4177 0.3383
-13.1877 0.0370 -1.8665 0.3548
-10.4663 -9.3771 -1.6753 0.3367
25.4953 -4.3721 -1.3995 0.3400
19.4716 3.1372 -1.5924 0.2978
11.7724 -7.3080 -1.5088 0.3668
-22.6648 4.2498 -1.9298 0.3476
-17.3645 2.4277 -1.8940 0.3311
4.9974 -1.4061 -1.7023 0.3867
19.7803 -2.5569 -1.5901 0.3342
2.8461 8.2933 -1.5796 0.3397
-23.9624 1.0634 -1.9366 0.3308
-13.9438 7.7780 -1.7078 0.3721
10.3260 -1.7512 -1.6565 0.3787
16.6530 1.8928 -1.6104 0.3767
-22.9943 9.0922 -1.7863 0.3765
-22.4001 -7.5183 -1.7800 0.3381
-9.3214 -4.7444 -1.6790 0.3834
-19.9899 8.3339 -1.7591 0.3461
7.5168 -1.5599 -1.6798 0.3191
-17.5779 -4.5593 -1.7430 0.3415
13.8932 9.9468 -1.4971 0.3565
21.6335 -7.9558 -1.4264 0.3371
33.2310 2.2309 -1.4940 0.3529
31.9044 5.7615 -1.3463 0.3607
-8.5981 5.7348 -1.6704 0.3582
-23.2354 -1.1632 -1.9320 0.3631
-5.2353 -9.1208 -1.6364 0.3464
17.5088 6.8205 -1.4607 0.3355
-21.4119 6.0547 -1.7712 0.3206
-3.4172 -5.2524 -1.6288 0.3482
-7.1179 -3.1895 -1.8143 0.3393
-11.8393 0.2518 -1.8564 0.3476
17.3678 -7.7171 -1.4632 0.3086
14.5458 6.4113 -1.4839 0.3196
7.1296 8.4420 -1.5484 0.3602
29.6465 -3.8361 -1.5195 0.3173
-18.8117 8.4806 -1.7485 0.3462
-16.0186 6.0174 -1.7287 0.3334
-1.9930 4.5565 -1.6174 0.3321
14.3529 9.3831 -1.4922 0.3517
10.0448 -3.5070 -1.6620 0.3506
-20.5574 8.3129 -1.7641 0.3609
32.5055 -8.0319 -1.3349 0.3280
-6.6961 -0.4397 -1.8136 0.3323
-3.4616 1.0402 -1.7834 0.3725
12.4178 -7.5438 -1.5042 0.3455
31.7099 4.7471 -1.3508 0.3573
14.7613 -0.4964 -1.6224 0.3401
32.2864 -0.8892 -1.5033 0.3591
-13.7445 1.6288 -1.8697 0.3002
12.1286 -7.3058 -1.5059 0.3730
24.7327 -5.9995 -1.4026 0.3409
5.5415 -6.3863 -1.5559 0.3250
-3.2696 9.0387 -1.6226 0.3288
34.0855 5.4638 -1.3296 0.3447
-16.5408 0.5839 -1.8896 0.3478
-0.3442 3.1891 -1.7532 0.3528
27.4024 2.9996 -1.5380 0.3261
29.0288 -4.7531 -1.3720 0.3674
33.8229 -8.2678 -1.3241 0.3395
28.0909 1.0988 -1.5354 0.3385
-21.9426 -4.7392 -1.7749 0.3455
30.7860 7.4694 -1.3502 0.3633
0.6900 -5.2789 -1.5942 0.3493
14.0972 1.4572 -1.6276 0.3392
-1.3434 -1.5981 -1.7630 0.3435
23.8201 4.8581 -1.4112 0.3744
9.5552 9.0149 -1.5311 0.3711
25.7327 -1.7686 -1.5513 0.3573
-13.3737 -9.1129 -1.6999 0.3530
-13.9010 3.2286 -1.8684 0.3963
1.4226 -7.4163 -1.5893 0.3593
-24.7149 -7.9100 -1.8003 0.3536
16.5712 3.2312 -1.6124 0.3460
-7.2368 -7.9438 -1.6536 0.3571
8.4380 -7.4245 -1.5357 0.2891
-20.7998 -1.2184 -1.9166 0.3706
-14.7613 -0.9535 -1.8774 0.3246
12.3716 8.2743 -1.5065 0.3356
-6.6602 -4.4773 -1.6577 0.3220
-12.1167 -1.9813 -1.9641 0.3353
-11.2692 4.1504 -1.8462 0.3432
-12.1108 6.5404 -1.6961 0.3678
12.3711 -3.0176 -1.6426 0.3758
-14.9385 2.6215 -1.8770 0.3888
-3.2376 2.4837 -1.7805 0.3520
16.2732 -3.9358 -1.6155 0.3456
5.8203 -7.6276 -1.5565 0.3656
10.8369 3.6503 -1.6560 0.3329
-9.9456 -4.6386 -1.6843 0.3307
30.9629 -3.6344 -1.5097 0.3427
-0.1672 1.4471 -1.7516 0.3493
-7.7822 -6.7838 -1.6609 0.3087
29.2596 -5.1700 -1.3690 0.3713
14.3174 -1.0784 -1.6258 0.3548
11.8368 7.5697 -1.5090 0.3660
28.2041 5.4451 -1.3766 0.3186
-21.4876 -3.6481 -1.9213 0.3367
25.2608 -3.9586 -1.5519 0.3357
15.6719 9.7469 -1.4811 0.3459
-3.4004 3.0677 -1.7814 0.3493
-9.6189 3.7107 -1.8341 0.3674
-18.7116 -8.8975 -1.7473 0.3520
31.4645 -7.9005 -1.3436 0.3352
-16.4853 -4.1109 -1.8857 0.3938
-9.4337 6.8402 -1.6738 0.3447
16.4664 8.2134 -1.4717 0.3319
17.6091 -6.1794 -1.4590 0.3123
-15.3539 4.2839 -1.8771 0.3518
23.8479 7.4828 -1.4077 0.3638
5.6172 7.5780 -1.5579 0.3272
25.9074 -0.8239 -1.5507 0.3625
-19.7629 -4.8244 -1.7589 0.3517
-22.4302 9.1257 -1.7812 0.3145
13.2194 -4.4683 -1.4894 0.3625
-15.9986 -4.9461 -1.7306 0.3447
6.4969 -5.8863 -1.5470 0.3275
-24.1535 0.6507 -1.9377 0.3691
21.7958 -7.8563 -1.4250 0.3688
28.9718 1.4138 -1.5287 0.3270
25.3330 8.8738 -1.3929 0.3559
32.5012 0.0994 -1.5018 0.3541
29.1857 9.3070 -1.3587 0.3486
1.6411 8.1141 -1.5882 0.3397
-1.0991 5.8460 -1.6090 0.3470
28.7710 2.1611 -1.5293 0.3688
30.6163 7.6136 -1.3512 0.3582
33.3702 1.0997 -1.4941 0.3114
21.0990 -5.8560 -1.4312 0.3071
-12.8807 8.5036 -1.6971 0.3129
31.6972 0.0438 -1.5084 0.3228
31.8285 8.1550 -1.3400 0.3349
14.9679 -2.1371 -1.6222 0.3409
26.4368 -3.2855 -1.5445 0.3487
8.6706 5.3198 -1.5279 0.3493
31.6476 2.6889 -1.5062 0.3490
-19.3638 -1.2055 -1.9076 0.3729
26.8378 7.5718 -1.3824 0.3165
-21.6698 0.3315 -1.9221 0.3567
-4.6536 -9.7442 -1.6314 0.3566
-16.8805 3.8641 -1.8889 0.3247
3.7481 -8.7369 -1.5737 0.3607
-11.0652 -0.3780 -1.8504 0.3575
32.1243 -6.1584 -1.3434 0.3491
8.5593 -5.1603 -1.5283 0.3016
28.8638 9.5963 -1.3609 0.3693
-8.3165 -7.7304 -1.6625 0.3545
-23.4413 5.1541 -1.7863 0.3581
21.5393 2.7489 -1.5785 0.2822
17.1427 -6.0991 -1.4626 0.3394
7.7295 8.7068 -1.5444 0.3213
23.9206 -5.9717 -1.4090 0.3759
25.4051 0.3117 -1.5542 0.3279
10.2742 5.8104 -1.5164 0.3796
32.9557 5.2714 -1.3393 0.3691
18.1827 -3.6058 -1.6015 0.3544
15.6125 6.7854 -1.4762 0.3727
-3.3147 9.2419 -1.6227 0.3311
-24.8645 -0.5196 -1.9423 0.3347
-10.5434 3.0463 -1.8430 0.3684
20.8352 -2.7097 -1.5832 0.3312
17.5923 -2.9183 -1.6050 0.3235
-5.1387 -0.6057 -1.7994 0.3436
12.5350 -6.0573 -1.4991 0.3324
-13.2828 3.7880 -1.8627 0.3873
-9.1823 -6.6885 -1.6723 0.3655
31.8445 -9.8964 -1.3358 0.3385
-0.2092 -1.2105 -1.7520 0.3300
-10.3007 -8.4716 -1.6762 0.3568
4.2265 1.2488 -1.7094 0.3738
-1.7790 0.4074 -1.7674 0.3558
18.7717 -7.2547 -1.4507 0.3310
32.7270 -5.0801 -1.3417 0.3213
10.5042 -9.5110 -1.5246 0.3424
10.4688 1.8791 -1.6705 0.3563
-3.1100 -4.1427 -1.7776 0.3406
8.8779 4.2597 -1.6733 0.3702
-5.8403 2.5965 -1.8041 0.3605
-24.9345 -2.5282 -1.9440 0.3547
26.9658 -9.5655 -1.3774 0.3601
0.7666 -3.5967 -1.7430 0.3222
4.5253 -3.5027 -1.7090 0.3400
-19.9899 -3.3459 -1.9111 0.3292
25.2266 9.0689 -1.3936 0.3577
-14.7798 -6.7088 -1.7172 0.3295
-0.3627 -4.5988 -1.6032 0.3516
25.4159 6.6480 -1.3960 0.3467
2.4670 8.5032 -1.5826 0.3620
30.8691 -0.6343 -1.5149 0.3261
-12.4411 0.8010 -1.8608 0.3590
17.9140 -8.9428 -1.4599 0.3286
33.6799 6.1608 -1.3309 0.3307
7.9768 1.8912 -1.6762 0.3471
16.5310 -0.4198 -1.6104 0.3739
-1.4064 -3.9485 -1.7626 0.3332
20.0802 -1.1246 -1.5879 0.3144
29.5324 4.7062 -1.3682 0.3311
17.1833 -8.3845 -1.4658 0.3423
31.1557 0.1363 -1.5127 0.3874
10.3192 -9.3072 -1.5257 0.3578
9.6282 5.4451 -1.5205 0.3349
-6.7224 -5.7796 -1.6551 0.3472
17.5777 8.0678 -1.4619 0.3814
27.9172 -0.4781 -1.5370 0.3452
13.7790 -0.8547 -1.6295 0.3454
-11.0176 -2.7930 -1.8473 0.3419
7.6465 0.3272 -1.6779 0.3639
20.3562 -3.2394 -1.5864 0.3395
31.3618 -2.8015 -1.5083 0.3674
-15.6042 -6.0877 -1.7253 0.3713
-17.3502 -3.0957 -1.8932 0.3623
-0.2234 6.2343 -1.6018 0.3455
-17.4633 -5.0862 -1.7415 0.3220
33.8257 6.4254 -1.3290 0.3455
0.4583 7.2263 -1.5965 0.3366
7.0166 3.3267 -1.6868 0.3344
-11.3747 -9.3863 -1.6827 0.3452
1.9476 1.2207 -1.7311 0.3596
34.0816 6.6630 -1.3263 0.3375
4.3212 -2.6843 -1.7098 0.3225
-24.4706 -4.3436 -1.7929 0.3308
-10.4483 -3.5725 -1.8411 0.3838
33.7073 -1.5385 -1.4908 0.3610
34.3441 -8.5966 -1.3193 0.3308
-12.3704 -5.2463 -1.7019 0.3758
11.9158 2.9387 -1.6460 0.3452
-20.3855 -0.5503 -1.9141 0.3956
9.6465 -5.0532 -1.5192 0.3552
-17.4448 8.6176 -1.7362 0.3613
24.1197 -4.0892 -1.5599 0.3667
31.3745 -7.4136 -1.3457 0.3797
-14.6208 -6.0130 -1.7176 0.3412
2.7627 -4.0683 -1.7254 0.3780
-18.8774 0.4512 -1.9047 0.3375
-4.6516 -8.6736 -1.6329 0.3428
-21.0941 7.0988 -1.7688 0.3502
-9.1272 7.5495 -1.6694 0.3684
34.4134 -3.6330 -1.4813 0.3434
-22.3238 5.5062 -1.7781 0.3830
26.5381 1.9939 -1.5455 0.3765
-20.3528 6.9089 -1.7627 0.3508
6.7398 -4.4607 -1.5416 0.3307
2.1272 2.2047 -1.7298 0.3700
30.8933 -8.5461 -1.3464 0.3081
-13.0570 -9.8110 -1.6959 0.3648
-14.2191 7.4940 -1.7107 0.3335
19.9228 -4.1090 -1.5897 0.3751
18.5432 -1.0918 -1.5976 0.3223
16.9509 -5.3644 -1.4629 0.3368
-23.4324 7.5361 -1.7888 0.3588
-9.4024 -2.3093 -1.8351 0.3620
25.3937 -6.4176 -1.3966 0.3375
11.0515 2.1599 -1.6513 0.3434
11.1317 -5.8907 -1.5098 0.3691
-7.2450 -4.7862 -1.6618 0.3701
-9.3896 3.4559 -1.8328 0.3430
31.7933 9.1844 -1.3377 0.3379
18.6653 5.0962 -1.4495 0.3226
-17.3880 -7.5172 -1.7373 0.3551
31.2624 -3.7489 -1.5070 0.3663
9.9422 5.9273 -1.5194 0.3530
-4.9983 -4.4971 -1.6435 0.3315
-1.1716 4.8014 -1.6101 0.3857
18.5243 -0.5642 -1.5976 0.3079
-2.4236 7.6882 -1.6179 0.3676
9.7247 -2.8170 -1.6631 0.3543
17.6300 8.6914 -1.4622 0.3594
-13.2775 -1.8513 -1.8660 0.3343
31.6545 4.5247 -1.3519 0.3470
-3.6296 -6.0961 -1.6293 0.3559
0.1625 0.6158 -1.7484 0.3483
16.9109 -3.7973 -1.6107 0.3141
11.5271 -9.7455 -1.5168 0.3843
1.4072 -1.2545 -1.7364 0.3630
13.9845 -6.5501 -1.4888 0.3507
29.1697 9.1717 -1.3592 0.3520
23.0170 6.1718 -1.4160 0.3837
24.4555 4.7905 -1.4066 0.3351
-9.4955 -0.9334 -1.8375 0.3306
0.1642 -4.8179 -1.5986 0.3670
8.2291 -3.5127 -1.6769 0.3593
-22.3486 -5.9127 -1.7786 0.3298
21.1875 1.0378 -1.5809 0.3718
-5.5922 6.2255 -1.6449 0.3559
-8.0442 -6.2518 -1.6644 0.3320
-9.4425 -9.9091 -1.6662 0.3598
-7.9972 -7.4879 -1.6607 0.3568
-4.7191 -0.7814 -1.7954 0.3482
11.2895 -9.6281 -1.5185 0.3577
10.0139 -1.9346 -1.6593 0.3625
-9.6573 -7.7768 -1.6729 0.3683
-12.6145 -7.8447 -1.6966 0.3521
24.5815 4.2522 -1.5564 0.3446
-19.4366 9.9899 -1.7533 0.3548
5.7694 -6.1104 -1.5535 0.3738
6.2337 -5.4082 -1.5480 0.3626
9.4482 -4.0716 -1.6682 0.3435
28.1390 5.7022 -1.3764 0.3511
12.4348 0.1179 -1.6390 0.3833
33.4180 1.4135 -1.4934 0.3650
27.2812 0.9301 -1.5413 0.3530
-12.1156 8.7474 -1.6902 0.3728
-10.5290 -9.3029 -1.6760 0.3391
-4.3136 -6.8417 -1.6335 0.3566
-1.5091 -2.3577 -1.7643 0.3875
8.1797 -0.2394 -1.6733 0.3631
-11.0492 -7.7213 -1.6842 0.3824
-11.6593 7.8634 -1.6887 0.3483
-2.1166 3.5572 -1.7693 0.3405
15.3214 8.6449 -1.4824 0.3732
16.2875 8.8160 -1.4743 0.3134
33.5670 0.2507 -1.4928 0.3536
-12.8551 7.0602 -1.7007 0.3706
-1.4285 4.7351 -1.6124 0.3613
32.8806 -2.7898 -1.4959 0.3079
16.4005 3.1470 -1.6135 0.3231
10.5367 9.0549 -1.5234 0.3477
7.3788 5.2802 -1.5383 0.3595
-20.4694 4.1882 -1.9142 0.3603
28.6024 -5.5626 -1.3731 0.3499
12.5303 6.6226 -1.5007 0.3646
9.3000 -2.2067 -1.6655 0.3587
7.3700 2.4816 -1.6823 0.3474
-1.4851 3.5545 -1.7636 0.3608
-9.7201 0.3048 -1.8397 0.3371
20.3193 -6.6883 -1.4376 0.3627
5.5741 3.9491 -1.7005 0.3331
-22.9636 -5.0552 -1.7826 0.3597
-1.0543 -4.6927 -1.6092 0.3593
30.7162 -7.4642 -1.3508 0.3440
-2.5663 2.3988 -1.7743 0.3627
-0.2060 -7.6519 -1.6015 0.3809
12.4377 -3.0957 -1.6423 0.3296
23.1005 7.7904 -1.4138 0.3691
15.1077 -0.9387 -1.6202 0.3717
26.0033 7.8901 -1.3887 0.3459
-18.1618 -0.1457 -1.9002 0.3660
30.4756 -6.4233 -1.3558 0.3449
29.2353 5.1783 -1.3692 0.3751
6.1489 -2.9311 -1.6937 0.2952
12.4845 9.3282 -1.5080 0.3789
-12.2312 -4.7574 -1.7022 0.3278
1.8768 6.4429 -1.5851 0.3518
-12.8378 -0.1228 -1.8639 0.3337
-23.6814 6.8426 -1.7901 0.3799
33.8542 -6.3393 -1.3290 0.3454
-9.4512 2.6734 -1.8349 0.3392
10.5865 -7.7363 -1.5196 0.3724
-6.9850 6.1103 -1.6563 0.3646
-2.7627 -5.2869 -1.6233 0.3433
-1.1343 -1.4485 -1.7610 0.3302
-4.8972 3.1195 -1.7949 0.3275
13.2440 -0.4357 -1.6331 0.3755
32.6562 5.5779 -1.3408 0.3584
0.7181 3.7634 -1.7435 0.3535
33.3996 -7.3919 -1.3297 0.3598
15.0678 5.4693 -1.4776 0.3110
11.4282 -1.5304 -1.6476 0.3435
-10.7738 1.9552 -1.8468 0.3440
-21.2248 -5.6685 -1.7697 0.3696
26.1161 -1.5382 -1.5489 0.3206
9.4389 6.3432 -1.5247 0.3711
-0.1352 8.5252 -1.6010 0.3859
23.7180 8.7739 -1.4074 0.3156
-6.3652 4.0018 -1.8062 0.3503
22.0170 -8.4218 -1.4229 0.3600
-5.3222 -1.1473 -1.8008 0.3675
30.2529 -6.1386 -1.3584 0.3067
-8.9220 3.9523 -1.8278 0.3568
-16.7468 -6.7726 -1.7331 0.3456
16.8858 9.5515 -1.4699 0.3443
-15.2292 -6.1093 -1.7222 0.3914
31.9618 -8.9457 -1.3369 0.3457
14.3333 6.8709 -1.4868 0.3590
-11.1484 -5.9546 -1.6902 0.3476
-12.4709 -9.5197 -1.6915 0.3548
30.4325 0.9616 -1.5181 0.3611
11.4715 9.3847 -1.5165 0.3679
28.6242 -4.6500 -1.3754 0.3345
-18.3865 -1.8255 -1.9011 0.3531
30.5235 -5.2567 -1.3588 0.3538
6.2030 1.1597 -1.6912 0.3170
15.1053 -3.5442 -1.6233 0.3309
-2.6275 1.8273 -1.7752 0.3678
-21.4516 -0.4396 -1.9207 0.3408
32.4783 8.5783 -1.3337 0.4022
34.6759 3.4003 -1.4796 0.3693
-3.1272 3.6519 -1.7783 0.3590
31.6321 -0.2707 -1.5089 0.3802
-14.9364 -3.9371 -1.8747 0.3655
-15.7189 -3.7207 -1.8808 0.3537
-20.6133 0.0798 -1.9155 0.3217
-1.5238 -6.1618 -1.6123 0.3633
-21.8619 -7.3515 -1.7753 0.3779
-1.3206 -2.5527 -1.7625 0.3381
-16.6966 -7.3905 -1.7316 0.3135
18.8317 -5.3848 -1.4485 0.3286
25.0018 0.7005 -1.5567 0.3852
16.2689 5.8019 -1.4689 0.3516
-12.9704 -5.5046 -1.7059 0.3792
21.0109 5.8333 -1.4319 0.3504
-10.0300 -9.6892 -1.6712 0.3401
20.5693 9.9405 -1.4360 0.3927
9.0439 0.3388 -1.6660 0.3426
-2.9972 -0.4823 -1.7792 0.3450
-19.9905 3.0111 -1.9112 0.3592
24.6506 -0.4965 -1.5591 0.3442
31.3792 -1.8396 -1.5097 0.3656
14.9551 -2.5803 -1.6229 0.3589
32.8725 9.5567 -1.3285 0.3597
31.0467 7.2299 -1.3488 0.3377
-13.3235 0.0482 -1.8675 0.3168
18.8727 6.7291 -1.4494 0.3334
-4.0417 -7.0182 -1.6311 0.3351
4.2510 0.5889 -1.7089 0.3559
-15.5821 -0.9966 -1.8830 0.3337
33.4868 -3.5024 -1.4894 0.3207
18.5682 8.3688 -1.4535 0.3271
-8.9855 6.6499 -1.6708 0.3578
-2.7117 8.1417 -1.6196 0.3637
0.3490 2.7043 -1.7467 0.3399
19.8520 -2.4756 -1.5896 0.3420
30.5418 5.1363 -1.3590 0.3623
-5.7136 -7.8287 -1.6423 0.3533
3.3500 7.0616 -1.5743 0.3737
10.5925 -9.4244 -1.5237 0.3468
-1.3994 6.3642 -1.6111 0.3334
5.2509 4.0788 -1.7035 0.3717
-18.6575 -8.2308 -1.7474 0.3438
-14.9395 -7.0600 -1.7177 0.3342
-0.9339 -0.9522 -1.7591 0.3679
29.8963 -4.0025 -1.5171 0.3790
-4.0385 7.3459 -1.6305 0.3537
-10.0124 -6.1433 -1.6805 0.3299
19.5717 -1.6584 -1.5912 0.3807
31.9478 -4.7906 -1.3488 0.3575
2.5474 -7.4564 -1.5809 0.3544
-24.4837 -4.8052 -1.7937 0.3419
16.2890 7.1997 -1.4714 0.3726
-0.0964 4.3100 -1.6009 0.3278
15.4187 8.2848 -1.4809 0.3259
-8.3370 -1.8944 -1.8268 0.3879
-24.8555 -5.1917 -1.7971 0.3328
-4.3302 -9.4736 -1.6294 0.3692
17.2875 -0.0968 -1.6054 0.3776
-1.4132 -9.2054 -1.6096 0.3542
-11.8496 -9.9145 -1.6855 0.3324
2.8404 2.0942 -1.7230 0.3626
20.1409 -6.7035 -1.4390 0.3778
-17.8340 1.1956 -1.8978 0.3568
16.5051 1.4705 -1.6110 0.3351
15.0406 4.4768 -1.4756 0.3561
-2.7557 -2.3374 -1.7761 0.3223
33.2202 4.1031 -1.4902 0.3305
28.6823 -2.6807 -1.5292 0.3448
-6.0303 -8.0443 -1.6442 0.3512
-23.1345 -3.8002 -1.9328 0.3260
-6.5017 -9.8487 -1.6443 0.3550
-12.7167 -0.7508 -1.8629 0.3604
7.8351 4.8062 -1.5333 0.3457
30.1247 5.6950 -1.3607 0.3068
27.2203 -5.3581 -1.3845 0.3521
-6.6503 -7.8871 -1.6493 0.3863
0.7159 -6.2914 -1.5943 0.3592
-22.8075 9.6743 -1.7849 0.3503
7.6498 -3.7579 -1.6823 0.3426
-21.1979 -1.4143 -1.9192 0.3615
31.3164 -8.4875 -1.3432 0.3542
27.0160 5.7866 -1.3850 0.3641
-12.1487 -1.0302 -1.8584 0.3281
16.9621 -8.2520 -1.4675 0.3524
9.0812 -0.5412 -1.6657 0.3408
23.0815 4.2655 -1.5672 0.3574
3.5391 -0.5392 -1.7157 0.3111
-13.4937 9.3727 -1.7004 0.3421
13.3906 7.4333 -1.4960 0.3608
-20.1832 0.2961 -1.9128 0.3641
10.0753 8.8102 -1.5265 0.3494
-12.2377 6.2278 -1.6981 0.3068
16.0962 -2.6346 -1.6149 0.3628
24.6826 5.4282 -1.4039 0.3817
-18.4285 0.1170 -1.9018 0.3332
-0.9839 0.7822 -1.7596 0.3415
19.0113 0.4124 -1.5945 0.3661
-15.1778 6.0736 -1.7219 0.3667
8.9914 8.3715 -1.5339 0.3719
15.3103 -3.6096 -1.6220 0.3703
-3.7124 2.8384 -1.7845 0.3194
24.9189 2.5682 -1.5560 0.3404
5.6395 7.7499 -1.5581 0.3625
12.6197 -1.0558 -1.6381 0.3483
-16.5476 -6.1968 -1.7325 0.3573
-23.6104 -5.9383 -1.7885 0.3474
-21.9551 -8.9745 -1.7768 0.3413
29.2352 -7.9854 -1.3614 0.3452
27.9585 -3.9756 -1.5320 0.3276
23.4555 -7.9487 -1.4106 0.3355
-13.0233 7.4218 -1.7011 0.3487
6.5275 -2.7596 -1.6901 0.3490
22.7670 -2.6307 -1.5704 0.3614
15.4802 5.1501 -1.4737 0.3443
-18.0687 -3.9732 -1.8973 0.3835
28.7325 4.3036 -1.3754 0.3746
-15.3591 6.4485 -1.7225 0.3400
-14.6923 -2.7964 -1.8749 0.3540
29.0605 -0.4438 -1.5287 0.3743
4.0770 -3.5554 -1.7130 0.3372
-2.6265 -1.5367 -1.7753 0.3350
8.2194 1.6149 -1.6738 0.3760
33.8838 -3.0072 -1.4871 0.3638
-17.8222 -0.7173 -1.8979 0.3715
20.4169 -0.0755 -1.5857 0.3563
-4.9404 -9.5099 -1.6337 0.3449
-17.9770 -6.7270 -1.7432 0.3232
0.3160 0.8275 -1.7469 0.3527
7.9252 -9.9470 -1.5454 0.3746
-12.6423 4.0839 -1.8571 0.3749
-0.6838 8.1093 -1.6049 0.3714
13.1406 5.0914 -1.4916 0.3657
9.5869 -3.7170 -1.6662 0.3942
18.3896 -1.0032 -1.5985 0.3190
25.1843 3.0143 -1.5537 0.3546
-0.4516 3.6087 -1.7541 0.3313
0.3780 9.5499 -1.5975 0.3810
4.8015 -0.1404 -1.7037 0.3389
8.9812 -5.0093 -1.5245 0.3702
-18.5006 -2.7562 -1.9013 0.3410
-6.2419 8.4489 -1.6450 0.3584
-14.6865 2.6542 -1.8751 0.3478
-1.8488 7.2850 -1.6140 0.3497
33.4012 4.4817 -1.3378 0.3567
9.9639 9.3086 -1.5285 0.3684
0.7629 0.0246 -1.7425 0.3478
8.9562 8.9981 -1.5357 0.3678
15.1446 7.7178 -1.4821 0.3708
1.0972 6.8619 -1.5915 0.3417
1.8626 8.7819 -1.5870 0.3877
17.0841 0.5108 -1.6068 0.3649
-21.3482 4.8566 -1.7705 0.3414
7.4048 1.1067 -1.6804 0.3623
7.8397 5.5252 -1.5352 0.3708
20.4051 5.2750 -1.4365 0.3618
33.9587 5.1681 -1.3314 0.3540
22.7453 -1.4310 -1.5710 0.2810
5.2273 5.9258 -1.5574 0.3307
-14.8328 7.5298 -1.7157 0.3636
10.2957 2.7251 -1.6583 0.3303
25.0579 -0.9069 -1.5563 0.3603
30.9448 7.0650 -1.3501 0.3677
24.5186 5.5690 -1.4049 0.3477
-13.6619 -0.6080 -1.8698 0.3147
17.7546 1.5974 -1.6029 0.3353
27.8093 3.7165 -1.5337 0.3637
15.8610 3.7664 -1.6182 0.3751
16.1451 -3.7793 -1.6162 0.3084
5.0097 -4.1462 -1.7058 0.3516
13.2186 7.7469 -1.4982 0.3206
-7.3372 8.7402 -1.6525 0.3518
-19.6714 -1.9587 -1.9094 0.3469
24.6629 8.2675 -1.3997 0.3972
31.5887 -0.5862 -1.5092 0.3392
26.4093 -6.6560 -1.3879 0.3710
-4.9652 4.6576 -1.6429 0.3702
-19.3882 -9.0823 -1.7533 0.3461
-8.1917 -7.7217 -1.6616 0.3524
25.5701 8.8201 -1.3909 0.3500
14.3489 0.3524 -1.6252 0.3351
33.0017 -4.6725 -1.3406 0.3334
-4.4391 -0.3918 -1.7929 0.3418
8.0883 1.5636 -1.6749 0.3272
22.4023 2.7783 -1.5728 0.3400
-10.9605 -3.0356 -1.8464 0.3461
32.8454 -2.2519 -1.4972 0.3532
10.5439 0.9953 -1.7178 0.3589
-24.5261 2.5333 -1.9413 0.3461
-23.4908 8.4271 -1.7902 0.3346
27.9330 -2.1545 -1.5355 0.3585
13.7169 7.4937 -1.4934 0.3658
20.7844 9.8644 -1.4339 0.3403
22.0410 -3.2199 -1.5750 0.3303
0.2276 -9.4543 -1.5985 0.3411
22.9167 2.0874 -1.5697 0.3464
31.2519 8.0730 -1.3448 0.3729
-14.6697 -8.9322 -1.7114 0.3639
20.8482 -6.0570 -1.4332 0.3499
-6.5325 3.5230 -1.8086 0.3880
-5.7104 6.1931 -1.6459 0.3493
-0.2347 -8.2672 -1.6017 0.3783
26.8232 -2.7252 -1.5426 0.3744
-23.6766 -5.2252 -1.7882 0.3730
1.0356 9.2975 -1.5930 0.3564
15.8029 3.6494 -1.6185 0.3523
-18.3751 -0.4872 -1.9015 0.3501
22.5352 7.2470 -1.4190 0.3670
31.5142 0.7532 -1.5097 0.3342
-19.5439 8.2267 -1.7552 0.3447
-15.8231 -5.2238 -1.7288 0.3833
33.4458 -9.4532 -1.3243 0.3625
-13.1287 -1.4252 -1.8654 0.3691
-20.2636 -5.9145 -1.7622 0.3256
32.1316 6.7146 -1.3417 0.3414
28.5574 0.6585 -1.5323 0.3567
14.3435 -4.2267 -1.6303 0.3492
8.0859 5.4715 -1.5330 0.3255
30.1540 0.5377 -1.5204 0.3652
14.3312 0.0559 -1.6253 0.3715
14.5038 -6.3842 -1.4842 0.3443
25.6211 9.9043 -1.3889 0.3659
14.1947 3.1804 -1.6293 0.3906
5.2206 7.0965 -1.5599 0.3805
-1.6167 5.1946 -1.6137 0.3452
5.1880 0.0587 -1.7001 0.3279
6.3487 -9.8054 -1.5567 0.3546
-3.3501 3.3334 -1.7807 0.3969
1.8871 -7.9851 -1.5863 0.3768
23.1123 9.2293 -1.4125 0.3499
-0.0092 -5.0147 -1.6001 0.3812
-23.4664 -2.6533 -1.9342 0.3734
-8.0188 1.0312 -1.8250 0.3120
-11.0955 0.0523 -1.8507 0.3712
22.6149 3.1030 -1.5712 0.3524
1.9576 5.6690 -1.5838 0.3327
-8.1814 5.1529 -1.6686 0.3518
23.6423 8.1617 -1.4087 0.3583
-23.8470 -0.6017 -1.9358 0.3341
-14.5449 0.6835 -1.8760 0.3476
24.6173 7.4815 -1.4012 0.3434
8.0391 -4.3534 -1.5305 0.3659
21.4190 -5.0816 -1.4289 0.3440
25.2906 -9.8175 -1.3920 0.3160
31.5178 4.7696 -1.3523 0.3410
-21.1945 3.7517 -1.9193 0.3311
22.9541 -4.4656 -1.4179 0.3241
17.5260 -7.4017 -1.4614 0.3736
-12.5785 -9.1494 -1.6931 0.3661
30.9021 -0.2427 -1.5147 0.3307
-0.7479 -6.1304 -1.6060 0.3246
28.2566 5.8679 -1.3751 0.3479
11.3068 9.0007 -1.5170 0.3235
6.6049 5.5372 -1.5453 0.3452
-15.4286 7.0319 -1.7218 0.3514
29.8597 9.8158 -1.3521 0.3561
8.3997 4.8162 -1.5287 0.3568
-24.6345 1.3465 -1.9411 0.3344
-23.9029 6.2002 -1.7911 0.3514
21.6580 1.2770 -1.5780 0.3756
-15.2838 -1.3497 -1.8808 0.3081
10.9243 -9.3499 -1.5209 0.3565
15.8649 2.8596 -1.6168 0.3264
-8.2381 7.9504 -1.6613 0.3781
9.1588 3.8630 -1.6700 0.3663
-10.5845 -1.9171 -1.8453 0.3657
31.7789 2.3380 -1.5058 0.3329
26.6102 6.2591 -1.3872 0.3553
-7.7174 5.2848 -1.6645 0.3575
6.7289 -0.1764 -1.6860 0.3026
5.0380 -2.7665 -1.7034 0.3529
32.6014 -2.0627 -1.4995 0.3623
-1.3583 8.1582 -1.6098 0.3217
8.7337 -6.6029 -1.5311 0.3620
30.7224 7.2596 -1.3513 0.3520
-15.2313 -6.0943 -1.7223 0.3776
8.0291 9.6178 -1.5441 0.3417
-18.6596 -1.0331 -1.9032 0.3536
12.0499 4.6686 -1.4990 0.3568
-3.0590 4.5875 -1.6267 0.2938
33.0582 5.4506 -1.3379 0.3429
-0.0754 5.7879 -1.6006 0.3517
-16.8287 -9.2185 -1.7300 0.3029
25.0400 -4.5333 -1.4026 0.3635
24.2520 -5.4058 -1.4072 0.3517
16.6916 3.9719 -1.6126 0.3516
19.9287 3.6663 -1.5895 0.3644
-9.1171 -4.0593 -1.8291 0.3418
13.5232 5.8708 -1.4907 0.3509
-22.7188 -3.7676 -1.9299 0.3673
-13.1866 -3.1413 -1.8633 0.3511
30.9368 -2.0230 -1.5130 0.3131
19.3541 4.8918 -1.4442 0.3510
-11.1596 -9.7644 -1.6802 0.3513
-18.3170 8.1293 -1.7445 0.3680
31.9352 3.8411 -1.5014 0.3431
-18.2687 1.7320 -1.9004 0.3304
-9.5758 -5.2534 -1.6796 0.3305
-14.0420 5.7103 -1.7138 0.3789
-24.5522 7.4558 -1.7982 0.3558
-6.1519 0.0309 -1.8088 0.3778
33.4507 -4.1508 -1.4882 0.3807
-4.4858 -2.3889 -1.7921 0.3351
5.2583 -1.6750 -1.7002 0.3336
19.7561 -3.8817 -1.5907 0.3474
8.0648 4.2438 -1.6800 0.3623
19.6155 -3.1565 -1.5914 0.3220
14.6982 6.4243 -1.4828 0.3591
11.5138 -0.7262 -1.6462 0.3581
13.9789 2.5792 -1.6299 0.3275
22.9499 8.9590 -1.4142 0.3282
17.6115 -1.0789 -1.6036 0.3589
22.5065 -6.5931 -1.4197 0.3915
-16.2641 0.9984 -1.8876 0.3441
15.6604 -0.0665 -1.6162 0.3566
19.2213 5.6517 -1.4457 0.3379
-7.0020 7.2040 -1.6536 0.3547
27.4746 4.2524 -1.5350 0.3375
-6.7173 9.4291 -1.6466 0.3448
-10.3701 -4.6161 -1.6878 0.3990
27.0258 -5.2161 -1.3863 0.3521
-10.1788 -4.1743 -1.8375 0.3187
-0.0699 3.4181 -1.7506 0.3629
-2.9246 -5.3492 -1.6246 0.3726
28.8837 -8.2317 -1.3637 0.3635
2.3141 9.5544 -1.5845 0.3465
16.6585 -3.7078 -1.6124 0.3317
22.6423 -5.5521 -1.4194 0.3321
12.6742 -2.8250 -1.6400 0.3462
31.6217 -6.8315 -1.3454 0.3427
23.1505 -9.2846 -1.4121 0.3388
-0.9876 -3.8923 -1.7589 0.3743
32.0487 -3.2427 -1.5018 0.3684
6.4745 6.2203 -1.5480 0.3753
-23.6454 -1.2873 -1.9347 0.3342
-9.3992 4.7350 -1.6797 0.3316
12.3038 4.7143 -1.4972 0.3515
-15.5911 5.7798 -1.7258 0.3583
10.0441 8.3702 -1.5256 0.3514
-3.3041 -0.0274 -1.7821 0.3569
7.0631 -7.9209 -1.5477 0.3817
-24.8875 -9.2267 -1.8036 0.3456
25.9053 -6.2618 -1.3928 0.3661
-3.2845 6.5842 -1.6258 0.3604
-16.5905 1.4870 -1.8895 0.3519
1.2750 -7.1976 -1.5903 0.3652
4.1706 -7.3473 -1.5685 0.3346
13.2442 7.8301 -1.4982 0.3306
6.4737 0.4006 -1.6884 0.3587
-22.3886 -6.5620 -1.7793 0.3172
27.2907 7.9350 -1.3778 0.3602
2.3905 4.4145 -1.5790 0.3274
-20.3807 -0.4446 -1.9141 0.3804
21.3697 -0.6987 -1.6596 0.3421
14.6093 3.4530 -1.6268 0.3791
13.9663 -3.2338 -1.6311 0.3458
0.6148 9.9982 -1.5960 0.3449
-0.3702 5.6911 -1.6031 0.3673
7.1803 2.8192 -1.6845 0.3559
-21.9643 3.7490 -1.9246 0.3487
-7.0625 9.9217 -1.6482 0.3419
34.2737 -9.7844 -1.3174 0.3421
14.7315 -9.5435 -1.4892 0.3972
0.1360 5.7006 -1.5989 0.3165
-11.6582 -5.8122 -1.6947 0.3259
19.7126 3.7033 -1.5910 0.3735
-9.3826 0.0668 -1.8369 0.3720
-15.2578 -3.6266 -1.8776 0.3315
-15.7291 -5.3732 -1.7277 0.3150
18.7558 5.5349 -1.4492 0.3754
13.5686 -6.5804 -1.4922 0.3291
-20.8116 -6.8256 -1.7665 0.3402
-18.0974 -1.1613 -1.8995 0.3519
13.0308 -7.6145 -1.4994 0.3285
9.2670 2.8302 -1.6669 0.3685
16.1599 9.8394 -1.4768 0.3504
-14.3177 4.9583 -1.7178 0.3324
18.5953 2.0647 -1.5976 0.3341
31.1658 -2.1072 -1.5110 0.3759
11.0630 9.7598 -1.5206 0.3444
-13.2322 7.5989 -1.7023 0.3623
15.7726 6.4118 -1.4741 0.3498
-4.4151 -5.3999 -1.6369 0.3149
-22.0427 -7.5284 -1.7769 0.3649
-6.8597 -6.4412 -1.6545 0.3715
29.3351 -4.8262 -1.3694 0.3868
-0.3316 -8.3660 -1.6024 0.3120
26.8799 7.7684 -1.3816 0.2868
5.5196 -6.2960 -1.5559 0.3628
6.0187 -5.4678 -1.5499 0.3380
-24.6870 7.7632 -1.7998 0.3214
13.2262 9.1629 -1.5014 0.3522
-18.5312 -5.5644 -1.7490 0.3410
3.7249 -4.1163 -1.7169 0.3245
-9.3810 6.0021 -1.6759 0.3483
-1.4570 9.4053 -1.6098 0.3613
7.2246 2.9935 -1.6844 0.3535
-24.1322 -1.1483 -1.9378 0.3537
-7.9250 3.4916 -1.8206 0.3589
34.3767 5.6057 -1.3268 0.3162
-21.5561 -7.7469 -1.7728 0.3490
-5.8364 -1.2940 -1.8054 0.3548
-5.7147 7.1460 -1.6438 0.3424
-2.2368 4.1085 -1.7699 0.3334
16.0869 -6.9245 -1.4726 0.3351
-10.1354 5.1043 -1.6846 0.3441
2.6162 3.3488 -1.7260 0.3683
13.6918 -4.7070 -1.4864 0.3805
-5.6607 -3.1199 -1.8017 0.3765
31.9264 -3.7119 -1.5018 0.3188
33.7804 9.8650 -1.3210 0.3312
-17.8196 -6.3256 -1.7425 0.3631
-4.3708 6.5883 -1.6344 0.3760
-12.5217 0.6127 -1.8615 0.3307
-13.7926 7.6104 -1.7069 0.3537
4.4588 9.6372 -1.5699 0.3274
8.8296 9.2217 -1.5372 0.3555
0.5391 7.0851 -1.5959 0.3371
-8.6467 -1.7286 -1.8297 0.3537
-8.2827 -4.5746 -1.6710 0.3258
34.5277 -3.6101 -1.4804 0.3173
30.4206 3.0628 -1.5152 0.4120
-20.4461 -3.1628 -1.9142 0.3514
14.3930 -1.3022 -1.6254 0.3927
2.4127 -8.4053 -1.5828 0.3802
16.3288 5.4202 -1.4677 0.3173
10.8176 -7.7706 -1.5178 0.3572
28.3551 -3.2595 -1.5305 0.3241
-20.9807 1.8087 -1.9178 0.3441
-4.0241 0.6235 -1.7889 0.3123
34.1296 7.8626 -1.3227 0.3185
-14.0629 3.1738 -1.8697 0.3329
-17.3600 5.7809 -1.7396 0.3391
18.7383 -3.9311 -1.5979 0.3508
21.6461 -7.3549 -1.4265 0.3293
15.3364 4.8666 -1.4742 0.3530
21.5718 -6.9284 -1.4272 0.3727
16.6233 6.6833 -1.4677 0.3555
-16.8538 8.8603 -1.7307 0.3487
11.4933 -4.3414 -1.5025 0.3568
21.6126 5.2201 -1.4274 0.3213
26.9310 -1.2532 -1.5435 0.3690
-10.2259 -4.0201 -1.8382 0.3260
-17.3542 -1.3771 -1.8946 0.3810
21.8654 2.9353 -1.5763 0.3654
-9.6071 9.7614 -1.6678 0.3611
-23.0842 -3.9991 -1.9326 0.3620
24.5128 4.1189 -1.5571 0.3500
5.3595 -3.3026 -1.7013 0.3343
-5.4020 -4.9721 -1.6460 0.3312
-24.3143 2.6368 -1.9399 0.3850
-22.8804 5.2258 -1.7821 0.3521
22.5574 4.3477 -1.4209 0.3277
4.3824 8.8517 -1.5693 0.3603
-16.0167 -7.8526 -1.7250 0.3569
-3.4897 0.8133 -1.7838 0.3434
-15.0817 -4.1831 -1.8753 0.3320
-18.2271 6.3391 -1.7458 0.3647
-8.4215 -8.7595 -1.6607 0.3689
7.9705 -6.4839 -1.5368 0.3564
-12.3996 5.4406 -1.7016 0.3514
-4.3797 -2.9072 -1.7905 0.3344
3.6759 3.6360 -1.7167 0.3596
0.2018 9.9701 -1.5987 0.3373
-17.2823 -0.8030 -1.8944 0.3246
-22.6681 0.6597 -1.9283 0.3725
-22.8725 9.5066 -1.7854 0.3294
-3.9893 4.9279 -1.6342 0.3121
18.1281 -6.0649 -1.4547 0.3762
-17.1247 6.0860 -1.7373 0.3151
22.2188 0.3172 -1.6207 0.3422
17.9405 5.7474 -1.4558 0.3281
-24.7634 1.9711 -1.9424 0.3355
-23.3951 -5.4534 -1.7863 0.3945
-13.2980 6.2888 -1.7064 0.3480
-21.6327 -9.9595 -1.7740 0.3572
6.8806 7.7606 -1.5487 0.3658
-22.6224 6.3722 -1.7810 0.3371
23.1588 9.4028 -1.4120 0.3715
4.5777 -9.2892 -1.5686 0.3575
18.6773 -1.2473 -1.5968 0.3651
20.0422 -6.6174 -1.4398 0.3355
5.4058 -2.5202 -1.6997 0.3589
30.5218 -2.8042 -1.5149 0.3498
34.4144 1.9512 -1.4842 0.3726
-3.4471 -1.2514 -1.7832 0.3392
-17.4482 9.3115 -1.7355 0.3906
-3.2057 -4.4445 -1.6281 0.3568
-11.5988 -1.6250 -1.9161 0.3475
6.8603 4.0131 -1.6896 0.3452
-2.2967 -4.4691 -1.6201 0.3499
3.8270 4.4762 -1.5665 0.3374
20.7913 4.1742 -1.5835 0.3633
-8.5587 4.2448 -1.8241 0.3498
7.2485 3.5015 -1.6852 0.3889
-4.8903 6.3492 -1.6390 0.3413
22.0977 9.8986 -1.4216 0.3476
13.3722 -8.8933 -1.4996 0.3413
-24.4897 -0.0571 -1.9398 0.3874
14.6031 6.2616 -1.4831 0.3211
-14.7903 -9.9991 -1.7107 0.3519
18.4684 0.9031 -1.5980 0.3563
9.0403 3.1960 -1.6695 0.3274
-0.9110 -6.1651 -1.6073 0.4029
16.6440 -1.9836 -1.6105 0.3314
26.3956 5.7890 -1.3899 0.3507
21.7246 -8.6663 -1.4254 0.3837
7.7228 -7.3027 -1.5410 0.3425
18.3617 6.3614 -1.4532 0.3529
-0.1651 6.1841 -1.6013 0.3431
22.3416 1.8081 -1.5735 0.3489
24.7431 -1.6763 -1.5580 0.3716
-16.7624 -7.8870 -1.7314 0.3416
-10.7181 6.2287 -1.6859 0.2969
-8.8007 -5.1651 -1.6736 0.3493
-15.0351 8.2638 -1.7159 0.3513
-1.4479 5.5168 -1.6121 0.3539
-13.4180 -8.3813 -1.7019 0.3463
10.7324 2.7099 -1.6548 0.3327
-18.9031 8.4125 -1.7494 0.3451
-8.8049 7.5834 -1.6667 0.3853
14.9312 2.2671 -1.6226 0.3492
-1.0873 -6.5608 -1.6086 0.3631
0.2878 3.6048 -1.7474 0.3293
22.8755 3.3228 -1.5693 0.3442
34.0707 1.7747 -1.4874 0.3300
8.9041 -4.6851 -1.5242 0.3759
-20.2560 8.0059 -1.7615 0.3189
-18.8258 0.0515 -1.9044 0.3574
33.1100 -4.0577 -1.4913 0.3568
15.7541 -4.8956 -1.4711 0.3555
20.1481 -4.3796 -1.4382 0.3031
15.5458 -0.7781 -1.6171 0.3095
-14.2229 -5.3830 -1.7160 0.3523
1.9017 0.3483 -1.7314 0.3315
22.8848 -6.1595 -1.4170 0.3371
26.9818 -4.5810 -1.3880 0.3415
-10.7599 -7.6067 -1.6822 0.3289
10.7577 -2.8521 -1.6549 0.3255
-15.5739 -1.8806 -1.8823 0.3500
32.4966 -1.9256 -1.5005 0.3119
-9.8677 4.4977 -1.6841 0.3399
18.5981 -0.3328 -1.5971 0.3367
-11.1332 3.8601 -1.8459 0.3495
11.9632 -9.3372 -1.5124 0.3977
14.5559 -1.2682 -1.6242 0.3304
-5.2943 -8.2040 -1.6384 0.3581
24.1300 -0.7580 -1.5624 0.3544
28.1223 2.3040 -1.5339 0.3612
26.3042 5.9348 -1.3903 0.3457
-5.1521 1.0044 -1.7993 0.3788
19.6604 -2.4100 -1.5908 0.3637
8.5694 -4.7108 -1.5270 0.3640
10.5577 9.1489 -1.5234 0.3217
3.6455 -6.0343 -1.5704 0.3519
11.0157 -9.1517 -1.5197 0.3398
-16.8608 -7.4824 -1.7328 0.3328
-0.4692 9.9501 -1.6031 0.3375
-14.3397 8.1224 -1.7103 0.3489
-8.1937 -3.5948 -1.8226 0.3591
-17.3311 -9.9230 -1.7338 0.3696
-12.2503 5.3441 -1.7007 0.3687
21.9158 -3.9893 -1.5756 0.3559
7.9902 -9.5570 -1.5442 0.3511
-23.5814 -0.8679 -1.9341 0.3435
22.3115 -1.5169 -1.5804 0.3450
29.5681 -2.7648 -1.5223 0.3344
27.8258 3.0673 -1.5348 0.3414
24.3810 4.5203 -1.4075 0.3571
34.5330 1.1837 -1.4840 0.3808
10.1841 -9.7203 -1.5276 0.3470
32.7553 -9.5517 -1.3294 0.3338
31.9307 7.6349 -1.3406 0.3694
-6.2057 -6.2711 -1.6497 0.3100
26.8060 -2.0387 -1.5436 0.3709
22.5484 -7.9295 -1.4185 0.3213
21.5479 -5.4140 -1.4279 0.3631
28.7768 -0.2929 -1.5308 0.3405
-1.9486 -5.2891 -1.6164 0.3564
-0.9967 3.1817 -1.7592 0.3917
13.4031 -2.6538 -1.6342 0.3332
19.2683 5.7693 -1.4455 0.3300
27.7842 2.0390 -1.5367 0.3516
27.5507 -4.9207 -1.3829 0.3805
18.2804 6.1677 -1.4536 0.3536
32.4136 8.6417 -1.3341 0.3509
-14.2823 -7.5991 -1.7110 0.3534
32.0204 3.3933 -1.5017 0.3299
-21.1485 2.6159 -1.9189 0.3536
8.3373 3.3943 -1.6758 0.3421
-19.5882 -9.3763 -1.7550 0.3764
9.0801 -9.4375 -1.5357 0.3660
-1.5934 -4.1038 -1.7642 0.3235
-20.1034 -8.3953 -1.7601 0.3443
13.8870 -2.6784 -1.6307 0.3606
18.8719 7.4484 -1.4501 0.3304
-14.5489 -2.9113 -1.8737 0.3284
16.6662 -2.1431 -1.6105 0.3408
-14.2571 -4.6496 -1.7181 0.3569
-16.7562 -1.5679 -1.8906 0.3707
-16.1582 5.9502 -1.7299 0.3546
10.9447 6.6178 -1.5134 0.3992
21.7274 -1.5788 -1.5775 0.3365
10.8136 -2.0628 -1.6531 0.3648
23.5611 -6.0987 -1.4117 0.3278
10.4886 9.5120 -1.5248 0.3822
22.8393 -3.7801 -1.5693 0.3772
33.5914 -3.1471 -1.4893 0.3642
-1.5424 -1.4029 -1.7649 0.3153
-16.0035 -8.3913 -1.7240 0.3640
-16.8762 -3.4292 -1.8895 0.3336
10.8487 8.6117 -1.5198 0.3591
7.8262 -8.5114 -1.5432 0.3209
-13.9459 -5.1903 -1.7144 0.3554
27.9263 -5.6450 -1.3782 0.3429
32.4049 -5.2986 -1.3437 0.3344
-9.8071 9.0923 -1.6707 0.3619
-12.5870 4.1711 -1.8564 0.3490
-12.1647 8.3958 -1.6915 0.3459
-1.7547 7.1522 -1.6134 0.3647
26.1936 2.4949 -1.5474 0.3881
10.7576 1.1962 -1.6810 0.3555
-20.9468 0.1820 -1.9176 0.3139
3.3787 3.7907 -1.7196 0.3188
-19.5801 4.0365 -1.9079 0.3514
-0.6272 1.9892 -1.7560 0.3705
-0.7888 -1.0212 -1.7577 0.3527
13.9012 3.5073 -1.6321 0.3602
7.9672 -6.8663 -1.5379 0.3488
27.4853 1.0307 -1.5398 0.3692
-24.0235 0.3860 -1.9369 0.3623
21.4399 0.6935 -1.5794 0.3296
-23.6405 0.2164 -1.9344 0.3590
-6.7426 5.0053 -1.6571 0.3191
27.7798 5.1499 -1.3806 0.3590
16.4249 -3.4083 -1.6136 0.3443
-14.6802 -2.9849 -1.8746 0.3532
4.4471 -9.6703 -1.5700 0.3565
18.3143 -7.7341 -1.4551 0.3556
31.2406 -4.7535 -1.3546 0.3783
13.0593 5.3142 -1.4929 0.3507
-23.5195 5.9578 -1.7878 0.3538
4.9821 -5.0397 -1.5576 0.3766
-15.8223 7.3951 -1.7243 0.3879
-22.1332 -2.4860 -1.9253 0.3496
10.9106 5.9610 -1.5118 0.3398
21.6153 -0.6629 -1.7023 0.3407
-22.8364 4.2520 -1.9311 0.3590
22.0154 -2.8737 -1.5753 0.3459
17.3833 -8.5879 -1.4643 0.3150
20.1192 -4.9190 -1.4386 0.3725
-10.3163 3.9418 -1.8392 0.3663
-1.3843 8.3591 -1.6098 0.3729
-17.8150 2.5658 -1.8969 0.3769
-10.6665 5.3791 -1.6880 0.3538
-6.8326 -9.7175 -1.6469 0.3552
-5.8338 5.2013 -1.6491 0.3701
-14.4976 6.7108 -1.7149 0.3257
-13.6773 -1.7470 -1.8691 0.3430
29.0882 -0.1222 -1.5286 0.3488
22.0336 -8.9525 -1.4225 0.3684
-4.3313 -6.5073 -1.6342 0.3392
31.8586 -8.8705 -1.3379 0.3358
-10.6646 4.6274 -1.6901 0.3414
-0.5908 5.9973 -1.6048 0.3594
23.8115 -7.8267 -1.4076 0.3486
1.5732 8.4319 -1.5889 0.3210
-10.9225 6.7905 -1.6859 0.3249
-2.8879 1.5257 -1.7778 0.3527
5.0433 9.5658 -1.5657 0.3534
12.2387 7.6494 -1.5060 0.3506
-0.6636 -5.5472 -1.6055 0.3406
0.8783 9.0807 -1.5940 0.3658
-9.1634 -1.1408 -1.8346 0.3574
7.1208 -6.9027 -1.5447 0.3567
-11.8326 -5.9982 -1.6955 0.3574
27.0516 3.6839 -1.5393 0.3819
19.8420 9.7512 -1.4428 0.3295
-0.3833 -1.0946 -1.7537 0.3416
19.8337 1.4627 -1.5895 0.3433
-24.5802 -3.9952 -1.9433 0.3752
-4.3306 6.9092 -1.6335 0.3425
1.4181 -7.6969 -1.5895 0.3342
3.1879 1.6449 -1.7194 0.3479
19.9239 1.7244 -1.5889 0.3521
32.7684 -9.9772 -1.3285 0.3739
-2.2002 8.8112 -1.6153 0.3424
-3.9640 9.4868 -1.6269 0.3363
11.6309 -0.6505 -1.6453 0.3318
-8.1248 4.5128 -1.6698 0.3431
-16.5190 6.9742 -1.7309 0.4013
32.6925 -7.6659 -1.3345 0.3576
23.5718 -8.3076 -1.4092 0.3620
32.5100 3.7862 -1.4968 0.3500
-11.9300 1.1898 -1.8566 0.3527
-23.9314 3.5879 -1.9382 0.3657
1.2357 1.4399 -1.7380 0.3613
31.0165 4.5278 -1.3570 0.3570
-16.7005 -6.9018 -1.7325 0.3503
-17.9689 -5.6876 -1.7445 0.3430
-20.8628 -5.2595 -1.7669 0.3585
20.9011 -1.6696 -1.5827 0.3517
22.1556 5.1912 -1.4233 0.3927
16.7226 6.6279 -1.4668 0.3710
-21.8025 -1.9741 -1.9231 0.3365
18.3973 2.0410 -1.5989 0.3266
1.9177 -4.0964 -1.7329 0.3420
-15.5263 -0.4845 -1.8829 0.3283
-7.2924 8.8182 -1.6520 0.3408
5.0688 -4.6143 -1.5561 0.3306
-5.2209 5.7589 -1.6429 0.3435
33.1850 -9.1561 -1.3269 0.3437
3.4845 -3.0951 -1.7178 0.3529
-2.6710 3.1756 -1.7746 0.3459
15.3899 5.5200 -1.4752 0.3320
14.0327 1.8437 -1.6285 0.3743
-24.8536 7.3844 -1.8006 0.3581
12.1084 6.4157 -1.5035 0.3391
-10.3739 2.3501 -1.8430 0.3323
-2.4860 -3.0375 -1.7731 0.3207
17.3809 -2.7258 -1.6062 0.3192
8.4432 2.3019 -1.6729 0.3709
-2.8807 3.1310 -1.7766 0.3688
-14.9554 -2.1083 -1.8778 0.3383
5.3289 -2.0497 -1.6999 0.3773
-5.8380 -6.4644 -1.6463 0.3623
29.7757 -9.9942 -1.3525 0.3541
7.0608 -0.7702 -1.6832 0.3672
26.9578 6.6168 -1.3836 0.3624
-1.5891 5.3308 -1.6134 0.3531
24.6462 9.8788 -1.3979 0.3452
-21.6078 3.3881 -1.9221 0.3479
-7.1129 -5.3217 -1.6594 0.3178
-20.3094 3.5470 -1.9132 0.3340
-23.1010 6.5696 -1.7851 0.3860
30.1317 2.8199 -1.5179 0.3335
18.0121 -0.3655 -1.6008 0.3130
12.5066 2.3702 -1.6405 0.3681
6.9496 -9.4839 -1.5518 0.3550
9.1732 -4.6978 -1.5221 0.3561
13.3214 -6.8453 -1.4950 0.3468
24.5948 -1.7317 -1.5589 0.3682
10.8133 7.8607 -1.5181 0.3806
19.9148 -6.2410 -1.4407 0.3396
-8.1413 -8.5803 -1.6590 0.3627
33.6057 5.5384 -1.3333 0.3724
-23.0862 7.3581 -1.7857 0.3384
-1.8054 0.6279 -1.7676 0.3802
27.9230 -2.4687 -1.5351 0.3723
-14.1686 -1.3893 -1.8729 0.3252
-16.5197 3.1798 -1.8873 0.3819
-3.0742 6.6250 -1.6241 0.3262
0.6917 -6.2112 -1.5944 0.3363
31.0036 8.0452 -1.3469 0.3637
25.1672 3.1478 -1.5537 0.3708
2.8454 4.7658 -1.5754 0.3520
33.3785 -8.2618 -1.3275 0.3374
13.5367 8.3669 -1.4971 0.3448
27.4195 0.5639 -1.5405 0.3424
-10.2366 -2.7579 -1.8411 0.3668
4.3378 -2.0213 -1.7089 0.3419
-23.2170 -4.1393 -1.9337 0.3370
-24.4672 -6.7406 -1.7964 0.3205
17.3272 -9.3068 -1.4656 0.3381
-17.9024 -4.7118 -1.7452 0.3476
7.8685 -0.0678 -1.6760 0.3274
16.7604 3.3352 -1.6112 0.3151
-23.0659 4.6669 -1.7831 0.3696
1.9245 1.9121 -1.7316 0.3300
16.0491 -7.6788 -1.4744 0.3238
28.3839 -1.3690 -1.5331 0.3814
-7.0462 3.3481 -1.8134 0.3670
33.4530 4.8635 -1.3364 0.3705
25.6725 -3.5099 -1.5496 0.3601
14.0381 8.5688 -1.4933 0.3762
-1.4845 5.9076 -1.6121 0.3677
17.6666 7.0346 -1.4597 0.3431
23.9716 3.3309 -1.5618 0.3287
-6.8020 -1.7248 -1.8137 0.3243
34.5698 8.6834 -1.3174 0.3472
29.5172 8.0289 -1.3590 0.3280
4.1301 6.5695 -1.5675 0.3340
18.3698 7.8225 -1.4547 0.3470
6.4405 8.3322 -1.5533 0.3780
20.6558 4.9271 -1.4346 0.3198
24.6189 -5.9933 -1.4035 0.3506
-23.6066 0.7709 -1.9343 0.3250
-20.2521 2.3199 -1.9131 0.3389
-4.8120 5.4675 -1.6401 0.3686
30.0568 -0.0971 -1.5213 0.3330
-1.1036 0.2574 -1.7608 0.3447
28.2507 9.9113 -1.3656 0.3528
2.7460 -0.9559 -1.7234 0.3640
-7.6688 -7.3998 -1.6583 0.3390
29.0387 4.1937 -1.5233 0.3752
8.6402 -2.7492 -1.6720 0.3411
-3.3709 -5.0292 -1.6288 0.3597
-22.3356 2.5692 -1.9267 0.3462
-18.3440 9.0874 -1.7438 0.3648
-16.6414 -3.7438 -1.8874 0.3906
-3.1098 -2.5546 -1.7792 0.3444
11.4400 -0.6902 -1.6468 0.3497
-6.5446 3.7599 -1.8082 0.3414
-21.0683 -2.0810 -1.9184 0.3383
-9.1115 -1.4982 -1.8338 0.3360
-0.4791 4.0181 -1.7543 0.3496
34.5362 9.7027 -1.3156 0.3345
-1.4208 -3.6699 -1.7629 0.3351
-19.6483 1.7065 -1.9093 0.2867
9.8669 5.8881 -1.5199 0.3777
30.1784 -5.7574 -1.3601 0.3829
22.2017 6.3664 -1.4223 0.3630
25.1731 -2.9014 -1.5539 0.3325
30.6939 -7.7795 -1.3501 0.3247
13.1926 -9.5019 -1.5024 0.3187
34.6954 -9.3383 -1.3151 0.3628
-23.0031 5.9528 -1.7837 0.3753
25.0904 3.4988 -1.5538 0.3533
26.4206 5.8698 -1.3895 0.3672
30.0020 5.0590 -1.3635 0.3589
3.6902 -2.3805 -1.7153 0.3346
22.2654 8.6604 -1.4206 0.3702
-13.2952 7.5589 -1.7029 0.3689
11.1878 -3.0330 -1.6518 0.3302
-3.4813 5.4588 -1.6291 0.3661
10.7704 6.3932 -1.5142 0.3470
15.5336 -0.2307 -1.6170 0.3448
-4.1759 -7.5916 -1.6311 0.3578
-12.0257 -3.3189 -1.8541 0.3572
-5.6987 9.7762 -1.6387 0.3678
14.8374 4.3187 -1.4768 0.3330
15.6125 5.4942 -1.4734 0.3613
19.4790 8.2385 -1.4454 0.3268
-17.4078 -5.9447 -1.7398 0.3464
24.1110 9.3681 -1.4033 0.3478
16.2889 0.3628 -1.6120 0.3694
-23.1697 4.8936 -1.7840 0.3502
-4.8641 -3.6358 -1.7938 0.3448
3.0027 -3.4119 -1.7225 0.3785
-3.3630 -2.8080 -1.7813 0.3414
-17.9550 -3.0388 -1.8974 0.3406
-12.5592 -8.7499 -1.6939 0.3125
-23.5263 -3.8085 -1.9356 0.3457
-19.4154 2.9476 -1.9073 0.3312
-9.0220 8.0395 -1.6672 0.3450
24.1982 -9.1667 -1.4027 0.3548
6.5983 -9.6674 -1.5547 0.3283
0.4699 1.8480 -1.7455 0.3335
14.7298 3.9935 -1.6269 0.3180
7.4906 2.1648 -1.6808 0.3398
-17.1092 9.4609 -1.7322 0.3311
-11.6426 -5.4226 -1.6957 0.3929
-11.6487 -0.3751 -1.8550 0.3801
10.9972 8.3180 -1.5178 0.3768
2.6975 2.3499 -1.7245 0.3241
-1.7449 1.5424 -1.7668 0.3465
8.3984 8.6568 -1.5392 0.3259
33.2069 -3.2219 -1.4924 0.3869
-6.1484 -6.8565 -1.6478 0.3666
6.2117 -7.4154 -1.5530 0.3289
3.8222 6.4374 -1.5697 0.3574
17.9986 7.1390 -1.4571 0.3203
18.8174 -5.3224 -1.4486 0.3473
18.7442 -0.8586 -1.5962 0.3465
-12.9088 1.6970 -1.8635 0.3648
1.9456 -7.2193 -1.5852 0.3698
23.6705 6.9762 -1.4098 0.3504
-2.1082 -1.6224 -1.7703 0.3455
34.0553 7.2695 -1.3249 0.2853
-3.1128 5.2015 -1.6263 0.3812
4.8600 -4.1009 -1.7070 0.3368
3.4715 4.3315 -1.5694 0.3520
1.0198 4.8141 -1.5912 0.3952
25.7379 -3.7747 -1.5487 0.3261
-15.6835 -4.9253 -1.7283 0.3504
9.0599 6.4686 -1.5281 0.3599
12.1161 3.5587 -1.6457 0.3718
26.0733 4.7915 -1.3945 0.3500
11.5520 -3.7389 -1.6505 0.3735
32.6012 4.4439 -1.3444 0.3417
27.3301 4.2861 -1.5361 0.3609
-4.0756 -3.3345 -1.7872 0.3583
26.5944 -4.5908 -1.3909 0.3482
32.5087 -1.3721 -1.5011 0.3565
-9.5682 4.7818 -1.6809 0.3325
11.6125 -6.1283 -1.5066 0.3440
-8.0918 7.4852 -1.6614 0.3243
13.9740 -4.8945 -1.4847 0.3412
-19.3814 6.7927 -1.7547 0.3728
19.0513 -6.8838 -1.4481 0.3584
0.1892 4.7888 -1.5984 0.3562
10.2384 1.2279 -1.7886 0.3180
-23.4483 3.2292 -1.9345 0.3564
16.7265 9.4827 -1.4713 0.3487
4.7595 -8.9488 -1.5668 0.3607
12.5151 -7.0175 -1.5020 0.3777
-6.0599 -8.4183 -1.6437 0.3418
-16.2508 0.3927 -1.8877 0.3437
1.1257 6.0561 -1.5909 0.3684
31.6387 -8.9035 -1.3396 0.3379
-11.3324 5.5881 -1.6927 0.3517
15.5503 -1.3389 -1.6174 0.3101
-22.0094 8.8286 -1.7772 0.3438
18.0860 -2.3461 -1.6012 0.3761
-10.6938 9.6920 -1.6765 0.3567
2.0910 1.1304 -1.7297 0.3680
-2.9348 9.7999 -1.6195 0.3691
-18.2296 2.6377 -1.8996 0.3770
-4.2651 -3.0733 -1.7893 0.3431
-3.9925 6.0682 -1.6323 0.3688
6.3263 -0.2608 -1.6897 0.3950
33.3411 -3.8238 -1.4899 0.3495
3.2011 -0.4333 -1.7189 0.3236
29.8656 7.4383 -1.3578 0.3381
2.6935 4.6461 -1.5766 0.3594
-18.5474 -6.5246 -1.7481 0.3168
-11.1908 6.7720 -1.6881 0.3348
-0.5489 -1.3716 -1.7553 0.3434
-5.4779 -8.3426 -1.6395 0.3522
26.9498 -7.0566 -1.3826 0.3859
15.7187 -8.6767 -1.4790 0.3638
9.6985 3.5318 -1.6648 0.3277
4.4738 -4.8487 -1.5616 0.4274
-1.1638 -8.0730 -1.6084 0.3497
11.7315 -2.6866 -1.6469 0.3164
-17.5236 7.3393 -1.7387 0.3292
-15.2480 2.5746 -1.8792 0.3294
-6.8130 -0.2755 -1.8147 0.3230
-14.7289 4.6639 -1.7216 0.3603
15.6259 -8.4821 -1.4795 0.2967
-23.5139 7.6554 -1.7896 0.3696
-15.3894 -6.4453 -1.7228 0.3663
29.1565 -9.5724 -1.3585 0.3409
34.8526 -2.7528 -1.4792 0.3683
4.2554 -8.8311 -1.5702 0.3281
4.7222 -6.6584 -1.5630 0.3332
21.4039 4.7800 -1.4291 0.3610
-22.8286 -1.9053 -1.9297 0.3458
0.6213 -9.8620 -1.5959 0.3375
-19.0103 2.8751 -1.9047 0.3477
-0.9444 4.1422 -1.7584 0.3764
34.0293 8.0393 -1.3231 0.3756
20.2180 -6.9079 -1.4385 0.3585
34.1028 7.1433 -1.3248 0.3429
19.7629 4.1742 -1.5908 0.3604
11.4866 1.2725 -1.6468 0.3328
20.2533 -4.7646 -1.4375 0.3734
14.5455 -0.8431 -1.6240 0.3690
2.8440 -6.0346 -1.5769 0.3886
-7.4472 4.3539 -1.6646 0.3340
6.2107 4.0718 -1.6953 0.3315
-9.4904 -6.1694 -1.6763 0.3610
4.2006 -4.9477 -1.5641 0.3445
-16.2319 8.0222 -1.7266 0.3700
8.9237 -0.5663 -1.6670 0.3764
-10.2830 1.0223 -1.8439 0.3841
-7.3835 9.1725 -1.6520 0.3512
4.9417 -5.8595 -1.5596 0.3676
-15.2484 2.5426 -1.8793 0.3397
32.7428 5.4803 -1.3404 0.3543
1.8167 -3.6112 -1.7335 0.3489
-3.8632 -3.8237 -1.7847 0.3479
-23.2482 7.9364 -1.7876 0.3865
25.5953 -8.0119 -1.3920 0.3232
12.5500 -6.8529 -1.5012 0.3499
-0.0157 -1.7809 -1.7502 0.3511
-10.2680 5.9678 -1.6831 0.3629
19.7082 -0.9002 -1.5902 0.3281
31.7285 -4.5887 -1.3511 0.3440
-2.1514 -1.5941 -1.7707 0.3381
-16.9074 -1.0908 -1.8918 0.3050
-18.4483 4.5405 -1.7494 0.3732
-24.6183 7.3750 -1.7986 0.3206
19.6373 -3.5750 -1.5914 0.3179
33.8837 4.1708 -1.4846 0.3690
34.5691 4.0278 -1.4792 0.3433
22.0518 5.3390 -1.4240 0.3440
-15.2690 1.5052 -1.8805 0.3444
33.6626 -9.7060 -1.3221 0.3715
-5.3312 3.1173 -1.7988 0.3390
-4.9828 2.2460 -1.7968 0.3619
16.2402 2.2304 -1.6135 0.3272
-22.0570 -4.3740 -1.7755 0.3566
24.5462 -8.0423 -1.4010 0.3681
34.8378 -6.2129 -1.3215 0.3781
21.5042 -5.6759 -1.4281 0.3190
21.9006 -6.5278 -1.4247 0.3441
-1.5812 -5.1093 -1.6135 0.3820
-21.0447 -8.6262 -1.7685 0.3684
22.5600 -4.6135 -1.4207 0.3460
10.8295 9.9577 -1.5229 0.3501
29.5603 0.2276 -1.5250 0.3559
-18.0422 -3.1115 -1.8979 0.3425
-6.6926 4.4097 -1.6581 0.3609
-3.3606 -0.6108 -1.7826 0.3598
15.9968 -9.4100 -1.4777 0.3277
22.2647 0.9478 -1.5742 0.3402
32.6612 -3.9187 -1.4953 0.3409
-7.2756 1.4237 -1.8182 0.3449
4.6182 -6.5356 -1.5635 0.3554
-23.2623 -0.3490 -1.9320 0.3536
-9.8207 -6.1272 -1.6790 0.3356
-2.5598 -4.0237 -1.7729 0.3768
10.6284 3.7433 -1.6579 0.3501
3.2507 -5.4469 -1.5728 0.3793
-3.1315 -1.6573 -1.7800 0.3788
12.4447 -8.5372 -1.5066 0.3288
24.7169 3.7432 -1.5561 0.3402
-10.4991 0.7789 -1.8458 0.3417
-4.4274 6.2758 -1.6354 0.3563
17.2954 0.7015 -1.6055 0.3645
21.6764 9.8843 -1.4256 0.3529
24.5238 -5.1774 -1.4055 0.3390
-12.4401 4.8421 -1.7036 0.3830
7.3560 -1.3535 -1.6810 0.3412
29.0007 -2.4807 -1.5271 0.3648
-1.4830 4.6306 -1.6129 0.3493
0.7930 9.1111 -1.5946 0.3487
34.0894 5.1115 -1.3305 0.3635
-18.2168 -3.3975 -1.8989 0.3809
17.3361 0.1978 -1.6051 0.3561
26.0110 -5.6572 -1.3932 0.3402
-15.9524 2.4048 -1.8844 0.3796
17.8672 -1.9483 -1.6023 0.3599
3.1843 -5.4373 -1.5734 0.3534
26.1735 -9.5781 -1.3844 0.3706
29.4471 8.5065 -1.3584 0.3564
27.3491 -8.4236 -1.3762 0.3991
-21.1369 -3.4138 -1.9189 0.3500
20.4113 -6.1909 -1.4367 0.3730
30.2917 -0.1175 -1.5195 0.3588
12.2809 -6.1011 -1.5012 0.3588
11.0526 4.7242 -1.5070 0.3428
-22.2997 -5.5036 -1.7779 0.3429
26.3620 -6.2909 -1.3891 0.3599
-22.2158 -5.6623 -1.7774 0.3326
-6.1894 -4.0487 -1.8046 0.3385
30.5518 2.8366 -1.5146 0.3503
31.9847 -5.8074 -1.3455 0.3748
34.5140 3.9370 -1.4798 0.3516
3.5841 -1.3966 -1.7156 0.3513
-14.3542 -6.0598 -1.7154 0.3288
4.2767 -5.1991 -1.5639 0.3839
-18.8612 0.5467 -1.9045 0.3721
27.3522 -2.4274 -1.5393 0.3744
8.6322 0.2745 -1.6694 0.3209
-0.7296 6.2516 -1.6058 0.3570
-20.2282 -9.0834 -1.7610 0.3312
-0.6856 -2.1278 -1.7565 0.3654
26.9715 -1.6911 -1.5428 0.3564
17.2044 -4.9817 -1.4603 0.3604
-20.0527 -1.1624 -1.9120 0.3357
-15.4056 1.3327 -1.8816 0.3292
-1.4615 1.6992 -1.7641 0.3372
-18.9175 3.3967 -1.9037 0.3562
31.0425 -8.4646 -1.3454 0.3452
14.1375 -0.7998 -1.6269 0.3551
-19.3106 5.1523 -1.7553 0.3295
22.2834 -0.8991 -1.6851 0.3499
-2.8956 3.1297 -1.7767 0.3779
-10.3078 1.8090 -1.8433 0.3566
9.1991 -0.7056 -1.6648 0.3579
-24.1977 -8.4214 -1.7964 0.3581
2.9239 2.6645 -1.7226 0.3398
25.6283 0.6903 -1.5526 0.3826
30.6835 -9.8863 -1.3452 0.3571
-4.4467 -5.8629 -1.6364 0.3535
13.5462 -8.7720 -1.4979 0.3637
-11.3906 1.4047 -1.8523 0.3688
8.6128 -9.6970 -1.5398 0.3251
-9.7583 6.8484 -1.6764 0.3511
9.2814 8.9491 -1.5330 0.3947
-14.6967 9.5116 -1.7106 0.3831
31.4740 -5.4683 -1.3506 0.3479
28.2150 -0.0972 -1.5349 0.3646
-4.7849 7.8234 -1.6353 0.3435
21.5998 3.7467 -1.5779 0.3571
-19.2698 -4.0251 -1.9058 0.3408
19.4217 6.6790 -1.4449 0.3405
-8.0525 1.4787 -1.8249 0.3382
-16.8615 4.5997 -1.7377 0.3836
15.6915 9.3882 -1.4804 0.3404
3.1884 9.9502 -1.5789 0.3728
6.8084 0.0964 -1.6853 0.3414
6.2318 -6.8677 -1.5516 0.3391
-21.4331 2.3912 -1.9207 0.3578
-21.9172 2.8771 -1.9240 0.3240
11.0701 1.4429 -1.6503 0.3633
12.4319 -1.5590 -1.6399 0.3473
-22.1695 1.6312 -1.9253 0.3390
-2.2936 0.6808 -1.7723 0.3347
11.7711 8.8939 -1.5130 0.3894
14.4008 6.7520 -1.4860 0.3493
24.6965 -2.1262 -1.5579 0.3485
0.2439 1.4173 -1.7476 0.3675
7.8955 1.3211 -1.6763 0.3332
9.7136 0.2144 -1.6604 0.3727
-6.2773 -8.8387 -1.6444 0.3493
-21.7705 4.2519 -1.9234 0.3223
-24.7464 4.6254 -1.7954 0.3394
25.1675 -0.3163 -1.5557 0.3281
-12.9861 8.0315 -1.6992 0.3516
12.8153 9.6784 -1.5059 0.3341
9.6228 6.2583 -1.5229 0.3319
-1.0220 8.5573 -1.6072 0.3558
25.0096 -0.2499 -1.5568 0.3509
16.9041 8.2848 -1.4680 0.3742
-23.6355 8.7005 -1.7918 0.3733
21.6016 2.4713 -1.5782 0.3512
5.4199 -6.9856 -1.5582 0.3600
-4.1788 -6.9538 -1.6323 0.3218
18.6131 -0.5539 -1.5970 0.3639
16.1639 4.7116 -1.4677 0.3582
-6.3647 0.0279 -1.8107 0.3691
33.9823 5.9970 -1.3289 0.3439
13.9225 5.3958 -1.4863 0.3440
11.3468 -5.9278 -1.5082 0.3442
-20.8072 -7.3447 -1.7664 0.3787
-8.2409 4.1167 -1.8218 0.3557
1.8184 -3.5924 -1.7334 0.3201
12.8375 8.6279 -1.5035 0.3629
5.7658 7.3702 -1.5563 0.3407
20.7820 -0.9752 -1.5835 0.3717
-9.2459 1.6101 -1.8348 0.3608
17.1294 6.9421 -1.4640 0.3748
23.9958 7.4274 -1.4065 0.3708
20.9030 1.1395 -1.5827 0.3687
21.2508 9.4383 -1.4296 0.3727
28.3104 0.4194 -1.5342 0.3663
-19.9493 -9.1778 -1.7584 0.3361
16.8315 1.2539 -1.6087 0.3271
33.1207 5.5401 -1.3372 0.3334
9.4190 9.6987 -1.5336 0.3646
-11.9610 -7.8926 -1.6911 0.3055
34.9252 -1.1893 -1.4805 0.3497
-14.5194 1.7330 -1.8751 0.3447
-4.8665 7.6293 -1.6363 0.3745
-14.6763 4.3178 -1.7220 0.3477
2.8708 -5.3751 -1.5759 0.3426
0.1326 7.1878 -1.5990 0.3763
4.4745 3.2849 -1.7091 0.3482
30.6790 7.9031 -1.3499 0.3449
3.6995 6.6875 -1.5710 0.3402
5.8776 -7.4148 -1.5556 0.3557
28.2009 9.2094 -1.3673 0.3434
24.0655 -0.9141 -1.5628 0.3434
-10.6167 9.6510 -1.6760 0.3790
-24.2244 -6.2599 -1.7938 0.3510
12.7700 5.8664 -1.4967 0.3410
25.6910 -3.9022 -1.5489 0.3301
8.1710 -9.1039 -1.5420 0.3540
-12.3294 9.8808 -1.6896 0.3388
19.4813 -3.9293 -1.5927 0.3426
15.1724 -8.3896 -1.4832 0.3330
8.9020 7.2099 -1.5315 0.3539
26.8002 -1.3596 -1.5443 0.3239
22.0545 1.5290 -1.5754 0.3582
15.0771 9.6969 -1.4864 0.3391
14.8855 -0.3858 -1.6215 0.3643
14.7322 -8.6580 -1.4875 0.3597
6.5099 3.8237 -1.6922 0.3521
2.8353 4.2120 -1.7249 0.3669
17.5760 -6.1158 -1.4591 0.3811
11.6297 0.9082 -1.6454 0.3754
4.3988 -2.6156 -1.7090 0.3238
-17.4003 -9.0016 -1.7354 0.3379
17.1157 -3.7680 -1.6092 0.3403
13.7599 8.1907 -1.4948 0.3628
-4.4651 -3.9951 -1.7898 0.3396
-3.6206 -5.5387 -1.6301 0.3388
-10.1967 8.8183 -1.6745 0.3353
32.7149 -2.3535 -1.4981 0.3560
26.6121 8.8112 -1.3818 0.3627
8.6629 7.6047 -1.5344 0.3258
-0.9008 -0.5907 -1.7588 0.3397
19.2095 -2.3008 -1.5937 0.3121
6.6637 -7.2456 -1.5491 0.3022
33.5511 -6.1877 -1.3319 0.3597
-21.6926 -5.3511 -1.7732 0.3563
-22.9429 -0.5929 -1.9300 0.3534
9.1167 -2.5577 -1.6676 0.3817
-12.8032 6.0077 -1.7032 0.3165
11.2583 -4.0665 -1.6537 0.3084
21.8854 -1.5096 -1.5917 0.3275
-16.7134 -7.5459 -1.7315 0.3076
1.4365 -4.5756 -1.5874 0.3377
16.3200 5.6604 -1.4683 0.3617
25.0318 4.1420 -1.5533 0.3559
4.7806 -1.9556 -1.7048 0.3706
-12.6308 1.5495 -1.8616 0.3574
10.1480 -0.8333 -1.6571 0.3419
2.2710 7.9044 -1.5834 0.3395
21.3155 -2.1062 -1.5801 0.3587
8.3346 4.4423 -1.5283 0.3194
-8.2346 -5.6294 -1.6677 0.2864
20.2636 -1.3181 -1.5867 0.3578
6.0648 0.5866 -1.6921 0.3547
-14.3472 -7.9071 -1.7108 0.3814
8.7843 1.7484 -1.6692 0.3639
31.8992 1.4933 -1.5060 0.3562
17.3310 -6.8249 -1.4622 0.3438
-7.0718 9.9730 -1.6482 0.3338
17.6524 -8.1501 -1.4613 0.3444
-8.0436 7.9061 -1.6599 0.3691
7.5613 -0.1697 -1.6786 0.3593
6.5957 -5.5459 -1.5454 0.3687
-10.1565 -7.7440 -1.6770 0.3521
-4.1271 3.9884 -1.7868 0.3320
31.5309 5.0890 -1.3513 0.3732
-9.9641 3.4688 -1.8375 0.3714
23.0616 -1.6026 -1.5690 0.3537
15.0422 -6.5485 -1.4803 0.3611
6.9577 5.7908 -1.5431 0.3600
-16.7491 7.4246 -1.7320 0.3406
-12.7258 -2.1626 -1.8615 0.3448
-14.2613 6.8244 -1.7127 0.3318
10.2077 2.7120 -1.6590 0.3447
33.4030 0.5396 -1.4941 0.3706
27.6344 2.2121 -1.5375 0.3668
-23.4849 -7.8450 -1.7896 0.3612
-8.5764 -7.4920 -1.6652 0.3692
-15.5646 4.5341 -1.7282 0.3427
33.5407 9.3989 -1.3237 0.3265
-10.8634 0.1561 -1.8489 0.3469
-12.9212 -8.9200 -1.6965 0.3484
12.2525 -8.6385 -1.5084 0.3635
8.3712 -0.6527 -1.6718 0.3602
-11.4489 3.1533 -1.8500 0.3702
15.2219 -6.9025 -1.4796 0.3097
-19.1796 -9.3393 -1.7513 0.3340
-23.8379 4.5894 -1.7886 0.3482
-20.0551 -7.0774 -1.7601 0.3596
-3.1079 -1.2364 -1.7800 0.3919
33.5010 4.6827 -1.3364 0.3305
7.8348 -7.4941 -1.5406 0.3358
20.2836 -1.1449 -1.5866 0.3415
-5.7103 -7.7709 -1.6424 0.3351
18.1603 -3.0498 -1.6012 0.3322
32.9709 8.2487 -1.3307 0.3509
-3.5343 3.7227 -1.7819 0.3697
34.9436 -9.5381 -1.3129 0.3524
13.3046 -7.3105 -1.4963 0.3328
19.9155 -4.1236 -1.5897 0.3461
-9.8700 7.9110 -1.6742 0.3292
13.5854 4.9417 -1.4878 0.3697
5.6604 2.3499 -1.6972 0.3794
32.3842 -6.9481 -1.3390 0.3181
29.2805 8.5775 -1.3596 0.3546
-1.1996 6.1626 -1.6097 0.3344
31.8122 -5.2115 -1.3487 0.3513
28.0888 -1.9135 -1.5346 0.3483
10.4230 -1.4323 -1.6554 0.3232
-20.0729 1.7501 -1.9120 0.3742
-15.3526 -2.5038 -1.8801 0.3470
-20.3875 -5.7995 -1.7632 0.3406
-18.5204 3.3398 -1.9010 0.3523
33.6171 3.5511 -1.4882 0.3326
-12.2700 -1.1523 -1.8689 0.3463
16.4513 -0.2670 -1.6109 0.3133
13.1917 -8.9866 -1.5014 0.3029
12.8687 -0.8780 -1.6361 0.3306
-12.5978 6.0080 -1.7016 0.3394
9.7608 1.8296 -1.7065 0.3149
12.5323 8.4140 -1.5055 0.3401
9.2243 4.3303 -1.5207 0.3393
-13.8303 5.5527 -1.7126 0.3488
18.3836 -0.8317 -1.5985 0.3623
-20.6054 -6.5310 -1.7648 0.3842
10.4720 8.2437 -1.5219 0.3586
1.1756 3.1839 -1.7391 0.3303
-9.9828 8.1895 -1.6744 0.3633
23.4433 2.3504 -1.5661 0.3780
-14.4464 -0.9104 -1.8752 0.3276
30.9789 -7.3052 -1.3491 0.3287
28.0739 -2.0459 -1.5346 0.3216
-3.3647 1.9511 -1.7820 0.3387
-6.6908 8.6153 -1.6480 0.3575
-16.7508 6.5862 -1.7335 0.3797
29.9797 0.2628 -1.5219 0.3678
12.6519 -1.0402 -1.6378 0.3577
-23.0930 -9.3345 -1.7874 0.3509
5.6600 -2.9762 -1.6981 0.3578
-19.8521 9.6264 -1.7574 0.3590
9.4250 4.8205 -1.5204 0.3761
5.5377 0.4950 -1.6969 0.3496
-20.0292 7.2460 -1.7598 0.3552
23.9516 -9.5389 -1.4046 0.3418
-9.2610 9.1525 -1.6663 0.3523
7.4891 3.9934 -1.6842 0.3449
13.3423 -9.7337 -1.5015 0.3262
32.7383 4.1106 -1.4942 0.3675
4.6287 -8.3374 -1.5667 0.3798
30.0389 2.7919 -1.5187 0.3493
-3.7086 -3.9823 -1.7831 0.3566
26.4462 -5.7582 -1.3896 0.3672
-10.8504 2.5616 -1.8464 0.3471
17.4488 -1.3192 -1.6047 0.3538
-19.6833 -8.7095 -1.7562 0.3457
34.1630 6.4469 -1.3262 0.3390
32.2362 -4.6775 -1.3468 0.3604
1.5328 2.3642 -1.7355 0.3603
6.4361 2.1872 -1.6901 0.3685
10.8665 -8.8768 -1.5203 0.3499
-8.4977 9.9463 -1.6589 0.3260
15.4683 -1.0468 -1.6178 0.3722
16.9137 -5.8929 -1.4640 0.3353
6.5046 -1.2650 -1.6885 0.3350
-16.1356 2.0612 -1.8860 0.3394
30.1512 -9.9392 -1.3495 0.3151
-18.0973 -3.9973 -1.8975 0.3456
12.7503 0.7266 -1.6369 0.3624
-18.8147 3.8895 -1.9026 0.3413
-16.2340 -3.7339 -1.8845 0.3768
-23.7677 -1.9218 -1.9358 0.3755
-3.1982 -5.5754 -1.6266 0.3678
13.3750 -4.1392 -1.6374 0.3113
6.2927 3.7471 -1.6939 0.3787
15.4723 -3.2548 -1.6202 0.3453
15.5011 -4.4076 -1.4720 0.3836
-16.5896 -4.0288 -1.8866 0.3379
-21.5598 2.2529 -1.9215 0.3472
12.5215 1.2163 -1.6389 0.3518
14.1935 -1.8620 -1.6274 0.3314
8.4022 2.6463 -1.6738 0.3176
-10.2543 2.8559 -1.8411 0.3020
23.6459 -9.7378 -1.4072 0.4091
-20.4588 -3.2188 -1.9143 0.3166
12.9387 -5.1142 -1.4933 0.3169
-17.7753 6.5824 -1.7418 0.3614
14.2669 -4.4913 -1.4815 0.3215
0.0635 -3.6541 -1.7494 0.3178
18.0862 0.7557 -1.6004 0.2925
-21.8685 0.9480 -1.9233 0.3559
8.3050 6.2195 -1.5334 0.3286
-16.3073 -2.2414 -1.8870 0.3629
15.9429 -4.3767 -1.4687 0.3485
-17.8027 2.1649 -1.8971 0.3517
-20.5850 4.5656 -1.7649 0.3409
17.7874 9.8519 -1.4620 0.3445
-21.1881 2.3660 -1.9191 0.3321
-11.5282 -0.1853 -1.8541 0.3340
24.4841 -7.3386 -1.4025 0.3281
23.5813 9.7385 -1.4078 0.3803
26.2475 3.6998 -1.5452 0.3421
-5.4340 -6.6997 -1.6426 0.3047
6.6829 -0.8065 -1.6866 0.3552
21.4008 1.2060 -1.5796 0.3339
-16.7809 -5.6625 -1.7353 0.3491
18.4635 4.6496 -1.4506 0.3446
-19.1508 3.0068 -1.9055 0.3798
29.7950 -5.3251 -1.3644 0.3423
13.2386 9.7951 -1.5025 0.3663
4.5983 8.9734 -1.5680 0.3642
4.0838 -4.6896 -1.5647 0.3227
-14.1183 -1.1638 -1.8728 0.3538
-4.2450 7.8958 -1.6312 0.3348
18.6274 -1.8741 -1.5973 0.3258
7.4566 9.0964 -1.5473 0.3259
6.7584 -5.9918 -1.5452 0.3664
-13.2852 4.4804 -1.7111 0.4029
16.4217 1.9901 -1.6120 0.3339
-1.4780 -3.0763 -1.7637 0.3543
-14.0348 4.3559 -1.7171 0.3562
31.6271 -9.5158 -1.3383 0.3394
5.4079 -5.3826 -1.5548 0.3782
6.6822 -4.7741 -1.5428 0.3939
33.8823 -7.6506 -1.3252 0.3380
-3.0156 -9.3208 -1.6205 0.3847
31.5812 -2.9410 -1.5062 0.3391
16.6955 -5.6345 -1.4653 0.3306
12.9857 -7.3427 -1.4990 0.3472
-10.9349 -6.8538 -1.6858 0.3674
-21.8947 6.5253 -1.7753 0.3479
1.2670 -8.1019 -1.5909 0.3648
-24.3897 4.4971 -1.7926 0.3545
-20.7398 -8.9209 -1.7657 0.3771
10.7196 -9.1874 -1.5222 0.3606
18.4683 -1.1551 -1.5981 0.3806
-14.9231 -2.3629 -1.8772 0.3328
18.9500 0.9150 -1.5950 0.3459
31.9835 4.0529 -1.5005 0.3500
19.5906 -3.8038 -1.5919 0.3329
22.0829 -6.1119 -1.4234 0.3299
17.0428 6.4423 -1.4639 0.3576
-11.5158 -6.6939 -1.6909 0.3633
-3.3466 5.9691 -1.6272 0.3523
31.9560 1.7429 -1.5052 0.3712
14.6726 -4.2126 -1.6278 0.3279
22.3415 -3.7148 -1.5728 0.3422
33.1217 -2.5874 -1.4943 0.3264
-11.1138 1.8216 -1.8496 0.3528
-5.6988 9.5925 -1.6389 0.3598
13.6881 -3.6345 -1.6340 0.3768
-23.5386 8.8374 -1.7910 0.3265
9.2731 -5.8971 -1.5247 0.3574
23.5213 -7.7408 -1.4102 0.3787
11.6266 0.6423 -1.6453 0.3300
-7.2764 9.5296 -1.6505 0.3253
18.4462 -0.3027 -1.5981 0.3205
-16.2381 5.9983 -1.7305 0.3625
28.6864 -0.5491 -1.5314 0.3355
-18.9451 7.0000 -1.7509 0.3596
26.8095 6.2548 -1.3856 0.3457
4.8686 3.7239 -1.7063 0.3860
0.7188 2.3082 -1.7432 0.3658
5.0397 0.3629 -1.7015 0.3339
-12.9876 9.1352 -1.6966 0.3440
2.4611 1.1476 -1.7262 0.3658
25.9832 -3.2572 -1.5478 0.3286
23.0573 7.6443 -1.4143 0.3736
-15.2171 3.2007 -1.8781 0.3450
15.4053 1.1635 -1.6183 0.3662
26.4102 3.6434 -1.5441 0.3461
24.1861 -3.0226 -1.5606 0.3395
0.5379 -1.5829 -1.7448 0.3363
-22.1144 -6.0881 -1.7768 0.3846
30.8702 7.1004 -1.3506 0.3441
-1.2469 3.3118 -1.7615 0.4116
-3.3414 6.4852 -1.6264 0.3530
20.5709 -3.6522 -1.5850 0.3330
-9.1617 9.9087 -1.6640 0.3183
25.0849 -2.8558 -1.5546 0.3747
-20.4369 -2.9257 -1.9142 0.3461
19.4427 9.2127 -1.4463 0.3665
32.9474 3.1013 -1.4948 0.3964
34.7461 8.6688 -1.3161 0.3634
30.4283 2.4628 -1.5163 0.3567
27.2457 -5.0705 -1.3849 0.3745
-8.2672 -2.1853 -1.8258 0.3661
32.9989 7.1782 -1.3334 0.3247
30.6738 -0.2108 -1.5165 0.3767
7.0624 4.1796 -1.6882 0.3491
-0.8753 -6.6694 -1.6069 0.3808
-18.4440 -2.0046 -1.9014 0.3601
10.4380 6.7891 -1.5180 0.3738
17.0328 8.8202 -1.4677 0.3455
-0.7602 -3.5140 -1.7570 0.3197
-0.6382 -6.5485 -1.6050 0.3613
9.3987 -9.5316 -1.5334 0.3695
-23.3330 -7.4523 -1.7879 0.3389
32.4720 6.7134 -1.3390 0.3459
-7.6057 -0.8863 -1.8215 0.3057
-16.5465 -4.1676 -1.8861 0.3469
-24.6707 5.5132 -1.7961 0.3250
26.4135 5.8689 -1.3896 0.3603
26.7924 -2.7568 -1.5428 0.3567
-19.2816 8.0274 -1.7530 0.3503
-15.8655 -0.7378 -1.8851 0.3765
1.8741 -4.7754 -1.5838 0.3548
-13.8577 7.9951 -1.7065 0.3539
19.1493 -6.9410 -1.4473 0.3564
-21.5176 9.9189 -1.7730 0.3383
7.9826 2.2650 -1.6767 0.3698
-2.0325 8.3069 -1.6145 0.3317
2.8968 -6.4233 -1.5770 0.3585
0.4854 -2.2178 -1.7454 0.3744
-15.8104 7.4650 -1.7241 0.3295
-11.7831 6.7420 -1.6929 0.3232
-21.1115 7.4370 -1.7690 0.3291
-18.0829 -4.3908 -1.7469 0.3863
33.6737 2.3524 -1.4900 0.3378
-8.2128 -2.2080 -1.8253 0.3260
-6.5785 -3.5845 -1.8089 0.3573
-17.3736 0.4026 -1.8951 0.2955
20.3099 4.3011 -1.4370 0.3309
30.4486 0.3704 -1.5182 0.3783
22.3850 -5.3900 -1.4215 0.3309
11.7569 6.1499 -1.5056 0.3448
23.7940 9.5558 -1.4060 0.3559
-0.7462 -2.7424 -1.7570 0.3559
26.5698 6.9851 -1.3859 0.3393
22.9111 7.2773 -1.4159 0.3609
-24.8965 -4.7896 -1.7967 0.3789
4.2676 4.1061 -1.7121 0.3288
-9.1230 8.7683 -1.6661 0.3403
-19.8260 4.7971 -1.7593 0.3479
25.7718 -9.3996 -1.3882 0.3640
-24.5230 2.0904 -1.9409 0.3507
18.8098 5.5690 -1.4489 0.3475
34.2915 2.3627 -1.4847 0.3190
3.9212 -9.4252 -1.5733 0.3273
-2.7256 -7.5966 -1.6203 0.3539
11.3500 6.0324 -1.5085 0.3397
23.2819 -0.2389 -1.5679 0.3432
-10.5849 9.1595 -1.6768 0.3488
-9.9579 -1.7004 -1.8406 0.3968
11.4307 6.4342 -1.5090 0.3401
31.3928 -9.2901 -1.3407 0.3777
-7.0936 6.8203 -1.6553 0.3763
-2.3947 7.1812 -1.6182 0.3661
34.6000 -2.7585 -1.4814 0.3331
-14.4267 -3.8110 -1.8712 0.3527
-20.3819 8.1982 -1.7626 0.3422
10.3853 5.5541 -1.5147 0.3903
-23.5440 1.9590 -1.9343 0.3582
-14.1740 -1.2731 -1.8731 0.3457
12.3326 8.2417 -1.5068 0.3857
14.5707 4.9444 -1.4802 0.3429
5.6255 -1.6633 -1.6968 0.3610
-1.9751 -0.0656 -1.7693 0.3640
9.5719 -8.0314 -1.5285 0.3569
13.6031 6.2149 -1.4910 0.3479
23.2089 6.8340 -1.4138 0.3668
22.5651 -2.8872 -1.5716 0.3374
14.8880 -3.8069 -1.6254 0.3723
28.6540 -4.9553 -1.3743 0.3444
25.2815 -6.5308 -1.3973 0.3768
-17.0052 8.9557 -1.7319 0.3709
32.4008 5.1807 -1.3440 0.3610
28.5045 -1.3319 -1.5322 0.3482
-5.7444 -7.7966 -1.6426 0.3721
-23.7889 -7.2113 -1.7915 0.3614
11.2386 4.1958 -1.6541 0.2857
1.3051 -5.9384 -1.5894 0.3336
19.9740 -3.0425 -1.5889 0.3534
6.4760 9.1402 -1.5547 0.3556
-20.4106 1.6240 -1.9142 0.3641
-10.3188 6.1669 -1.6829 0.3810
27.9514 -7.9224 -1.3722 0.3617
-22.7386 -3.3923 -1.9298 0.3083
19.2002 7.9121 -1.4476 0.3540
-7.4834 6.2093 -1.6601 0.3743
2.1584 4.4690 -1.5811 0.3522
6.8603 1.7481 -1.6858 0.3541
-9.9951 -4.6212 -1.6848 0.3401
14.1176 1.7096 -1.6277 0.3690
16.6065 -8.9848 -1.4717 0.3429
-19.8964 -5.9541 -1.7593 0.3619
-2.5644 0.3653 -1.7750 0.3586
19.6626 -9.9605 -1.4445 0.3511
18.2983 -5.3555 -1.4525 0.3597
7.6762 -6.9550 -1.5404 0.3540
21.6605 -3.0897 -1.5776 0.3755
-18.5413 7.1671 -1.7474 0.3635
-17.9073 8.9484 -1.7400 0.3708
14.4494 -6.6988 -1.4854 0.3347
16.6000 -5.3785 -1.4656 0.3335
23.8716 6.9375 -1.4082 0.3513
-14.1378 -6.5465 -1.7124 0.3650
6.0063 4.8263 -1.5486 0.3606
14.6499 -8.2904 -1.4875 0.3350
-11.5780 2.9661 -1.8514 0.3656
6.0157 -4.6860 -1.5482 0.3374
13.3067 4.9912 -1.4901 0.3635
-12.1330 0.3875 -1.8586 0.3557
-2.4662 -6.4221 -1.6196 0.3455
-12.0197 -1.9554 -1.9751 0.3393
29.1766 0.2871 -1.5279 0.3527
-10.7921 9.9195 -1.6769 0.3517
-17.7499 -0.3928 -1.8975 0.3291
-22.8907 -6.9752 -1.7837 0.3620
-22.3028 1.1046 -1.9261 0.3731
-13.5048 -5.5957 -1.7099 0.3672
11.4925 7.5913 -1.5119 0.3563
-23.9410 6.6814 -1.7920 0.3410
-7.7954 -7.4271 -1.6592 0.3526
-21.5100 1.7675 -1.9212 0.3474
-0.7805 3.9301 -1.7570 0.3525
-22.0854 -4.9667 -1.7760 0.3687
11.4525 2.5275 -1.6488 0.3478
16.3055 -0.7462 -1.6120 0.3133
18.8803 -0.3584 -1.5953 0.3660
-11.5394 1.0258 -1.8538 0.3579
27.1100 1.4027 -1.5421 0.3530
16.4173 4.1960 -1.6149 0.3265
-21.6010 -0.9514 -1.9217 0.3334
1.4460 4.4527 -1.5873 0.3357
21.0654 -0.2813 -1.6072 0.3383
-6.3464 3.2563 -1.8075 0.3402
-2.1065 -4.7378 -1.6183 0.3264
12.7762 0.8340 -1.6367 0.3930
-21.6711 -0.6401 -1.9221 0.3800
33.0161 -3.9561 -1.4923 0.3555
-14.5311 -8.7538 -1.7105 0.3493
-23.3997 0.2038 -1.9329 0.3865
-24.6806 -9.8049 -1.8024 0.3825
-1.0267 -2.2034 -1.7598 0.3352
28.0552 -2.5869 -1.5339 0.3550
24.1857 2.6751 -1.5609 0.3464
29.7227 9.7486 -1.3534 0.3446
7.0269 7.1600 -1.5461 0.3467
1.9248 9.5017 -1.5871 0.3483
-1.8483 9.0187 -1.6127 0.3542
-22.2149 -8.5177 -1.7789 0.3543
29.5713 -4.3611 -1.3688 0.3788
4.7706 -4.0602 -1.7077 0.3339
2.3040 -8.5796 -1.5838 0.3693
5.9100 6.9330 -1.5542 0.3285
22.6493 7.9066 -1.4176 0.3547
-11.5317 2.0995 -1.8525 0.3709
17.5940 7.8198 -1.4614 0.3614
17.6462 4.2874 -1.6061 0.3437
25.9732 -1.1889 -1.5501 0.3557
-24.4790 -7.0027 -1.7969 0.3830
-14.7763 9.1699 -1.7119 0.3382
3.2628 3.8456 -1.7207 0.3613
26.0324 -2.9163 -1.5479 0.3693
32.9070 -7.4280 -1.3334 0.3422
10.6921 5.9794 -1.5136 0.3847
-12.2720 6.0403 -1.6989 0.3915
-13.9249 0.8602 -1.8716 0.3719
13.3666 9.9991 -1.5018 0.3719
-12.3959 -2.2716 -1.8857 0.3154
8.1852 8.8413 -1.5413 0.3236
25.0887 2.6052 -1.5548 0.3483
-1.6108 4.7284 -1.6140 0.3368
-2.2917 8.3415 -1.6163 0.3625
-22.8316 6.6230 -1.7829 0.2931
-9.7549 -4.2266 -1.8339 0.3624
16.8915 7.3447 -1.4667 0.3465
-3.3765 0.7942 -1.7827 0.3392
-15.5021 -9.1034 -1.7184 0.3881
-18.6539 3.4764 -1.9018 0.3438
-19.2968 -0.0060 -1.9073 0.3177
14.5480 0.7325 -1.6240 0.3591
11.7573 -1.7695 -1.6453 0.3576
6.1113 -8.7183 -1.5566 0.3465
5.0196 -6.3957 -1.5601 0.3970
-15.8118 5.1291 -1.7289 0.3542
5.0363 -5.3154 -1.5577 0.3703
-21.4037 2.5545 -1.9206 0.3565
30.5515 0.8372 -1.5172 0.3754
-21.5183 -5.5720 -1.7720 0.3434
0.4118 -4.3886 -1.5964 0.3287
-24.9657 -2.3286 -1.9440 0.3653
22.1690 7.6037 -1.4219 0.3560
-15.0298 8.8261 -1.7147 0.3659
30.4950 -2.2649 -1.5161 0.3377
-22.3613 -9.0770 -1.7805 0.3596
24.2472 2.0180 -1.5610 0.3181
14.3983 -1.6485 -1.6257 0.3404
-10.0159 -0.1537 -1.8421 0.3359
-12.8548 -1.1610 -1.8636 0.3599
-3.5393 3.0915 -1.7827 0.3403
24.7042 -3.9112 -1.5560 0.3225
26.7174 7.8526 -1.3828 0.3386
-14.4829 -1.5750 -1.8750 0.3620
-3.7931 -3.1668 -1.7849 0.3526
-10.7505 8.4589 -1.6798 0.3351
-17.6414 -2.8371 -1.8955 0.3668
13.7870 -8.3385 -1.4949 0.3813
-4.2477 -6.8933 -1.6329 0.3682
-11.4770 4.2859 -1.8475 0.3039
26.9599 1.2465 -1.5433 0.3547
19.8991 0.6923 -1.5890 0.3472
21.4257 -8.3602 -1.4282 0.3093
-22.6482 -6.7185 -1.7815 0.3242
29.9078 -2.0757 -1.5209 0.3660
9.4843 -1.0399 -1.6627 0.3537
5.2282 -2.4684 -1.7013 0.3516
-24.3649 0.0549 -1.9390 0.3370
28.8597 4.6710 -1.3735 0.3716
7.6334 2.7141 -1.6804 0.3254
24.5092 2.2257 -1.5591 0.3322
14.3307 1.1556 -1.6257 0.3436
22.8016 -5.9814 -1.4178 0.3195
16.5759 2.0927 -1.6111 0.3324
30.2578 -6.8309 -1.3563 0.3712
-11.4709 4.2583 -1.8475 0.3331
-12.8740 -0.9542 -1.8639 0.3656
17.7525 1.6292 -1.6029 0.3627
5.0837 7.2559 -1.5613 0.3466
10.9497 -2.5381 -1.6528 0.3216
17.5125 -8.0048 -1.4624 0.3513
7.8457 7.8279 -1.5414 0.3078
22.2616 -2.7003 -1.5737 0.3394
-5.8680 -1.8695 -1.8052 0.3549
26.5394 -4.0795 -1.5424 0.3674
-18.5394 -1.5966 -1.9022 0.3470
13.0402 0.4194 -1.6346 0.3378
28.4080 6.8662 -1.3712 0.3362
-9.8384 4.4032 -1.6841 0.3406
-5.3899 0.2656 -1.8018 0.3625
-6.6735 5.2769 -1.6559 0.3570
8.8558 6.9558 -1.5311 0.3496
-0.2277 -8.8370 -1.6016 0.3626
-18.5224 1.8446 -1.9020 0.3500
28.4772 -9.1346 -1.3651 0.3233
-12.7194 -3.8377 -1.8583 0.3278
7.0448 5.2483 -1.5410 0.3620
10.6883 5.8257 -1.5131 0.3225
-22.5549 7.6765 -1.7814 0.3424
-19.2573 -0.0352 -1.9071 0.3477
33.3014 -8.3172 -1.3280 0.3293
14.8707 -7.4643 -1.4838 0.3166
-22.9861 -5.1138 -1.7828 0.3265
22.6520 -2.5563 -1.5712 0.3138
5.5126 0.5312 -1.6971 0.3622
-20.4880 2.9187 -1.9145 0.3579
15.8451 -6.7499 -1.4742 0.3348
4.9611 -6.2206 -1.5602 0.3227
-12.7048 -6.5402 -1.7009 0.3733
27.6621 5.0987 -1.3817 0.3588
-7.5172 -3.9582 -1.8161 0.3376
-7.9266 -6.6658 -1.6623 0.3737
-8.6336 -1.3725 -1.8299 0.3528
21.0473 -5.0497 -1.4317 0.3564
17.3671 -2.6140 -1.6062 0.3292
29.1887 6.4803 -1.3659 0.3197
-11.2396 -3.3221 -1.8480 0.3186
22.1819 -6.5028 -1.4224 0.3917
9.3827 -5.3509 -1.5222 0.3334
-6.4792 -9.3129 -1.6450 0.3513
-22.8728 8.0226 -1.7844 0.3592
24.1369 3.9394 -1.5600 0.3496
-10.5357 -0.7328 -1.8461 0.3469
12.9046 1.2173 -1.6361 0.3465
7.9321 -4.9182 -1.5328 0.3596
-24.7330 -1.9262 -1.9421 0.3292
34.6606 -3.6033 -1.4793 0.3412
23.8598 6.4909 -1.4089 0.3039
4.1883 4.8685 -1.5641 0.3127
15.8205 -4.3224 -1.4695 0.3240
3.5957 5.2450 -1.5697 0.3671
19.6752 -8.1213 -1.4436 0.3445
-16.9403 -5.9486 -1.7361 0.3639
1.7811 -7.8724 -1.5870 0.3577
-4.8678 -5.2351 -1.6410 0.3552
2.5793 -5.4761 -1.5785 0.3311
2.0284 8.0111 -1.5853 0.3515
-16.4144 -3.4522 -1.8862 0.3551
33.5893 -2.8956 -1.4898 0.3940
-24.0705 -8.0050 -1.7948 0.3431
-24.3956 -8.6804 -1.7985 0.3646
-2.5935 -5.6122 -1.6215 0.3475
12.2226 -7.3091 -1.5052 0.3360
-14.2208 -3.1078 -1.8710 0.3674
6.9916 -6.2791 -1.5441 0.3878
18.3663 -6.4366 -1.4532 0.3552
-19.3564 2.9507 -1.9069 0.3363
34.0653 8.8421 -1.3209 0.3593
-4.7980 -9.7504 -1.6324 0.3556
13.5449 4.1111 -1.6361 0.3943
-18.3568 3.1840 -1.9000 0.3648
17.5692 1.7011 -1.6041 0.3313
25.4274 3.8460 -1.5509 0.3755
-18.6829 0.1740 -1.9035 0.3655
-17.4482 8.5384 -1.7364 0.3687
-8.1372 -6.8355 -1.6635 0.3589
-24.2839 -0.5290 -1.9386 0.3702
34.1631 3.0608 -1.4846 0.3588
10.9030 8.1740 -1.5182 0.3449
11.4554 -0.2513 -1.6465 0.3527
32.5377 9.5399 -1.3311 0.3477
24.9218 3.1297 -1.5554 0.3568
23.8546 3.9843 -1.5619 0.3516
-4.6299 6.3641 -1.6369 0.3437
-4.9082 4.6784 -1.6424 0.3464
-7.4957 0.4525 -1.8207 0.3499
-4.1983 5.4523 -1.6350 0.3144
-2.8295 -9.2853 -1.6193 0.3705
-16.5998 8.6553 -1.7287 0.3570
-3.6431 6.4630 -1.6289 0.3378
1.8048 2.7532 -1.7331 0.3618
-6.4392 -8.6249 -1.6461 0.3398
-15.0792 -4.1015 -1.8754 0.3398
-2.5954 -4.9274 -1.6223 0.3575
3.8545 -4.8595 -1.5669 0.3786
18.2437 3.4420 -1.6010 0.3556
17.6743 7.5228 -1.4603 0.3345
-12.8383 3.6326 -1.8596 0.3430
-22.8007 -2.2248 -1.9296 0.3670
-6.7720 9.3847 -1.6470 0.3581
-15.5718 7.2516 -1.7225 0.3692
-1.2527 3.7084 -1.7614 0.3579
33.7608 -2.0507 -1.4897 0.3654
-14.1357 3.6765 -1.8693 0.3903
-5.8676 -1.8401 -1.8052 0.3230
18.5069 -6.8963 -1.4526 0.3981
5.5510 2.3767 -1.6982 0.3687
-22.3643 3.9620 -1.9275 0.4025
-15.2986 -3.0139 -1.8789 0.3303
31.1150 8.5862 -1.3446 0.3576
-18.8101 7.0852 -1.7497 0.3532
13.1056 1.6571 -1.6350 0.3677
22.5395 -8.7953 -1.4180 0.3594
-9.0737 -9.6557 -1.6638 0.3572
18.5047 2.7977 -1.5987 0.3656
-14.8063 6.2761 -1.7185 0.3479
-7.9150 0.0071 -1.8244 0.3397
-6.2907 -9.5302 -1.6433 0.3591
34.7861 -7.1034 -1.3196 0.3396
-12.1257 -5.7751 -1.6985 0.3475
-17.2476 2.5551 -1.8931 0.3212
30.5415 -0.2788 -1.5175 0.3511
-15.2842 -7.9559 -1.7186 0.3314
27.7568 0.0335 -1.5382 0.3493
14.0274 7.3899 -1.4906 0.3283
9.6117 -1.2177 -1.6618 0.3496
20.0803 -7.0048 -1.4396 0.3680
18.5599 1.5602 -1.5976 0.3381
-18.3684 8.5877 -1.7445 0.3313
34.9680 -7.6818 -1.3167 0.3656
31.5134 -6.8718 -1.3461 0.3683
28.7955 1.3369 -1.5301 0.3585
12.3373 -3.2001 -1.6433 0.3407
6.3675 7.9112 -1.5529 0.3374
7.1767 4.2553 -1.6875 0.3434
-24.1038 -7.0582 -1.7939 0.3488
4.9682 7.4144 -1.5625 0.3155
12.4262 2.8458 -1.6419 0.3303
14.5224 -0.1273 -1.6240 0.3750
-5.0716 -4.8691 -1.6434 0.3541
3.2769 2.9942 -1.7196 0.3745
13.1786 7.9697 -1.4991 0.3703
0.6983 -9.2305 -1.5953 0.3438
32.7281 -2.4970 -1.4977 0.3441
17.3265 8.7132 -1.4649 0.3693
-24.9236 -2.3418 -1.9438 0.3652
-23.6032 -9.2826 -1.7920 0.3697
16.4180 -7.9711 -1.4717 0.3497
-0.2413 3.8152 -1.7522 0.3529
25.3683 4.0024 -1.5510 0.3449
-14.6191 -7.6991 -1.7136 0.3489
-24.1704 -5.6157 -1.7924 0.3363
-1.7151 1.2775 -1.7666 0.3485
19.1638 3.7307 -1.5948 0.3468
33.3037 -6.8642 -1.3319 0.3408
28.0192 -0.8724 -1.5361 0.3658
4.0445 1.2407 -1.7111 0.3218
23.7690 -9.0059 -1.4067 0.3567
-20.7802 -5.5249 -1.7663 0.3316
9.3363 8.3779 -1.5312 0.3330
30.4579 7.5996 -1.3525 0.3348
-1.2169 -3.5503 -1.7611 0.3594
32.6060 7.3595 -1.3360 0.3048
-11.7589 2.6510 -1.8534 0.3534
-18.6620 9.6324 -1.7463 0.3509
6.4857 9.3244 -1.5549 0.3306
29.4348 2.3388 -1.5241 0.3536
-6.3232 -0.6432 -1.8102 0.3257
23.0096 -7.1544 -1.4151 0.3491
-14.8482 0.6070 -1.8782 0.3250
19.7342 -2.0340 -1.5902 0.3910
8.4216 2.9121 -1.6741 0.3672
-14.4990 -8.2102 -1.7114 0.3549
18.0852 6.6984 -1.4558 0.3309
17.8254 9.3423 -1.4611 0.3445
5.9261 -5.8127 -1.5515 0.3453
-11.4719 2.6557 -1.8511 0.3548
-17.0624 6.0388 -1.7369 0.3580
32.4353 1.0882 -1.5019 0.3545
14.3488 8.7087 -1.4909 0.3568
23.5545 0.2373 -1.5661 0.3466
16.8182 -4.5891 -1.4626 0.3568
24.7684 -0.5680 -1.5583 0.3372
-15.2506 -0.2427 -1.8810 0.3287
4.8170 -4.9258 -1.5588 0.3870
15.0275 5.7391 -1.4785 0.3583
-18.7966 2.3549 -1.9035 0.3861
-16.0026 -2.5926 -1.8845 0.3445
13.0390 -1.5669 -1.6354 0.3982
27.1223 -2.5660 -1.5407 0.3516
14.6250 -1.0420 -1.6236 0.3729
-22.8277 0.5619 -1.9293 0.3507
33.2260 -3.3815 -1.4919 0.3533
-16.6296 6.3631 -1.7329 0.3477
-11.0463 8.5673 -1.6819 0.3401
33.4980 0.4560 -1.4934 0.3696
21.2620 4.2273 -1.5802 0.3498
31.1946 8.6108 -1.3439 0.3666
23.3972 -6.1612 -1.4130 0.3681
14.1041 -6.2055 -1.4870 0.3783
-7.9268 -8.5478 -1.6574 0.3584
-5.3871 -1.1579 -1.8014 0.3198
31.8363 -3.3771 -1.5033 0.3436
26.6375 1.2107 -1.5455 0.3495
-3.4306 -0.9786 -1.7832 0.3502
-2.6040 -6.1961 -1.6209 0.3764
-7.1383 -2.1764 -1.8161 0.3727
-5.4322 -9.4221 -1.6373 0.3471
26.6400 0.7477 -1.5458 0.3986
-24.3696 -4.5788 -1.7925 0.3430
1.1632 -7.7528 -1.5914 0.3446
31.5704 -8.6829 -1.3407 0.3282
7.5582 4.2890 -1.6843 0.3188
2.0267 -5.0532 -1.5827 0.3264
-6.2578 3.1759 -1.8068 0.3703
-20.5652 6.3102 -1.7645 0.3648
-11.5308 -0.0003 -1.8541 0.3323
-19.5725 -7.3389 -1.7559 0.3520
-17.3980 2.2910 -1.8943 0.3661
-15.1890 -8.5679 -1.7166 0.3093
-6.8782 6.3429 -1.6549 0.3854
-24.3390 5.2308 -1.7932 0.3711
32.0086 -1.9583 -1.5045 0.3662
-17.5709 -4.6181 -1.7429 0.3740
-2.0111 4.1911 -1.7679 0.3092
27.7717 1.3442 -1.5375 0.3456
-18.6059 -7.0982 -1.7480 0.3752
4.0163 5.1837 -1.5660 0.3499
25.6870 -3.3205 -1.5498 0.3649
8.4178 7.8769 -1.5371 0.3790
-12.3794 6.5894 -1.6982 0.3641
19.1306 -4.4837 -1.4456 0.3448
15.8805 -4.8949 -1.4701 0.3615
-3.2688 -2.0422 -1.7811 0.3166
-22.2223 6.0897 -1.7777 0.3598
-24.5281 -7.3869 -1.7979 0.3650
24.5236 -3.6790 -1.5575 0.3530
-5.7066 3.1822 -1.8020 0.3732
-16.7338 -9.3302 -1.7290 0.3556
6.1131 -8.8820 -1.5569 0.3529
30.2500 5.2434 -1.3610 0.3866
-24.4911 0.4469 -1.9399 0.3308
-21.6314 1.1520 -1.9219 0.3778
0.0227 -5.0227 -1.5998 0.3763
15.5580 0.6357 -1.6170 0.3669
3.5660 0.9001 -1.7155 0.3419
28.8529 -1.7246 -1.5293 0.3569
-22.3549 9.2885 -1.7806 0.3339
-4.5915 -9.0147 -1.6319 0.3388
-3.9191 -1.7014 -1.7874 0.3526
-4.5924 7.1497 -1.6351 0.3323
4.2612 -5.8746 -1.5652 0.3453
22.4346 8.6999 -1.4190 0.3280
-5.9270 -1.4902 -1.8061 0.3631
19.6690 -6.8680 -1.4430 0.3827
-16.2121 -8.1380 -1.7262 0.3939
8.6435 -3.4586 -1.6734 0.3293
-2.4947 8.3945 -1.6177 0.3328
7.3526 8.7819 -1.5474 0.3490
-18.5350 1.2653 -1.9023 0.3664
32.2078 -7.6362 -1.3384 0.3482
29.3728 -0.8682 -1.5262 0.3716
24.5838 -1.6448 -1.5590 0.3629
28.5670 -5.3786 -1.3739 0.3169
-16.1987 -8.4794 -1.7255 0.3534
5.2233 -2.3685 -1.7012 0.3275
-5.9255 -2.5629 -1.8049 0.3410
28.2432 4.0796 -1.5296 0.3440
-13.6337 -2.1155 -1.8683 0.3671
-11.8033 -9.7373 -1.6855 0.3517
16.2029 -9.5996 -1.4762 0.3429
-19.6660 3.7503 -1.9087 0.3942
18.9420 3.2157 -1.5960 0.3344
-8.9124 -6.7930 -1.6698 0.3580
14.6561 7.3245 -1.4853 0.3656
27.3823 3.2525 -1.5377 0.3556
11.5767 -6.9189 -1.5093 0.3343
-12.2390 -4.2477 -1.8536 0.3332
-22.0501 9.4733 -1.7778 0.3646
-22.3232 -1.8451 -1.9264 0.3731
-19.6713 -5.2646 -1.7579 0.3512
9.7891 0.4826 -1.6903 0.3259
-4.1069 -5.8890 -1.6335 0.3524
-10.4136 5.8343 -1.6847 0.3825
-11.8416 5.8860 -1.6959 0.3321
31.9149 6.0169 -1.3455 0.3459
-17.8710 2.3454 -1.8974 0.3534
-6.7111 3.8809 -1.8094 0.3740
3.2886 -3.5719 -1.7201 0.3416
-24.9730 7.5778 -1.8020 0.3619
30.2572 -7.1168 -1.3555 0.3800
-19.0541 -4.9103 -1.7536 0.3226
15.9482 9.8537 -1.4788 0.3260
12.7319 9.2079 -1.5057 0.3503
23.5438 0.1524 -1.5662 0.3718
14.0833 -0.0178 -1.6271 0.3589
21.1632 -7.6636 -1.4306 0.3736
0.2749 3.1930 -1.7475 0.3182
4.3223 -9.3794 -1.5705 0.3591
17.0997 -3.7131 -1.6093 0.2953
9.1056 -1.6322 -1.6664 0.3788
5.6923 7.8797 -1.5580 0.3760
-12.6665 9.3691 -1.6934 0.3456
-9.5135 9.4800 -1.6676 0.3060
-3.4902 5.9767 -1.6284 0.3480
-24.4429 -4.2001 -1.9426 0.3745
0.0418 -9.0930 -1.5997 0.3605
-24.8339 -1.4876 -1.9425 0.3892
8.9009 -4.0521 -1.6726 0.3463
17.2417 3.1038 -1.6076 0.3928
8.7289 -2.5788 -1.6709 0.3118
16.6112 7.8151 -1.4698 0.3370
-24.9992 -2.5193 -1.9445 0.3263
-21.4335 -2.4401 -1.9207 0.3669
16.9077 5.1824 -1.4629 0.3280
23.1740 1.8005 -1.5682 0.3723
18.0621 -4.8942 -1.4538 0.3659
14.7807 3.5338 -1.6257 0.3558
17.4430 1.2599 -1.6047 0.3499
19.3754 -7.9188 -1.4461 0.3311
18.4627 -0.6547 -1.5980 0.3642
19.2805 8.3741 -1.4472 0.3420
-20.5588 -5.7641 -1.7646 0.3674
-21.2037 -1.7077 -1.9192 0.3820
-3.3328 -4.4810 -1.6292 0.3459
6.6558 0.7384 -1.6868 0.3784
20.7571 9.5023 -1.4342 0.3558
-4.9175 -3.8029 -1.7940 0.3640
-8.4930 6.6567 -1.6669 0.3256
21.8869 6.7659 -1.4247 0.3383
-10.0398 -4.8117 -1.6846 0.3381
24.2505 5.4521 -1.4072 0.3790
-14.3720 9.7624 -1.7073 0.3450
-3.4316 9.0804 -1.6236 0.3646
-0.9355 2.1148 -1.7589 0.3505
-7.0294 -6.9652 -1.6545 0.3449
-24.7986 -7.6132 -1.8005 0.3226
-10.8694 -4.6636 -1.6917 0.3139
-4.7408 2.0263 -1.7948 0.3453
-6.1825 -2.2755 -1.8075 0.3464
22.1333 3.9804 -1.5741 0.3345
-22.1579 5.7556 -1.7770 0.3549
-1.6631 -6.3916 -1.6132 0.3913
-22.7491 8.1059 -1.7834 0.3819
30.8389 -8.7885 -1.3463 0.3517
22.4126 -4.7014 -1.4217 0.3524
33.9297 6.2960 -1.3285 0.3640
29.6096 -6.3254 -1.3630 0.3561
-6.0512 -5.5972 -1.6500 0.3641
16.4950 9.5131 -1.4734 0.3567
-6.6068 8.2473 -1.6481 0.3531
28.2927 6.2552 -1.3737 0.3382
-0.3548 -6.5240 -1.6028 0.3582
-2.4467 -4.8972 -1.6210 0.3057
29.8441 -5.2966 -1.3641 0.3562
25.2044 -6.2175 -1.3985 0.3096
32.9848 9.4089 -1.3279 0.3563
-21.0107 -6.6794 -1.7681 0.3314
-10.3997 4.9343 -1.6872 0.3765
-6.9485 -8.9797 -1.6491 0.3527
0.4611 0.8761 -1.7455 0.3510
3.3878 -8.5830 -1.5761 0.3591
-7.5117 -8.7649 -1.6538 0.3337
22.4270 -5.3953 -1.4212 0.3734
-11.6054 8.5121 -1.6866 0.3648
16.7910 2.7766 -1.6103 0.3399
26.1061 3.0280 -1.5473 0.3298
11.2219 -4.0469 -1.6539 0.3425
-3.7505 4.4723 -1.6328 0.3478
-13.7265 3.6310 -1.8663 0.3283
-16.9392 -0.7663 -1.8922 0.3409
19.6505 3.6521 -1.5914 0.3382
3.1479 7.3427 -1.5762 0.3460
-22.2208 9.2076 -1.7793 0.3461
34.0304 9.9319 -1.3190 0.3598
15.2782 -0.2338 -1.6188 0.3506
25.6510 -9.3449 -1.3894 0.3580
1.2913 -5.4164 -1.5892 0.3550
32.3263 -6.0630 -1.3420 0.3461
-13.0285 -3.9892 -1.8603 0.3637
-13.8918 -2.7900 -1.8691 0.2951
28.4201 3.3735 -1.5298 0.3428
28.5030 0.5138 -1.5328 0.3386
4.9412 2.9949 -1.7045 0.3524
-17.4528 9.4368 -1.7354 0.3373
-6.6870 -9.0186 -1.6471 0.3610
20.2491 -9.7120 -1.4390 0.3645
25.7595 3.3101 -1.5493 0.3223
-4.1407 0.9251 -1.7899 0.3545
-21.3260 -0.3450 -1.9199 0.3244
14.9436 7.0666 -1.4823 0.3596
19.3698 -6.8225 -1.4454 0.3407
0.4409 1.4724 -1.7457 0.3339
9.9859 8.6385 -1.5268 0.3158
34.2423 -1.0829 -1.4866 0.3482
-10.3001 1.5983 -1.8435 0.3268
9.3787 -8.6000 -1.5315 0.3203
11.6576 -3.0163 -1.6481 0.3537
7.9464 -9.1720 -1.5438 0.3694
27.1478 1.4475 -1.5418 0.3579
11.3005 1.8095 -1.6489 0.3214
5.4734 9.0168 -1.5618 0.3473
-17.6191 2.7681 -1.8954 0.3636
17.1926 -9.9403 -1.4675 0.3473
-17.0736 6.6647 -1.7360 0.3565
-23.4058 -3.4069 -1.9344 0.3413
4.3119 4.2854 -1.7120 0.3423
9.3467 -4.7194 -1.5207 0.3368
34.9432 5.2045 -1.3232 0.3622
17.7396 8.5498 -1.4611 0.3635
25.9154 -8.4136 -1.3885 0.3389
-4.2167 0.8872 -1.7907 0.3651
5.5349 0.8080 -1.6970 0.3215
33.4561 -4.2712 -1.4879 0.3466
0.0433 -3.1665 -1.7496 0.3229
23.4374 3.5232 -1.5653 0.3274
6.5593 -4.1478 -1.6924 0.3227
-11.5623 -9.3875 -1.6842 0.3369
9.8251 5.3837 -1.5187 0.3624
-11.9163 2.5039 -1.8548 0.3484
-24.8184 -4.9909 -1.7965 0.3383
-10.8462 9.2308 -1.6787 0.3465
-13.4114 7.9686 -1.7029 0.3089
-2.7447 9.2875 -1.6187 0.3614
28.3158 0.2447 -1.5342 0.3050
-1.7288 -5.2967 -1.6146 0.3359
25.7113 -6.5234 -1.3938 0.3484
8.3368 8.9705 -1.5404 0.3589
-24.5431 7.8166 -1.7987 0.3548
-13.6758 4.8187 -1.7132 0.3490
30.8767 0.2103 -1.5149 0.3791
11.2504 -2.3118 -1.6500 0.3903
30.7728 4.0689 -1.5101 0.3501
-6.3928 -9.8094 -1.6436 0.3480
17.9937 0.4856 -1.6009 0.3468
21.3215 3.5732 -1.5799 0.3378
33.5420 5.0752 -1.3351 0.3575
-23.9094 -0.9784 -1.9363 0.3754
32.1342 4.9028 -1.3470 0.3002
-1.5046 -8.0832 -1.6109 0.3466
25.2795 -5.3345 -1.3995 0.3798
7.6828 -7.1077 -1.5408 0.3579
8.8790 -3.2032 -1.6709 0.3583
-3.4373 -3.1161 -1.7817 0.3180
24.7084 -2.5212 -1.5575 0.3640
-9.1592 -0.6835 -1.8349 0.3702
4.5345 -1.2733 -1.7066 0.3540
8.6105 -0.1906 -1.6696 0.3369
19.5513 5.0519 -1.4428 0.3589
3.2981 -7.1597 -1.5749 0.3292
15.8170 -2.9859 -1.6173 0.3266
4.1176 -9.9973 -1.5726 0.3660
14.5592 -9.4354 -1.4905 0.3719
15.4486 2.1284 -1.6188 0.3351
17.5665 7.5200 -1.4612 0.3267
24.3980 -3.8818 -1.5582 0.3324
7.4434 -1.9621 -1.6809 0.3540
-13.4033 -5.8025 -1.7085 0.3267
15.7785 -7.1440 -1.4756 0.3757
-20.3729 7.6820 -1.7626 0.3407
-11.8627 1.4424 -1.8559 0.3573
22.5295 4.0975 -1.5712 0.3351
1.1042 7.6378 -1.5918 0.3617
4.8826 1.7679 -1.7037 0.3633
34.2438 -6.3943 -1.3257 0.3164
-10.8897 4.2663 -1.8429 0.3364
-23.8268 4.9561 -1.7890 0.3469
-18.3176 -1.7210 -1.9007 0.3395
-10.3299 2.3363 -1.8426 0.3674
18.5552 -0.3090 -1.5974 0.3381
21.5493 -3.3400 -1.5783 0.3643
8.9293 3.4483 -1.6710 0.3597
-9.6972 -5.0510 -1.6812 0.3478
6.3045 -3.4506 -1.6932 0.3651
-24.1025 -1.8862 -1.9379 0.3192
15.9081 2.2924 -1.6158 0.3488
11.8579 7.0441 -1.5074 0.3345
-23.6922 2.2983 -1.9355 0.3479
24.0207 4.5216 -1.4101 0.3406
20.8056 -4.1469 -1.5834 0.3512
-6.5066 1.7483 -1.8111 0.3502
13.1226 -7.9230 -1.4994 0.3528
11.0896 -0.7346 -1.6495 0.3536
-16.4092 3.7976 -1.8857 0.3615
-13.4044 -6.4055 -1.7069 0.3248
15.9924 8.0419 -1.4755 0.3602
31.0131 -1.6561 -1.5129 0.3197
9.5771 3.4228 -1.6656 0.2941
9.0688 -0.6021 -1.6658 0.3894
13.8009 4.6452 -1.4854 0.3312
1.4347 1.6861 -1.7362 0.3410
-21.7497 -7.5486 -1.7744 0.3127
-1.2098 8.4943 -1.6085 0.3409
29.0151 3.2012 -1.5257 0.3541
23.2968 -0.5586 -1.5677 0.3549
30.6454 3.5321 -1.5124 0.3259
-15.8301 -4.7821 -1.7297 0.3411
5.3575 5.3792 -1.5552 0.3574
10.0837 -1.7755 -1.6585 0.3548
-12.4045 6.1007 -1.6998 0.3526
-12.9418 -4.5189 -1.7083 0.3652
21.9220 5.8056 -1.4248 0.3478
15.3111 8.1338 -1.4815 0.3778
13.8313 9.6164 -1.4971 0.3441
-8.9808 5.5342 -1.6740 0.3639
5.4062 4.0803 -1.7022 0.3646
-23.6158 0.3988 -1.9343 0.3172
-17.2032 -7.8853 -1.7351 0.3588
6.0951 1.1971 -1.6922 0.3372
-6.4197 1.2651 -1.8107 0.3298
32.9402 -8.7053 -1.3298 0.3415
3.2891 3.8125 -1.7204 0.3532
-19.9862 -7.0212 -1.7596 0.3187
-23.9295 1.9322 -1.9368 0.3505
18.5155 -0.5473 -1.5976 0.3456
-14.7096 7.5011 -1.7148 0.3708
-13.7313 -5.3551 -1.7123 0.3373
0.4284 -6.5759 -1.5966 0.3738
-9.1564 1.0234 -1.8346 0.3577
11.9946 -0.7951 -1.6426 0.3493
4.1416 -6.7740 -1.5677 0.3755
-18.3130 2.2742 -1.9004 0.3885
22.0845 8.1163 -1.4224 0.3458
0.5515 4.8051 -1.5952 0.3352
11.6501 -5.8089 -1.5054 0.3586
-24.7635 -5.2319 -1.7964 0.3215
12.5840 1.1512 -1.6384 0.3240
-8.0290 3.5503 -1.8213 0.3761
4.6622 9.5799 -1.5684 0.3614
-7.1368 -7.9036 -1.6529 0.3328
34.7756 0.9269 -1.4820 0.4127
-11.1495 9.7475 -1.6801 0.3224
29.7716 -7.7821 -1.3576 0.3624
30.0780 9.4514 -1.3510 0.3341
0.2600 -0.7564 -1.7475 0.3856
-6.7598 4.3478 -1.6588 0.3394
-2.1379 -1.4946 -1.7706 0.3443
34.3603 6.8209 -1.3237 0.3138
12.1278 8.1704 -1.5083 0.3917
7.6868 -6.6667 -1.5396 0.3376
-22.8449 4.9448 -1.7817 0.3596
25.8706 -9.5852 -1.3871 0.3501
-19.9717 -4.4628 -1.7605 0.3390
-22.1817 1.0469 -1.9253 0.3054
-8.5085 2.0641 -1.8281 0.3454
3.5473 -2.6947 -1.7169 0.3446
28.7173 -4.5912 -1.3748 0.3564
22.4047 -6.5670 -1.4206 0.3929
-13.1421 -5.2057 -1.7081 0.3629
-2.6752 -7.3955 -1.6201 0.3672
21.8144 -4.7767 -1.4261 0.3439
6.6255 6.4256 -1.5474 0.3237
-14.5305 -4.2496 -1.8710 0.3444
-1.2367 8.1538 -1.6089 0.3353
12.5561 -5.0954 -1.4962 0.3490
33.3935 -0.1607 -1.4943 0.3401
14.7087 -6.6486 -1.4832 0.3164
-24.0283 -9.6581 -1.7962 0.3753
17.3005 2.5108 -1.6065 0.3472
-9.9481 -3.2447 -1.8378 0.3434
26.7295 -3.0985 -1.5427 0.3279
-1.9666 -1.8450 -1.7689 0.3405
-13.0231 5.5552 -1.7062 0.3327
3.0768 -2.0052 -1.7207 0.3261
-9.6881 -8.2719 -1.6718 0.3533
-10.8507 -4.4249 -1.6922 0.3406
9.3957 1.5226 -1.7068 0.3650
21.0408 9.8697 -1.4315 0.3428
25.0973 -7.1371 -1.3977 0.3523
-1.1398 -3.5310 -1.7604 0.3517
-20.9918 -0.2881 -1.9178 0.3577
4.0385 8.8929 -1.5718 0.3332
1.0269 -7.8316 -1.5925 0.3680
-13.1813 5.8764 -1.7066 0.3264
28.7687 4.4591 -1.3747 0.3508
33.4489 -3.8712 -1.4889 0.3259
-21.8952 5.4751 -1.7748 0.3476
22.7448 1.4975 -1.5710 0.3678
13.7430 -6.5728 -1.4908 0.3611
-9.3138 -4.2852 -1.8302 0.3712
13.1094 -3.4332 -1.6379 0.3439
-17.2814 -3.5394 -1.8922 0.3682
-20.8356 4.9273 -1.7667 0.3362
34.6093 3.2059 -1.4805 0.3408
13.1822 6.3971 -1.4949 0.3526
-9.8066 0.2159 -1.8404 0.3670
2.0020 -2.9894 -1.7314 0.3391
32.0053 -8.6450 -1.3373 0.3639
1.3235 5.8878 -1.5892 0.3546
29.0267 -8.5046 -1.3619 0.3567
27.1286 -3.9707 -1.5382 0.3329
-4.3506 3.3777 -1.7896 0.3423
16.7605 5.2834 -1.4642 0.3481
14.6299 -8.6297 -1.4884 0.3567
21.2727 2.1524 -1.5803 0.3339
-3.0443 -7.2572 -1.6231 0.3242
-21.8658 5.1448 -1.7745 0.3073
-14.7376 4.5971 -1.7218 0.3649
11.9932 4.9612 -1.5003 0.3689
21.5060 -8.7248 -1.4274 0.3098
20.3629 1.1885 -1.5861 0.3515
10.0209 -5.1830 -1.5166 0.3425
-19.9145 -0.0838 -1.9112 0.3743
-23.9627 9.7882 -1.7957 0.3458
21.9285 -8.1905 -1.4238 0.3609
7.9626 1.8810 -1.6764 0.3415
21.9627 -6.7000 -1.4241 0.3363
-15.2327 0.2010 -1.8809 0.3653
-0.5546 0.4180 -1.7554 0.3716
30.1502 -0.8755 -1.5203 0.3246
-14.7041 2.7923 -1.8750 0.3728
-21.3084 9.4839 -1.7709 0.3305
14.2080 6.1044 -1.4859 0.3034
10.6722 9.1705 -1.5225 0.3502
32.1218 -6.2109 -1.3432 0.3601
29.3881 9.8646 -1.3560 0.3197
19.9658 -3.8967 -1.5893 0.3103
-23.8506 -9.3167 -1.7943 0.3401
3.8232 -1.2753 -1.7132 0.3374
28.7661 -5.0761 -1.3732 0.3774
1.0191 5.2424 -1.5914 0.3502
32.7287 -8.2612 -1.3326 0.3647
14.1493 0.9601 -1.6269 0.3542
-18.4326 -4.2121 -1.8996 0.3814
5.5563 -5.8653 -1.5546 0.3322
16.7370 7.5128 -1.4682 0.3482
-21.0779 0.3101 -1.9184 0.3186
-4.3210 -3.4911 -1.7892 0.3662
18.0249 4.9224 -1.4541 0.3723
-15.5757 7.0638 -1.7229 0.3675
-4.0996 -1.1582 -1.7894 0.3475
16.3946 -6.3575 -1.4690 0.3202
21.5325 9.8868 -1.4269 0.3483
6.1107 -2.8205 -1.6939 0.3364
32.4115 -5.8899 -1.3419 0.3685
30.5199 -7.9338 -1.3511 0.3415
3.4062 -7.5229 -1.5745 0.3410
-15.3835 8.8609 -1.7177 0.3935
21.3759 8.9332 -1.4285 0.3660
-10.4116 0.1587 -1.8453 0.3715
25.5693 3.8427 -1.5498 0.3398
10.2287 6.6528 -1.5193 0.3280
-1.3544 1.1491 -1.7632 0.3713
8.3830 3.3396 -1.6753 0.3798
6.9685 9.3395 -1.5514 0.3243
30.4840 -6.5493 -1.3553 0.3397
-12.1382 -7.2243 -1.6944 0.3317
30.6895 5.0606 -1.3581 0.3596
-23.1195 4.0666 -1.9329 0.3717
21.1522 -6.2810 -1.4308 0.3426
30.1801 -3.9517 -1.5151 0.3426
-1.3569 3.7051 -1.7623 0.3109
-20.6160 -0.1127 -1.9155 0.3309
23.2801 7.8695 -1.4122 0.3801
25.5719 6.7431 -1.3945 0.3599
-4.8246 -0.2576 -1.7965 0.3685
6.1156 3.3373 -1.6947 0.3427
23.5681 2.8692 -1.5649 0.3445
-13.4774 -8.1584 -1.7029 0.3504
12.7385 -1.4882 -1.6376 0.3565
0.8378 -1.2024 -1.7419 0.3775
-14.5351 7.9473 -1.7123 0.3365
24.8864 7.7056 -1.3986 0.3472
-5.5192 -8.8473 -1.6389 0.3341
31.0656 6.9034 -1.3496 0.3106
9.1360 2.2336 -1.6669 0.3684
5.8706 -9.6755 -1.5600 0.3849
0.3984 -2.3670 -1.7462 0.3653
-0.9597 7.7618 -1.6071 0.3546
24.0780 -2.8353 -1.5615 0.3871
15.6501 3.5289 -1.6194 0.3592
21.4214 1.3133 -1.5794 0.3661
0.2650 1.7972 -1.7474 0.3528
-9.3138 -0.3840 -1.8363 0.3559
-19.7881 -0.3532 -1.9104 0.3473
21.5994 8.0529 -1.4267 0.3667
-0.0834 -1.7237 -1.7508 0.3282
5.5534 -6.1718 -1.5553 0.3584
3.1606 -1.6054 -1.7197 0.3329
0.8683 4.6583 -1.5924 0.3602
16.0340 -0.4952 -1.6137 0.3979
11.5240 4.6419 -1.5031 0.3640
33.3232 -5.2043 -1.3365 0.3735
-16.6658 1.6552 -1.8899 0.3680
9.4112 7.2865 -1.5277 0.3035
-21.2056 0.5860 -1.9192 0.3474
23.4751 2.7364 -1.5656 0.3590
11.9787 3.5761 -1.6468 0.3082
0.7027 4.7936 -1.5939 0.3443
23.1341 -2.9942 -1.5678 0.3484
2.3002 2.5369 -1.7283 0.3254
-11.3328 -1.6766 -1.8658 0.3306
3.3500 -2.1808 -1.7183 0.3767
-20.7501 -0.4960 -1.9163 0.2784
28.8717 -1.8437 -1.5290 0.3554
18.8575 -9.4826 -1.4518 0.3733
20.6189 4.8399 -1.4348 0.3495
27.4696 1.6868 -1.5393 0.3782
22.4944 -7.2484 -1.4194 0.3415
0.9112 -4.7738 -1.5921 0.3319
-17.8818 2.2207 -1.8976 0.3498
-2.5981 0.3603 -1.7753 0.3424
31.0451 4.4684 -1.3569 0.3386
31.9454 -0.2154 -1.5064 0.3464
21.0723 6.8927 -1.4314 0.3342
-12.7342 -8.4509 -1.6960 0.3332
-13.3330 2.2638 -1.8659 0.3276
27.7863 -2.5690 -1.5359 0.3583
-16.4850 -3.8631 -1.8861 0.3300
10.0482 8.8728 -1.5268 0.3252
-2.3049 7.2761 -1.6174 0.3285
-6.8793 -6.3257 -1.6549 0.3541
15.6429 -8.8513 -1.4800 0.3634
32.5741 7.3451 -1.3363 0.3650
21.6580 -6.6141 -1.4266 0.3543
4.1698 8.5650 -1.5704 0.3607
1.4427 -4.4536 -1.5873 0.3489
29.4599 -1.7669 -1.5247 0.3591
9.6864 -9.1003 -1.5302 0.3588
4.7983 0.7506 -1.7038 0.3354
15.9702 -6.2253 -1.4721 0.3285
-10.7708 -1.3785 -1.8474 0.3770
-21.1759 8.3881 -1.7696 0.3525
26.3067 -4.9485 -1.3924 0.3710
11.4357 2.6984 -1.6492 0.3280
-15.1074 -5.9602 -1.7216 0.3419
-7.1171 2.1969 -1.8159 0.3225
34.3960 -4.2169 -1.4802 0.3629
13.0654 3.6313 -1.6386 0.3377
13.1667 5.4125 -1.4923 0.3389
-20.6702 7.6135 -1.7652 0.3891
33.1395 8.3719 -1.3291 0.3633
28.5670 -5.1740 -1.3745 0.3631
7.8669 -7.4201 -1.5402 0.3260
-6.4367 -9.0297 -1.6452 0.3128
16.8833 4.4072 -1.4618 0.3694
25.0025 -6.2622 -1.4000 0.3052
22.1673 6.0033 -1.4228 0.3400
33.6228 9.2964 -1.3233 0.3338
13.2113 -7.0407 -1.4964 0.3315
-5.7265 -4.3334 -1.6501 0.3412
4.8757 0.4813 -1.7030 0.3289
23.9790 -1.3890 -1.5631 0.3257
-9.0794 -1.4812 -1.8336 0.3551
-11.1155 -5.6579 -1.6908 0.3713
18.4901 7.7843 -1.4537 0.3153
1.6656 3.6318 -1.7348 0.3539
23.9942 -6.9226 -1.4072 0.3608
-16.3790 -9.9112 -1.7251 0.3589
-4.8582 5.2537 -1.6409 0.3456
-8.9140 -9.6828 -1.6625 0.3381
16.8721 7.6083 -1.4673 0.3652
20.5598 0.5885 -1.5848 0.3567
2.3602 8.6017 -1.5834 0.3121
3.6818 5.4371 -1.5692 0.3456
-17.0781 7.8869 -1.7341 0.3511
17.1097 4.8764 -1.4609 0.3281
34.5391 1.5323 -1.4836 0.3451
21.6753 -6.5388 -1.4265 0.3598
-11.6133 4.5529 -1.6979 0.3335
12.3874 1.8461 -1.6406 0.3547
-7.3026 -0.9068 -1.8188 0.3302
-23.1894 1.1718 -1.9317 0.3253
-14.2106 -5.3549 -1.7160 0.3623
-18.8444 -1.9115 -1.9041 0.3735
-13.2440 -7.5160 -1.7026 0.3263
22.7363 -1.8046 -1.5710 0.3691
-7.4301 -0.6614 -1.8201 0.3497
20.4224 7.1554 -1.4368 0.3057
31.9318 0.5436 -1.5064 0.3213
9.4564 8.1774 -1.5298 0.3622
4.1245 9.3584 -1.5718 0.3175
20.0076 -9.0202 -1.4410 0.3376
-19.1746 1.9429 -1.9062 0.3484
0.6927 -4.0153 -1.7438 0.3590
4.9295 7.0265 -1.5621 0.3537
24.8631 -0.1184 -1.5577 0.3814
23.8531 -8.4383 -1.4066 0.3337
25.8959 -5.6999 -1.3940 0.3520
16.8724 3.4778 -1.6106 0.3591
6.8333 -8.4077 -1.5505 0.3642
24.6728 -2.4184 -1.5579 0.3710
27.3969 7.4324 -1.3780 0.3413
3.8291 -9.4160 -1.5740 0.3630
34.1397 3.9240 -1.4830 0.3315
27.4891 3.5097 -1.5365 0.3484
5.6282 -3.5853 -1.6994 0.3600
-20.8427 -7.7457 -1.7667 0.3695
-11.5305 -7.9519 -1.6874 0.3614
21.5839 9.3846 -1.4265 0.3518
-18.3307 3.5383 -1.8996 0.3484
3.1880 -2.4802 -1.7200 0.3610
11.2911 6.6709 -1.5108 0.3938
27.7008 -7.9333 -1.3743 0.3671
25.8268 -7.4614 -1.3911 0.3576
20.8567 -6.0487 -1.4331 0.3226
-0.5383 5.2712 -1.6045 0.3331
-16.4650 -1.8221 -1.8884 0.3435
15.1790 2.8515 -1.6217 0.3682
-14.1227 -5.3510 -1.7153 0.3313
8.6789 5.5460 -1.5284 0.3628
33.8407 6.0333 -1.3300 0.3524
8.0186 -1.7348 -1.6757 0.3571
13.7334 -5.8144 -1.4889 0.3457
15.6545 2.6010 -1.6180 0.3381
24.8233 -4.8773 -1.4037 0.3305
1.0988 -7.0341 -1.5916 0.3622
4.8506 2.3160 -1.7045 0.3485
-14.4417 0.2582 -1.8754 0.3285
11.8808 5.6691 -1.5032 0.3545
-7.2545 -4.1538 -1.8134 0.4185
5.4575 -5.4940 -1.5546 0.3460
20.9934 2.8105 -1.5821 0.3831
-23.9458 4.0212 -1.9388 0.2983
8.8349 -1.7327 -1.6688 0.3446
-14.5933 -1.1528 -1.8761 0.3691
-8.2370 -7.5291 -1.6624 0.3503
-22.9172 -0.6116 -1.9299 0.3371
-14.8322 9.2266 -1.7123 0.3495
34.1978 -7.7260 -1.3225 0.3697
34.9114 1.3594 -1.4805 0.3929
18.1909 -9.6322 -1.4581 0.3713
11.7114 -3.4925 -1.6487 0.3399
21.6204 5.2229 -1.4274 0.3453
28.7933 1.3432 -1.5301 0.3455
6.1583 -8.3774 -1.5555 0.3327
-22.8830 -0.9634 -1.9297 0.3469
17.5637 -8.4185 -1.4625 0.3445
34.0761 -2.5294 -1.4863 0.3260
-9.5168 5.3791 -1.6788 0.3668
2.8079 -4.8350 -1.5758 0.3584
-3.3235 -0.9322 -1.7822 0.3372
-1.5720 0.0068 -1.7654 0.3530
18.2840 7.0655 -1.4546 0.3307
-2.2957 -7.5699 -1.6171 0.3390
31.4650 1.0084 -1.5099 0.3638
22.3795 -9.3842 -1.4192 0.3594
-23.3412 -8.1333 -1.7886 0.3397
24.1129 -5.5855 -1.4080 0.3562
21.3714 4.3943 -1.4294 0.3485
5.9896 -9.1778 -1.5583 0.3301
4.8090 8.9014 -1.5664 0.3467
25.1316 -1.4466 -1.5555 0.3586
0.4871 6.7730 -1.5962 0.3561
-15.4323 -5.5625 -1.7250 0.3161
-6.2261 -3.2438 -1.8065 0.3533
-9.0879 4.5403 -1.6777 0.3505
15.8635 -2.4161 -1.6163 0.3120
-14.2676 0.1498 -1.8742 0.3338
13.6863 6.1850 -1.4902 0.3598
2.9580 3.0219 -1.7226 0.3777
25.3797 6.7175 -1.3962 0.3172
4.0999 -8.2703 -1.5705 0.3696
30.7882 2.1614 -1.5139 0.3124
29.0281 2.0241 -1.5276 0.3780
-13.8827 2.1420 -1.8701 0.3452
16.1700 1.7762 -1.6135 0.3357
-12.1225 4.4768 -1.7021 0.3571
24.3983 6.8807 -1.4039 0.3308
13.1434 -5.4080 -1.4925 0.3603
-7.3529 -7.9087 -1.6546 0.3475
-10.0526 -8.5205 -1.6741 0.2738
0.7747 -6.8314 -1.5940 0.3338
23.0434 3.1191 -1.5683 0.3538
22.7697 -1.6700 -1.5708 0.3713
-22.9974 -3.0102 -1.9313 0.3566
-6.8628 8.1990 -1.6502 0.3710
0.3711 8.0035 -1.5973 0.3321
10.1349 0.7778 -1.7485 0.3646
-16.0284 -0.8300 -1.8861 0.3649
-4.8830 -4.5912 -1.6424 0.3174
28.1358 -0.8020 -1.5353 0.3720
3.5929 -1.7816 -1.7157 0.3565
19.6486 -9.8610 -1.4446 0.3444
4.0867 5.1715 -1.5654 0.3440
2.8990 -1.2285 -1.7220 0.3292
12.3155 -5.5430 -1.4994 0.3626
-9.4381 3.3252 -1.8335 0.3560
-10.0119 -1.0466 -1.8417 0.3617
34.3612 -3.7254 -1.4816 0.3516
27.1395 -5.3838 -1.3850 0.3541
19.2653 -8.8172 -1.4476 0.3441
-16.7713 0.0604 -1.8912 0.3715
-23.1865 -2.4911 -1.9323 0.3621
-14.4752 -9.1934 -1.7092 0.3535
31.2639 6.2481 -1.3500 0.3473
23.9774 6.1657 -1.4083 0.3146
6.3846 -0.1995 -1.6891 0.3103
33.1268 6.7780 -1.3336 0.3426
-16.2051 -0.3799 -1.8874 0.3754
8.5490 -6.6219 -1.5326 0.3359
-14.0067 0.3520 -1.8724 0.3367
-6.6143 -3.7487 -1.8089 0.3306
31.4081 -0.9527 -1.5104 0.3242
27.0967 9.4134 -1.3765 0.3317
-18.8921 -2.8894 -1.9039 0.3556
-10.0274 -5.6822 -1.6820 0.3402
10.6704 -7.4290 -1.5180 0.3393
-21.3188 7.6786 -1.7708 0.3375
8.0051 -9.7012 -1.5444 0.3547
10.0695 8.1491 -1.5248 0.3578
-7.5420 -8.7646 -1.6540 0.3126
-7.4126 5.0532 -1.6626 0.3348
-11.2552 -4.1270 -1.8462 0.3482
31.1406 -5.0019 -1.3547 0.3588
-1.6677 -6.4013 -1.6133 0.3526
10.1161 -7.3097 -1.5221 0.3665
-6.9055 -8.6753 -1.6494 0.3218
17.1598 -6.8991 -1.4637 0.3583
-18.9135 1.7695 -1.9046 0.3910
-20.7015 1.3936 -1.9160 0.3510
19.6570 -4.3785 -1.4417 0.3518
18.6001 3.5976 -1.5986 0.3604
-9.0999 5.3926 -1.6754 0.3391
-3.6972 9.6035 -1.6249 0.3311
32.4356 -1.2046 -1.5018 0.3512
-18.7402 -2.5082 -1.9031 0.3169
-14.0112 9.4635 -1.7047 0.3579
0.8023 8.8431 -1.5944 0.3613
-8.0741 8.5390 -1.6586 0.3179
13.9405 2.1757 -1.6296 0.3533
16.4361 2.3546 -1.6123 0.3457
6.5833 8.5596 -1.5527 0.3796
11.6718 -0.4036 -1.6449 0.3762
1.0052 -5.7305 -1.5917 0.3668
20.6232 9.7052 -1.4354 0.3742
-22.4741 6.8414 -1.7802 0.3427
-6.2265 -8.8789 -1.6440 0.3552
16.0658 -7.7507 -1.4743 0.3450
-5.2213 7.6424 -1.6389 0.3301
-20.2879 -3.9783 -1.9129 0.3517
-4.2992 3.9277 -1.7884 0.3483
17.6897 -7.6436 -1.4604 0.3460
-17.6809 -6.5893 -1.7410 0.3488
18.4779 4.9473 -1.4508 0.3512
21.5273 9.5858 -1.4270 0.3678
13.1180 0.0440 -1.6340 0.3383
-10.3460 -9.1417 -1.6749 0.3244
23.3177 -5.3137 -1.4145 0.3636
-12.1334 -5.7460 -1.6986 0.3671
29.3493 8.7054 -1.3587 0.3572
17.3987 -1.6170 -1.6052 0.3272
-21.7168 8.9535 -1.7746 0.3474
22.9572 7.1917 -1.4155 0.3557
5.3860 -0.9839 -1.6985 0.3286
2.1589 -9.5028 -1.5855 0.3347
0.2307 9.4590 -1.5985 0.3471
11.3978 -9.7986 -1.5180 0.3737
18.4747 7.1226 -1.4531 0.3545
28.7586 -1.7354 -1.5300 0.3385
-8.6233 -3.9738 -1.8253 0.3460
12.8466 -1.8340 -1.6371 0.3367
16.1806 -2.8618 -1.6146 0.3418
15.4878 3.7824 -1.6210 0.3644
4.5800 1.4545 -1.7062 0.3116
-1.5386 -4.8619 -1.6133 0.3763
20.7427 0.5500 -1.5837 0.3938
-6.9994 -1.9010 -1.8153 0.3533
-12.5168 8.4129 -1.6943 0.3334
7.7498 7.8476 -1.5422 0.3733
-8.9433 2.3469 -1.8313 0.3556
-23.0060 9.3074 -1.7866 0.3395
-21.9055 -2.4975 -1.9238 0.3306
16.7006 -8.2406 -1.4697 0.3419
33.3888 -9.0470 -1.3256 0.3539
2.2813 6.6689 -1.5821 0.3679
-16.1763 -2.3302 -1.8860 0.3557
24.0850 7.2055 -1.4061 0.3591
-9.3138 -0.8253 -1.8361 0.3433
34.7376 -9.7765 -1.3140 0.3671
8.7958 0.5730 -1.6681 0.3459
-11.0420 1.8909 -1.8490 0.3868
4.7603 -0.9698 -1.7043 0.3369
-4.8771 6.7607 -1.6381 0.3579
21.7683 2.8802 -1.5770 0.3938
-18.6510 -2.7052 -1.9024 0.3708
26.4202 4.3800 -1.3927 0.3649
21.0402 -3.6077 -1.5818 0.3559
26.6818 6.7710 -1.3854 0.3511
28.6996 -4.3979 -1.3754 0.3465
-11.2133 3.3322 -1.8477 0.3388
6.2603 -1.6982 -1.6911 0.3193
25.9953 -7.9763 -1.3886 0.3628
-2.3567 2.5941 -1.7722 0.3192
-21.3755 -2.3389 -1.9204 0.3630
-7.5019 2.6853 -1.8185 0.3438
-10.4848 0.7981 -1.8456 0.3309
27.2038 -9.1681 -1.3760 0.3781
2.8308 -5.9004 -1.5769 0.3210
16.0127 4.0084 -1.6175 0.3367
32.7271 -0.6469 -1.4998 0.3385
-7.0487 -0.6706 -1.8167 0.3530
20.6720 -9.9520 -1.4350 0.3377
-23.6342 -3.9440 -1.9365 0.3792
-18.7530 3.3893 -1.9026 0.3226
-15.2881 7.7398 -1.7191 0.4317
-6.2549 1.4801 -1.8091 0.3288
-0.8208 0.8129 -1.7580 0.4091
3.6210 -0.5937 -1.7149 0.3719
-10.2801 3.5696 -1.8398 0.3478
-21.0271 5.9626 -1.7682 0.3545
15.6514 -5.5863 -1.4733 0.3424
-23.5803 4.2795 -1.9364 0.3569
23.5682 -5.1229 -1.4128 0.3353
30.7493 -9.3642 -1.3457 0.3642
17.6221 -8.5064 -1.4620 0.3536
10.7576 -9.0692 -1.5216 0.3302
14.4211 -4.3965 -1.4801 0.3585
14.1333 -7.4565 -1.4899 0.3573
30.9023 -8.2959 -1.3470 0.3357
32.8584 -7.0483 -1.3349 0.3414
0.6027 -9.2360 -1.5959 0.3602
12.0248 -3.1290 -1.6455 0.3718
23.1684 6.4563 -1.4145 0.3472
-24.9377 1.0756 -1.9430 0.3686
6.6210 -8.7007 -1.5527 0.3733
14.1726 -2.5015 -1.6284 0.3761
18.0323 -1.4033 -1.6010 0.3583
-2.8726 -6.5518 -1.6226 0.3320
-7.2613 -2.5398 -1.8167 0.3678
-14.0714 -3.2649 -1.8696 0.3462
8.4689 -0.1238 -1.6708 0.3601
30.1582 3.9458 -1.5152 0.3374
28.7587 -0.4233 -1.5309 0.3380
-3.4020 -8.5209 -1.6241 0.3360
-9.5287 -8.8954 -1.6690 0.3235
22.3276 7.7592 -1.4205 0.3383
18.4988 3.8953 -1.5996 0.3293
5.3204 3.1436 -1.7014 0.3613
-1.6582 8.2640 -1.6119 0.3287
-17.5721 0.8301 -1.8963 0.3366
22.1083 -8.5255 -1.4220 0.3501
12.0479 4.2877 -1.6480 0.3862
-2.3871 -6.7546 -1.6186 0.3362
30.1273 3.3239 -1.5169 0.3224
14.5804 -1.9858 -1.6247 0.3238
30.7543 -9.4355 -1.3455 0.3328
3.4647 -8.8894 -1.5759 0.3369
2.2771 -2.1473 -1.7283 0.3961
31.2344 1.8909 -1.5108 0.3693
32.5875 -6.5821 -1.3384 0.3437
32.6460 -7.8650 -1.3343 0.3871
24.1338 -2.4754 -1.5614 0.3377
2.7444 6.0836 -1.5778 0.3418
-12.3820 5.6801 -1.7008 0.3406
-1.9935 3.6828 -1.7681 0.3705
31.2978 -1.4929 -1.5108 0.3486
-3.1867 -1.1612 -1.7808 0.3801
20.4030 -5.4811 -1.4366 0.3587
30.3803 -7.2572 -1.3541 0.3682
33.2235 -9.6832 -1.3255 0.3137
31.8604 7.2030 -1.3424 0.3160
8.3035 -0.0763 -1.6722 0.3167
4.5128 -9.9391 -1.5699 0.3414
34.2584 0.5835 -1.4867 0.3192
-11.9092 -4.8335 -1.6994 0.3748
-13.7482 -1.4527 -1.8699 0.3460
32.7909 3.4482 -1.4953 0.3623
16.3517 6.1949 -1.4690 0.3402
7.1782 4.0096 -1.6869 0.3665
-17.0770 7.9260 -1.7340 0.3107
5.7944 -5.3051 -1.5514 0.3490
31.6533 3.2277 -1.5051 0.3600
11.1735 7.7966 -1.5150 0.3617
-0.7223 -3.8300 -1.7565 0.3436
8.0662 5.9890 -1.5346 0.3158
28.1687 8.8043 -1.3684 0.3702
29.7709 2.8775 -1.5206 0.3422
-0.9947 -6.7147 -1.6078 0.3439
11.4837 -4.7828 -1.5038 0.3944
-8.2478 3.5996 -1.8230 0.3519
2.0651 7.3235 -1.5844 0.3396
-11.8070 -9.5249 -1.6859 0.3384
6.8883 -3.4734 -1.6882 0.3629
9.6944 -5.3286 -1.5196 0.3336
-4.7298 -1.5588 -1.7951 0.3602
-8.6729 5.3696 -1.6720 0.3720
-15.9385 0.0561 -1.8857 0.3482
-16.6274 0.3658 -1.8902 0.3698
17.6877 2.1805 -1.6037 0.3486
-11.7017 0.3135 -1.8554 0.3363
-17.9214 3.7652 -1.8965 0.3167
34.9323 -7.8593 -1.3166 0.3555
-9.4050 -9.5440 -1.6666 0.3559
28.7629 6.5358 -1.3692 0.3696
11.5512 -0.4218 -1.6458 0.3677
17.9042 -4.0305 -1.6039 0.3913
8.6551 -0.9139 -1.6695 0.3384
-14.1513 3.0018 -1.8707 0.3571
25.8231 -7.5659 -1.3909 0.3362
24.6784 0.4722 -1.5589 0.3686
-4.0189 -7.7858 -1.6297 0.3315
20.8310 7.1914 -1.4334 0.3683
7.5824 1.2477 -1.6790 0.3353
29.5429 6.2172 -1.3638 0.3653
23.1695 4.4201 -1.4164 0.3741
-22.5403 6.3051 -1.7803 0.3189
27.7566 -3.1639 -1.5351 0.3231
33.1140 -7.2107 -1.3324 0.3547
19.5294 7.8321 -1.4447 0.3526
-17.8052 7.6928 -1.7406 0.3442
23.4426 7.6655 -1.4110 0.3405
13.8493 9.7854 -1.4973 0.3329
-4.6704 1.9233 -1.7942 0.3566
28.0418 0.2499 -1.5361 0.3307
8.9340 5.9466 -1.5275 0.3573
26.1757 -7.7973 -1.3875 0.3385
15.2068 5.6609 -1.4769 0.3415
-7.6890 6.2445 -1.6616 0.3743
33.5011 1.5438 -1.4926 0.3691
9.2603 -2.2416 -1.6659 0.3301
6.0053 3.1245 -1.6953 0.3325
-0.7894 8.3004 -1.6056 0.3656
-16.8193 -6.8407 -1.7336 0.3213
16.1728 -3.7779 -1.6160 0.3791
0.8480 3.4284 -1.7422 0.3527
31.0767 6.6643 -1.3502 0.3384
32.9058 3.0414 -1.4952 0.3502
21.0585 1.8169 -1.5817 0.3772
-10.4503 -8.2852 -1.6778 0.3074
17.9588 -1.3257 -1.6014 0.3705
-23.7747 7.8035 -1.7920 0.3739
24.5840 -2.7672 -1.5581 0.3436
4.6171 -2.3799 -1.7067 0.3486
31.2044 -2.8489 -1.5094 0.3527
-2.3344 -2.7450 -1.7719 0.3647
-9.2096 -1.9048 -1.8342 0.3354
34.7034 5.4673 -1.3245 0.3497
6.8407 -0.8987 -1.6853 0.3480
26.7910 2.1417 -1.5436 0.3636
29.6634 -1.1516 -1.5238 0.4035
6.1081 7.4767 -1.5539 0.3353
2.3428 -6.4250 -1.5814 0.3516
8.1732 -7.5420 -1.5381 0.3348
25.8644 -1.8455 -1.5503 0.3402
32.8796 9.4858 -1.3286 0.3285
-5.3007 3.9959 -1.7970 0.3194
19.3178 2.3254 -1.5930 0.3737
-7.8775 -2.1933 -1.8225 0.3571
11.6572 -4.0970 -1.6506 0.3519
23.2874 9.1316 -1.4110 0.3325
28.1892 -1.4616 -1.5344 0.3485
1.9230 4.2217 -1.7329 0.3269
-2.8147 6.2088 -1.6226 0.3495
-9.7929 3.1505 -1.8368 0.3567
-16.9950 -5.3479 -1.7375 0.3391
-3.1049 -4.2403 -1.7775 0.3349
27.3187 -9.5403 -1.3743 0.3402
0.1286 9.3876 -1.5991 0.3663
-5.9624 6.6931 -1.6467 0.3540
19.3479 -1.9198 -1.5927 0.3179
-12.0649 7.8484 -1.6921 0.3645
-9.6228 -6.9264 -1.6751 0.3609
31.1545 -9.1592 -1.3429 0.3537
-20.1046 -7.2941 -1.7605 0.3829
-0.1221 7.6684 -1.6009 0.3505
9.6051 -6.7902 -1.5247 0.3586
-11.1844 -8.6375 -1.6829 0.3594
-8.1393 -6.2891 -1.6651 0.3675
-11.6893 -1.6987 -1.9389 0.3455
-4.2889 -0.0714 -1.7915 0.3371
28.9103 -5.2817 -1.3715 0.3695
0.8952 6.1143 -1.5928 0.3684
0.0697 9.1969 -1.5995 0.3755
-1.8051 -4.1833 -1.7660 0.3583
32.8469 8.6218 -1.3308 0.3170
-17.9620 6.3584 -1.7436 0.3533
27.3125 7.7204 -1.3781 0.3507
-5.3703 -8.8060 -1.6379 0.3746
32.3907 6.6808 -1.3397 0.3712
-6.0864 1.7185 -1.8073 0.3623
-20.0275 -9.2348 -1.7591 0.3085
6.2025 5.0730 -1.5475 0.3335
-11.3281 -5.1657 -1.6939 0.3427
20.1794 5.9415 -1.4384 0.3432
14.4383 2.5198 -1.6265 0.3533
16.1882 -0.1534 -1.6126 0.3796
-13.3906 -9.5323 -1.6992 0.3656
17.5178 7.7935 -1.4620 0.3316
-6.3201 -7.0487 -1.6487 0.3334
34.9204 6.5939 -1.3198 0.3316
18.9061 3.7633 -1.5966 0.3477
10.4247 -8.6085 -1.5232 0.3661
27.0271 0.8443 -1.5431 0.3693
10.3587 9.2351 -1.5252 0.3425
8.1650 8.4562 -1.5405 0.3494
-10.7611 -7.0740 -1.6837 0.3835
15.6867 -6.5363 -1.4750 0.3203
-2.5213 -6.9273 -1.6195 0.3628
-22.4150 5.1235 -1.7786 0.3606
23.9637 -6.7849 -1.4076 0.3441
-21.8876 -8.7084 -1.7761 0.3496
15.3380 -2.1934 -1.6197 0.3584
-15.5967 9.3378 -1.7188 0.3441
0.9542 -3.8348 -1.7414 0.3372
26.5455 4.4847 -1.3915 0.3357
-19.3348 -7.1208 -1.7541 0.3872
15.0290 2.4229 -1.6221 0.3412
11.7571 1.6233 -1.6451 0.3540
27.0518 8.0835 -1.3794 0.3657
-14.6359 4.3311 -1.7217 0.3458
22.9872 -7.5843 -1.4149 0.3507
2.0073 -1.9040 -1.7308 0.3601
0.7186 -9.9889 -1.5953 0.3330
-3.2929 -5.1801 -1.6279 0.3193
-1.8656 9.4265 -1.6126 0.3354
6.1976 -0.8852 -1.6910 0.3846
-18.5920 7.3516 -1.7476 0.3385
0.5040 -9.5254 -1.5966 0.3526
14.1189 7.6012 -1.4904 0.3235
4.8915 7.7879 -1.5638 0.3768
-15.0502 3.0687 -1.8771 0.3440
-3.2169 -7.6750 -1.6238 0.3409
1.5777 7.5203 -1.5882 0.3473
15.1325 7.9973 -1.4828 0.4003
29.0460 -5.9791 -1.3685 0.3588
8.0225 8.8033 -1.5424 0.3469
15.5821 7.6208 -1.4782 0.2923
-20.3686 -5.9025 -1.7630 0.3771
32.2680 -2.1236 -1.5021 0.3361
-6.0875 -3.2664 -1.8052 0.3329
-3.7425 -0.0355 -1.7863 0.3347
-11.6294 7.7800 -1.6887 0.3793
-19.9198 7.4869 -1.7588 0.3492
22.4028 -6.4865 -1.4206 0.3196
-10.5706 1.0227 -1.8462 0.3459
-8.0387 0.6807 -1.8254 0.3334
-14.0922 -0.9920 -1.8727 0.3572
33.4931 4.2942 -1.4875 0.3423
21.8621 2.9194 -1.5763 0.3186
30.7940 -4.4978 -1.3588 0.3484
26.7034 -3.0366 -1.5430 0.3489
29.3778 7.7674 -1.3608 0.3249
3.7420 -3.4846 -1.7160 0.3108
-14.7675 -1.1183 -1.8774 0.3557
-5.3872 9.4579 -1.6369 0.3444
-7.4529 7.1456 -1.6573 0.3457
18.0280 3.9793 -1.6030 0.3649
-23.4596 -3.9195 -1.9352 0.3112
-16.4775 2.5750 -1.8878 0.3512
15.9731 2.8404 -1.6160 0.3633
-17.5935 -1.7688 -1.8960 0.3463
-22.1025 -9.2776 -1.7782 0.3217
-18.4471 -2.6694 -1.9010 0.3368
16.4404 0.1627 -1.6110 0.3410
-16.6405 9.0028 -1.7286 0.3184
-16.2217 4.5499 -1.7331 0.3574
-11.1820 -7.8415 -1.6849 0.3501
20.0546 -3.9716 -1.5887 0.3371
-12.9788 0.4337 -1.8649 0.3697
-22.8775 -0.9777 -1.9297 0.3396
29.3518 -9.8975 -1.3562 0.3796
27.5791 8.7020 -1.3736 0.3446
-13.9109 8.0808 -1.7068 0.3309
-9.0794 8.4749 -1.6665 0.3315
-13.6865 -1.4289 -1.8695 0.3518
18.1721 6.6675 -1.4551 0.3286
-9.9995 4.1707 -1.8360 0.3529
30.8870 0.2349 -1.5148 0.3420
24.6585 -8.4574 -1.3995 0.3415
10.3041 -6.6430 -1.5186 0.3492
-24.4637 -5.2353 -1.7941 0.3701
28.0202 7.9182 -1.3717 0.3391
18.6657 3.3074 -1.5980 0.3537
22.2744 9.6606 -1.4200 0.3589
-20.6905 1.3286 -1.9160 0.3258
17.5136 -8.3059 -1.4628 0.3605
23.2754 -0.4447 -1.5679 0.3663
32.3981 -7.7643 -1.3365 0.3693
9.8282 8.0273 -1.5264 0.3278
5.4825 -4.4313 -1.5522 0.3292
0.5238 -6.0546 -1.5958 0.3489
17.0773 0.2326 -1.6068 0.3478
30.2493 6.1417 -1.3584 0.3504
10.9853 0.2070 -1.6502 0.3429
-11.3630 -9.2357 -1.6829 0.3537
-23.9456 4.8591 -1.7897 0.2989
12.1468 -9.3186 -1.5108 0.3632
26.8759 2.0876 -1.5431 0.3794
-21.0415 2.3387 -1.9182 0.3389
-1.1457 -5.8296 -1.6094 0.3540
31.4028 -1.0685 -1.5104 0.3836
5.1006 -9.8762 -1.5657 0.3507
-11.7605 -4.3264 -1.6996 0.3561
-3.7806 2.3870 -1.7856 0.3868
-0.5116 -4.3166 -1.6045 0.3907
-17.9626 -9.0474 -1.7404 0.3288
14.6475 3.4853 -1.6266 0.3418
10.5299 4.8479 -1.5115 0.3679
13.8634 7.2597 -1.4916 0.3599
11.6475 7.5109 -1.5104 0.3641
-23.9997 -0.0737 -1.9367 0.2976
-14.5322 -1.8528 -1.8751 0.3109
-15.0657 1.7173 -1.8789 0.3857
-19.1229 5.8534 -1.7533 0.3655
19.1285 -0.4934 -1.5938 0.3571
-17.7918 9.9033 -1.7380 0.3252
15.0916 2.7503 -1.6221 0.3417
-14.2966 -3.8379 -1.8702 0.3614
-17.9014 5.8742 -1.7438 0.3223
-15.2482 -6.9847 -1.7204 0.3359
5.5042 8.7157 -1.5610 0.3575
13.7290 -3.1930 -1.6328 0.3618
23.7155 3.7010 -1.5632 0.3395
-17.2863 2.5062 -1.8934 0.3696
11.9712 -8.0825 -1.5093 0.3690
21.4304 4.4324 -1.4289 0.3141
-6.2557 -3.7636 -1.8057 0.3828
-20.2171 -2.3764 -1.9128 0.3733
-15.6432 -8.0695 -1.7214 0.3541
-19.5065 6.2017 -1.7561 0.3473
28.2327 7.2054 -1.3717 0.3658
-2.3979 -7.3147 -1.6181 0.3607
6.4009 6.2522 -1.5487 0.3446
21.1213 7.9600 -1.4309 0.3821
-2.7101 -8.0541 -1.6196 0.3079
13.9462 9.9486 -1.4967 0.3367
-20.3992 -9.9090 -1.7624 0.3590
3.8543 6.8481 -1.5701 0.3490
-19.2089 1.1658 -1.9066 0.3640
-10.1030 9.1457 -1.6730 0.3221
-7.3996 -3.2380 -1.8166 0.3449
18.0550 -2.7830 -1.6017 0.3730
15.4463 6.8076 -1.4776 0.3201
19.8248 4.2137 -1.5904 0.3452
-21.2947 2.0104 -1.9198 0.3394
34.6349 2.8877 -1.4809 0.3573
-21.7348 3.6528 -1.9230 0.3579
24.5449 -9.0432 -1.3997 0.3519
19.4161 -7.6443 -1.4456 0.3442
10.5057 -6.3749 -1.5162 0.3513
1.3314 -6.4643 -1.5895 0.3467
20.4279 6.8581 -1.4367 0.3494
19.3915 -2.1098 -1.5925 0.3791
-16.7693 -0.2115 -1.8912 0.3260
22.5579 -8.2121 -1.4182 0.3568
-20.2866 7.4119 -1.7620 0.3312
5.0328 -9.7947 -1.5661 0.3891
13.7049 -8.3341 -1.4956 0.3518
24.3013 6.2422 -1.4056 0.3246
2.7866 -7.3881 -1.5790 0.3454
-10.7885 5.8672 -1.6876 0.3208
4.4396 -2.9916 -1.7090 0.3373
-9.9875 5.5220 -1.6822 0.3623
6.7235 -8.9929 -1.5526 0.3772
2.7505 -3.1748 -1.7246 0.3716
21.8303 -0.3745 -1.7386 0.3479
-10.5946 2.5141 -1.8445 0.3614
-13.0009 6.7244 -1.7028 0.3662
3.4511 -5.1106 -1.5707 0.3950
-21.9697 3.1778 -1.9245 0.3379
-11.2396 -6.9646 -1.6879 0.3802
-3.7777 5.9034 -1.6308 0.3282
4.2578 8.6644 -1.5699 0.3736
-8.8338 -9.0544 -1.6632 0.3376
8.6382 -8.4028 -1.5367 0.3363
27.7049 5.7508 -1.3797 0.3443
7.6236 7.6046 -1.5426 0.3345
-7.7896 2.9644 -1.8205 0.3585
-21.2811 -0.7763 -1.9197 0.3745
-16.8000 5.3813 -1.7360 0.3078
8.6730 -4.0058 -1.6744 0.3465
16.0225 9.8351 -1.4781 0.3283
-22.0199 6.9599 -1.7765 0.3681
-13.8670 7.7427 -1.7072 0.3784
-5.8551 7.0977 -1.6450 0.3465
-5.8136 8.6577 -1.6414 0.3359
32.5044 -8.7101 -1.3332 0.3177
-12.7738 8.1726 -1.6971 0.3890
-21.2488 -5.0279 -1.7698 0.3764
-3.8191 -2.8165 -1.7855 0.3104
-16.9335 -2.5886 -1.8909 0.3631
-17.4051 -5.3513 -1.7406 0.3278
-0.5530 -1.2315 -1.7554 0.3398
-6.6165 0.1104 -1.8130 0.3250
-19.4964 -7.0267 -1.7555 0.3100
11.2582 -2.8096 -1.6508 0.3491
5.1020 -3.0371 -1.7032 0.3879
-20.3740 3.4934 -1.9137 0.3315
26.7647 1.6157 -1.5443 0.3678
-7.9172 4.3222 -1.6686 0.3710
32.6828 5.6789 -1.3403 0.3644
30.8923 3.3401 -1.5109 0.3899
1.0458 -5.1751 -1.5911 0.3691
-11.2860 0.0424 -1.8522 0.3861
25.0912 -0.6685 -1.5562 0.3271
-3.3228 -8.5190 -1.6235 0.3649
-15.1870 7.8896 -1.7179 0.3802
8.0965 -8.1713 -1.5403 0.3346
4.3641 9.5289 -1.5704 0.2803
26.0011 -9.3651 -1.3862 0.3247
18.7569 4.5936 -1.4484 0.3355
27.5684 -4.2485 -1.5344 0.3612
19.0822 8.0943 -1.4488 0.3387
13.5305 6.4806 -1.4923 0.3501
5.0106 -9.4998 -1.5658 0.3379
34.2532 -9.5610 -1.3180 0.3474
32.5499 2.0638 -1.4999 0.3487
25.9312 -7.0082 -1.3911 0.3374
21.5192 -9.7168 -1.4271 0.3664
9.6536 9.3552 -1.5310 0.3776
-9.4148 2.6573 -1.8346 0.3270
27.5263 -9.7833 -1.3721 0.3543
-24.3510 -0.1896 -1.9389 0.3214
-11.3536 -6.8493 -1.6892 0.3149
-0.7761 6.1036 -1.6063 0.3707
10.1694 -9.4264 -1.5271 0.3901
8.6528 -2.5817 -1.6715 0.3434
-14.4511 -5.2394 -1.7182 0.3867
-18.7121 9.6175 -1.7468 0.3370
-11.6603 -8.4378 -1.6872 0.3453
-4.0775 4.3978 -1.6357 0.3834
-24.1568 -0.4394 -1.9377 0.3317
16.5473 6.3298 -1.4677 0.3683
-10.1364 -5.7151 -1.6828 0.3430
-3.9157 7.1059 -1.6300 0.3356
-4.9059 9.0073 -1.6342 0.3398
5.7098 -5.7378 -1.5531 0.3066
26.5880 -5.1451 -1.3898 0.3752
-16.0366 9.2734 -1.7228 0.3545
-4.5564 -1.3175 -1.7936 0.3470
16.5217 6.7049 -1.4686 0.3361
-22.3461 6.8486 -1.7791 0.3562
24.7987 -3.7829 -1.5554 0.3677
32.7095 -6.4243 -1.3379 0.3445
11.4582 -2.6694 -1.6490 0.3693
32.3905 1.8381 -1.5015 0.3555
-0.2163 -0.0583 -1.7521 0.3481
-0.0981 4.7359 -1.6009 0.3682
-18.6251 0.9762 -1.9030 0.3398
-22.8732 6.1103 -1.7828 0.3250
-10.3297 -7.9212 -1.6779 0.3489
3.6877 -1.2181 -1.7145 0.3507
5.4609 -9.6787 -1.5629 0.3456
-11.9455 -7.5839 -1.6918 0.3738
11.7683 -3.3699 -1.6480 0.3600
-14.1276 8.0303 -1.7087 0.3477
-5.4273 -2.3969 -1.8006 0.3499
-13.2574 -4.5307 -1.7107 0.3516
16.7998 3.4158 -1.6110 0.3605
5.9944 4.0694 -1.6971 0.3511
19.1661 -0.3734 -1.5935 0.3469
-21.5651 -4.2296 -1.9220 0.3233
0.5217 -3.9638 -1.7453 0.3358
33.0175 -6.2891 -1.3358 0.3555
-21.7828 -2.7482 -1.9231 0.3538
0.1027 -6.6349 -1.5992 0.3203
-22.5761 2.8585 -1.9284 0.3388
-16.2008 7.8938 -1.7265 0.3314
2.7516 -4.9149 -1.5764 0.3773
-15.5492 -5.1557 -1.7268 0.3550
6.1253 7.9631 -1.5549 0.3586
30.3639 1.3607 -1.5183 0.3487
-12.9755 4.5955 -1.7084 0.3375
-18.5688 7.7827 -1.7470 0.3411
24.5166 3.2995 -1.5580 0.3599
2.6162 4.8492 -1.5775 0.3448
27.9567 -2.2611 -1.5351 0.3601
-6.6326 8.7634 -1.6472 0.3529
12.6519 4.0780 -1.6428 0.3559
30.3988 -8.5661 -1.3504 0.3569
-14.6983 1.9043 -1.8762 0.3395
23.0437 -8.1069 -1.4140 0.3438
12.8910 0.4424 -1.6357 0.3682
23.7768 -8.2303 -1.4075 0.3865
-14.7584 2.5448 -1.8758 0.3684
1.0452 -0.8727 -1.7398 0.2942
-17.2698 1.0616 -1.8942 0.3348
32.6049 2.9790 -1.4978 0.3523
-21.2385 -4.9930 -1.7697 0.3280
-21.0710 -3.6096 -1.9184 0.3271
28.8894 -0.3586 -1.5300 0.3416
-6.9543 1.3262 -1.8154 0.3569
10.8212 8.4729 -1.5197 0.3624
-7.7515 -2.9619 -1.8201 0.3427
13.9255 1.8346 -1.6292 0.3411
-13.4518 8.4509 -1.7020 0.3331
2.5322 4.3565 -1.5777 0.3601
7.0095 -3.4332 -1.6871 0.3588
-4.9814 -1.7059 -1.7973 0.3681
-9.8980 7.5757 -1.6754 0.3526
-16.5876 -1.2463 -1.8896 0.3238
17.3687 -4.9591 -1.4591 0.3430
-14.9030 0.4614 -1.8786 0.3671
-7.4724 -6.2800 -1.6598 0.3153
-4.7855 1.6409 -1.7955 0.3483
2.2620 9.8300 -1.5850 0.3557
17.1541 9.3856 -1.4673 0.3901
0.6767 2.2760 -1.7436 0.3380
27.2656 7.7256 -1.3784 0.3476
15.7871 6.3031 -1.4737 0.3838
25.3092 9.0134 -1.3929 0.3382
17.9812 7.4619 -1.4576 0.3715
-16.0821 7.9966 -1.7253 0.3579
33.6756 -5.4091 -1.3330 0.3456
22.1952 -6.8396 -1.4221 0.3590
9.3633 -9.1206 -1.5328 0.3470
-15.0861 3.1861 -1.8771 0.3952
-14.6392 8.6701 -1.7116 0.3087
11.8599 9.8770 -1.5143 0.3444
-0.0282 7.0469 -1.6002 0.3449
15.5516 6.6202 -1.4763 0.3473
-2.6543 0.3777 -1.7759 0.3716
5.7707 -0.9608 -1.6950 0.3411
-13.7225 2.8063 -1.8679 0.3598
-15.6879 -9.5459 -1.7193 0.3546
-20.4613 5.8865 -1.7638 0.3668
24.1784 3.1497 -1.5605 0.3473
8.3232 -6.5990 -1.5343 0.3564
31.8285 2.7139 -1.5047 0.3475
19.9692 1.9894 -1.5887 0.3303
21.1258 5.7600 -1.4310 0.3820
5.5435 6.7495 -1.5567 0.3348
23.9272 -4.9316 -1.4103 0.3404
31.5238 6.2896 -1.3478 0.3329
18.3044 -6.3581 -1.4537 0.3580
-18.6647 -2.1157 -1.9028 0.3404
14.0612 -0.1471 -1.6272 0.3803
-17.7740 6.0986 -1.7424 0.3607
-20.3667 8.0216 -1.7625 0.3445
16.5740 -9.6557 -1.4729 0.3318
25.0871 4.7449 -1.4019 0.3478
-15.4695 7.5504 -1.7210 0.3604
-20.5511 9.0861 -1.7640 0.3491
28.1914 -4.6422 -1.3787 0.3472
-17.0674 -6.5408 -1.7361 0.3296
-22.8948 -0.0211 -1.9297 0.3949
18.2633 8.0201 -1.4559 0.3460
25.8629 -3.6877 -1.5480 0.3225
5.8684 0.1012 -1.6938 0.3285
7.3955 9.9111 -1.5493 0.3431
-4.7884 -0.8794 -1.7960 0.3889
-10.6922 2.5650 -1.8451 0.3466
20.3139 9.9119 -1.4384 0.3425
25.9571 -2.6548 -1.5488 0.3669
-5.7253 -4.5414 -1.6496 0.3684
-8.5708 -4.3452 -1.6739 0.3632
-8.9325 2.3403 -1.8312 0.3540
-21.9643 -6.7459 -1.7759 0.3279
-8.1355 -6.7096 -1.6639 0.3350
-23.4609 -4.7973 -1.7861 0.3182
22.3045 0.8187 -1.5739 0.3455
-9.6444 6.8835 -1.6754 0.3415
16.4093 0.5854 -1.6113 0.3394
7.5913 5.6528 -1.5376 0.3556
25.2478 9.1511 -1.3933 0.3369
32.6227 4.8000 -1.3433 0.3432
-2.9625 2.8558 -1.7776 0.3403
-19.6996 -9.8361 -1.7559 0.3494
19.9787 -1.0318 -1.5885 0.3573
-23.7219 -4.6390 -1.7878 0.3231
-11.6222 0.2485 -1.8548 0.3591
-21.8050 9.0217 -1.7754 0.3553
28.8889 -3.5911 -1.5258 0.3584
-24.6822 -6.7844 -1.7983 0.3527
4.5645 6.5179 -1.5639 0.3572
0.4399 9.8117 -1.5971 0.3417
14.1647 5.6014 -1.4850 0.3589
-7.6154 -7.2322 -1.6584 0.3729
27.4217 1.0139 -1.5402 0.3401
19.0607 -1.8962 -1.5945 0.3408
0.9377 2.6687 -1.7412 0.3626
-3.5184 3.3722 -1.7822 0.3389
23.9533 6.1418 -1.4086 0.3356
20.4236 -5.1983 -1.4364 0.3584
-1.0600 9.2936 -1.6072 0.3414
-4.5177 -5.7062 -1.6372 0.3744
-22.6667 -7.5180 -1.7823 0.3407
-20.0976 6.5774 -1.7607 0.3336
-21.7649 -0.7350 -1.9227 0.3499
-23.5351 -0.1954 -1.9337 0.3587
-15.8277 -3.6253 -1.8818 0.3564
26.4285 -9.0717 -1.3829 0.3608
22.8896 -6.1280 -1.4170 0.3389
25.7344 5.2327 -1.3962 0.3727
12.4280 -5.5119 -1.4984 0.3169
12.4438 9.8533 -1.5094 0.3344
-17.5641 5.7245 -1.7413 0.3508
16.9379 6.9718 -1.4657 0.3361
-8.1984 7.4656 -1.6623 0.3438
6.1552 4.3781 -1.5464 0.3304
32.2834 -0.6763 -1.5035 0.3458
27.2369 8.3402 -1.3773 0.3593
-11.0084 -1.4695 -1.8492 0.3393
19.1990 -8.0836 -1.4478 0.3324
-18.7546 1.9289 -1.9035 0.3408
-23.3955 -7.8887 -1.7888 0.3721
-23.3095 3.1078 -1.9335 0.3719
-14.7852 9.9505 -1.7107 0.3404
16.6969 3.5042 -1.6119 0.3602
-3.2016 -5.7890 -1.6263 0.3496
-24.0435 -7.2428 -1.7936 0.3757
34.2814 -2.8723 -1.4840 0.3538
7.0027 -7.0847 -1.5461 0.3460
-1.3672 1.3939 -1.7632 0.3820
6.1310 5.6620 -1.5495 0.3315
6.1983 3.1628 -1.6936 0.3564
3.2142 2.3440 -1.7197 0.3773
11.7769 -1.2879 -1.6446 0.3633
28.1376 -6.5454 -1.3742 0.3347
-6.8972 2.7556 -1.8131 0.3337
4.2181 -1.6130 -1.7097 0.3218
-24.7814 -3.8908 -1.9446 0.3797
26.5889 3.1857 -1.5436 0.3273
-6.6458 -2.4293 -1.8114 0.3643
-8.7222 -6.6334 -1.6688 0.3215
34.8522 -0.3297 -1.4816 0.4011
10.0636 -4.2163 -1.6636 0.3229
-17.6174 4.6698 -1.7432 0.3509
-9.0685 -9.0587 -1.6650 0.3742
-3.8064 7.0569 -1.6292 0.3359
34.1636 -0.7731 -1.4875 0.3613
0.8373 -9.6811 -1.5944 0.3444
-11.1920 -7.3328 -1.6864 0.3578
9.1839 8.9088 -1.5337 0.3716
-0.7144 0.7401 -1.7570 0.3414
-21.7024 5.3709 -1.7733 0.3799
26.6552 7.6555 -1.3837 0.3570
-24.0587 -3.5939 -1.9391 0.3890
28.9090 0.9383 -1.5296 0.3334
22.5115 3.0065 -1.5720 0.3372
-20.4506 6.8317 -1.7635 0.3454
18.4167 -1.5982 -1.5986 0.3257
21.2565 9.0351 -1.4296 0.3685
11.1384 2.1424 -1.6506 0.3485
9.6602 7.4774 -1.5262 0.3271
-22.0188 -8.3328 -1.7771 0.3335
-21.4302 -0.7332 -1.9206 0.3326
18.6373 -6.4166 -1.4510 0.3685
-18.6661 8.2377 -1.7474 0.3591
-10.4894 -5.3003 -1.6868 0.3473
4.9302 4.2596 -1.7066 0.3427
-15.1502 -8.7426 -1.7159 0.3452
22.3904 -5.9831 -1.4211 0.3856
23.4427 -3.6030 -1.5652 0.3453
25.5286 5.6375 -1.3970 0.3672
-22.0259 -4.9767 -1.7756 0.3434
0.6724 6.3377 -1.5946 0.3836
25.8151 5.7722 -1.3945 0.3256
-3.2068 9.8441 -1.6213 0.3661
16.7492 3.5428 -1.6115 0.3348
10.3548 2.7488 -1.6579 0.3943
-4.1675 2.0307 -1.7895 0.3639
-8.4157 -7.8076 -1.6631 0.3159
14.1646 0.2644 -1.6265 0.3314
-16.9826 7.0297 -1.7346 0.3637
26.6074 -9.5829 -1.3805 0.3632
9.5866 -7.4669 -1.5268 0.3617
-18.3098 2.0110 -1.9005 0.3531
17.2117 6.9403 -1.4633 0.3436
0.8668 -3.8534 -1.7422 0.3717
-12.7551 7.4296 -1.6988 0.3327
32.6642 -3.2495 -1.4968 0.3511
18.1789 -0.6908 -1.5998 0.3376
10.5796 9.0606 -1.5230 0.3360
25.9320 -1.6482 -1.5500 0.3408
7.6322 1.9896 -1.6793 0.3353
1.4882 8.7093 -1.5896 0.3610
-13.6332 -4.7124 -1.7132 0.3205
-15.7966 -8.1613 -1.7226 0.3586
0.9182 9.1606 -1.5937 0.3373
2.3585 1.1966 -1.7272 0.3506
18.9988 9.3168 -1.4504 0.3467
1.5251 7.3349 -1.5885 0.3400
10.5896 1.8925 -1.6546 0.3743
24.9511 -0.5732 -1.5571 0.3426
34.6001 -0.3950 -1.4838 0.3641
-5.6485 -6.6797 -1.6443 0.3643
29.1173 -0.9288 -1.5281 0.3445
23.3631 6.4346 -1.4129 0.3248
-20.9196 9.7758 -1.7673 0.3324
-4.9505 9.2068 -1.6342 0.3756
-11.8574 9.2436 -1.6869 0.3599
14.8631 -9.6198 -1.4881 0.3528
8.3179 0.3154 -1.6721 0.3387
4.6911 -5.9974 -1.5619 0.3846
20.8138 2.3057 -1.5833 0.3326
-5.0015 8.9167 -1.6350 0.3528
-2.0349 7.5330 -1.6152 0.3600
26.9380 7.3316 -1.3821 0.3239
33.3325 -2.6856 -1.4923 0.3348
21.5814 0.0234 -1.6566 0.3408
-11.9757 -4.3611 -1.7012 0.3672
-18.2409 1.0771 -1.9005 0.3412
-12.4477 -3.9322 -1.8559 0.3213
0.3657 6.1746 -1.5971 0.3194
-10.7982 -0.7116 -1.8482 0.3347
29.0625 4.0080 -1.5236 0.3202
15.2434 7.4533 -1.4807 0.3654
0.0038 -4.0050 -1.7500 0.3662
-8.5713 2.4418 -1.8280 0.3501
-2.1603 6.9163 -1.6167 0.3447
3.5630 9.0147 -1.5754 0.3648
17.8293 -6.7387 -1.4580 0.3640
-19.6395 3.6284 -1.9086 0.3303
25.9300 -1.2956 -1.5503 0.3330
-17.3464 -4.2895 -1.8917 0.3641
-9.2530 -6.8454 -1.6724 0.3554
34.6154 1.7076 -1.4828 0.3622
-13.5875 -3.3182 -1.8659 0.3321
-18.9315 3.3589 -1.9038 0.3350
13.3043 -4.3801 -1.4886 0.3593
-1.4123 -9.9882 -1.6093 0.3364
-19.4899 5.3446 -1.7565 0.3196
-24.7755 -6.7735 -1.7990 0.3367
-20.2503 -4.9499 -1.7624 0.3459
6.3641 -5.2929 -1.5467 0.3840
-11.1464 -3.1552 -1.8476 0.3332
21.6531 -0.2932 -1.7046 0.3488
26.4505 6.2490 -1.3885 0.3909
-16.3100 3.0044 -1.8861 0.3281
-4.7788 -7.0800 -1.6367 0.3632
-16.2056 -6.3265 -1.7296 0.3358
-7.7984 6.9413 -1.6606 0.3580
-10.6477 -5.0029 -1.6890 0.3967
22.2119 -5.6263 -1.4227 0.3658
-4.2712 -9.9286 -1.6285 0.3530
4.7339 5.4815 -1.5606 0.3310
15.4337 4.7690 -1.4733 0.3465
24.3354 -3.0477 -1.5595 0.3387
-6.9275 -9.8537 -1.6474 0.3210
-12.4468 5.7115 -1.7012 0.3074
33.7072 -8.0127 -1.3256 0.3334
-5.7911 -0.7906 -1.8053 0.3494
15.2641 6.8030 -1.4791 0.3724
15.6705 -5.1144 -1.4722 0.3352
5.8418 -2.4066 -1.6957 0.3538
-11.2932 3.2171 -1.8486 0.3160
-16.5126 3.4633 -1.8869 0.3340
4.2210 -0.7459 -1.7093 0.3011
5.6558 -1.3249 -1.6962 0.3947
21.4020 -1.6098 -1.5795 0.3540
17.5900 -0.2793 -1.6035 0.3533
29.7225 -3.0671 -1.5206 0.3607
33.2516 -4.8717 -1.3380 0.4006
18.6711 -3.6790 -1.5982 0.3413
-20.4093 -0.4447 -1.9142 0.3304
-0.6929 -2.3572 -1.7566 0.3900
11.5281 1.7108 -1.6470 0.3254
10.4117 2.6228 -1.6572 0.3760
-14.1134 9.9229 -1.7048 0.3485
9.9767 2.3034 -1.6601 0.3587
-4.0192 4.6927 -1.6348 0.3213
-4.6644 -8.0394 -1.6340 0.4019
25.0404 5.2090 -1.4015 0.3424
0.3160 0.1781 -1.7469 0.3360
6.6438 7.3312 -1.5495 0.3610
8.7724 9.4182 -1.5380 0.3371
8.7798 -5.3927 -1.5272 0.3585
-12.2127 8.5735 -1.6914 0.3248
10.9672 3.4328 -1.6544 0.3529
-4.9226 4.7823 -1.6423 0.3379
14.3012 -0.5528 -1.6256 0.3343
-16.2581 -2.9041 -1.8859 0.3312
34.6469 6.0007 -1.3236 0.3677
21.3226 -9.5606 -1.4289 0.3430
0.0351 0.8119 -1.7497 0.3463
-6.9189 -8.5234 -1.6499 0.3585
-1.7319 -4.9073 -1.6149 0.3728
18.2725 4.5040 -1.4518 0.3315
14.3245 5.0948 -1.4825 0.3544
17.1256 7.7809 -1.4654 0.3318
28.3400 4.3087 -1.3784 0.3458
2.3777 3.4949 -1.7283 0.3713
15.1713 8.9023 -1.4842 0.3031
1.4905 0.7482 -1.7355 0.3315
13.2859 3.0776 -1.6358 0.3454
3.4894 7.3613 -1.5737 0.3576
21.5998 5.2739 -1.4275 0.3744
-24.6844 5.3985 -1.7961 0.3161
-12.0573 0.7351 -1.8579 0.3783
-7.2137 0.5569 -1.8182 0.3604
31.7237 2.9741 -1.5050 0.3452
5.4228 4.0109 -1.7019 0.3206
-3.1389 0.9220 -1.7804 0.3386
-0.7413 -6.2907 -1.6059 0.3705
2.1093 -5.0318 -1.5820 0.3505
27.0698 -0.1385 -1.5430 0.3464
32.7402 -5.9187 -1.3391 0.3306
25.6499 -1.5303 -1.5520 0.3647
25.4994 -7.0572 -1.3945 0.3470
-13.0591 -7.0754 -1.7023 0.3453
-8.8793 6.8643 -1.6693 0.3481
10.7630 0.8450 -1.6639 0.3371
14.3682 5.6087 -1.4834 0.3337
-12.8377 -9.7692 -1.6941 0.3196
19.7769 -4.2874 -1.5908 0.3376
-13.0022 -9.6464 -1.6957 0.3140
-9.2194 -9.9324 -1.6644 0.3597
-6.5923 -9.3597 -1.6458 0.3366
25.7595 0.4305 -1.5518 0.3422
18.9250 -8.1836 -1.4502 0.3493
6.8411 5.9675 -1.5445 0.3340
24.1850 0.3238 -1.5621 0.3265
23.7757 -5.0929 -1.4112 0.3544
-1.6100 6.7731 -1.6125 0.3878
21.8862 0.1928 -1.6490 0.3682
-12.6254 -2.9840 -1.8594 0.3756
5.1937 1.3590 -1.7005 0.3240
-17.9055 3.4522 -1.8967 0.3462
0.6077 1.1761 -1.7441 0.3460
6.2219 8.6557 -1.5556 0.3786
-20.2049 -2.9205 -1.9126 0.3683
2.7568 -1.8010 -1.7236 0.3467
14.1002 7.1771 -1.4895 0.3042
11.8453 2.7498 -1.6462 0.3268
-21.7388 9.3253 -1.7749 0.3627
-19.2796 5.8433 -1.7546 0.3436
-3.9186 0.2586 -1.7880 0.3478
25.5611 2.6944 -1.5515 0.3623
27.1854 -1.8783 -1.5411 0.3726
-6.4232 -7.4471 -1.6486 0.3344
18.1335 -1.8578 -1.6005 0.3618
9.6434 -4.3703 -1.5174 0.3822
34.0053 3.5616 -1.4849 0.3786
-19.3214 3.3839 -1.9065 0.3394
7.8728 8.7474 -1.5434 0.3559
10.5523 -8.4109 -1.5217 0.3650
-6.5399 -0.6486 -1.8122 0.3504
-22.1828 -2.0272 -1.9255 0.3450
-21.8737 0.5488 -1.9233 0.3154
2.2171 -7.6087 -1.5835 0.3327
16.5484 -0.1715 -1.6103 0.3361
17.0105 3.1402 -1.6092 0.3248
-14.1418 -3.7243 -1.8692 0.3522
26.4783 3.0088 -1.5446 0.3673
-2.3703 -4.6866 -1.6206 0.3416
32.8621 -2.6139 -1.4964 0.3059
-17.9104 8.1458 -1.7409 0.3476
25.1873 -9.4988 -1.3934 0.3555
29.5003 -4.5435 -1.3688 0.3541
24.3605 8.7145 -1.4018 0.3356
23.5305 -7.0591 -1.4109 0.3259
-3.3214 -2.0518 -1.7816 0.3677
17.8006 -0.9181 -1.6023 0.3570
9.7608 3.0529 -1.6633 0.3364
0.4687 2.2355 -1.7455 0.3200
34.5867 2.5352 -1.4819 0.3545
-7.5727 8.8082 -1.6542 0.3320
-0.2114 -2.1443 -1.7520 0.3577
29.1717 -0.2037 -1.5279 0.3532
-7.6595 9.2795 -1.6538 0.3915
-15.8391 -7.4370 -1.7243 0.3484
-6.4000 8.9642 -1.6451 0.3900
20.5587 8.9656 -1.4360 0.3516
26.5912 9.0695 -1.3815 0.3367
-18.1333 -8.6594 -1.7423 0.3289
12.3028 1.5513 -1.6409 0.3325
9.0372 6.7634 -1.5291 0.3586
15.1279 -3.7260 -1.6235 0.3526
15.2634 1.8112 -1.6198 0.3132
32.5680 -4.8711 -1.3435 0.3704
-4.2082 -7.4077 -1.6317 0.3795
-7.0140 7.0451 -1.6541 0.3130
9.8735 9.6244 -1.5299 0.3702
0.7651 -8.6051 -1.5946 0.3837
3.4253 -7.5736 -1.5745 0.3141
-20.8434 1.7721 -1.9169 0.3407
-16.1055 -8.2738 -1.7250 0.3330
31.1225 2.6233 -1.5105 0.3695
-20.9025 4.3897 -1.7673 0.3417
10.4087 -1.7074 -1.6558 0.3409
20.2745 5.1249 -1.4375 0.3584
-24.2882 -7.7274 -1.7963 0.3812
-11.6351 -3.9753 -1.8495 0.3488
-2.3757 6.1528 -1.6191 0.3406
5.4090 -8.2330 -1.5608 0.3443
-4.5043 -4.2983 -1.7896 0.3632
13.9400 2.4233 -1.6299 0.3234
-11.4161 -5.0522 -1.6949 0.3497
-23.4710 -0.3825 -1.9333 0.3312
-24.9057 6.7438 -1.8000 0.3259
-4.2693 -4.6067 -1.6371 0.3111
-3.3002 -1.2830 -1.7818 0.3397
31.9162 -9.6350 -1.3358 0.3716
-22.3132 4.1674 -1.9273 0.3103
6.8039 -2.8988 -1.6879 0.3609
9.6688 7.2011 -1.5254 0.3370
16.9565 -8.2288 -1.4675 0.3287
13.3241 5.6446 -1.4917 0.3569
-24.5116 6.2759 -1.7961 0.3762
12.9115 5.5214 -1.4946 0.3800
-5.6567 4.6876 -1.6488 0.3557
21.3721 -5.2442 -1.4292 0.3486
-13.6981 -1.6654 -1.8693 0.3578
17.9723 -2.2810 -1.6019 0.3995
12.5297 -5.1792 -1.4966 0.3441
14.1375 -0.1662 -1.6267 0.3727
-14.4431 3.9507 -1.8710 0.3382
15.1504 -0.4255 -1.6197 0.3334
19.2187 9.4893 -1.4485 0.3854
4.3646 4.1752 -1.7114 0.3501
-4.5781 -1.1460 -1.7939 0.3545
-15.0067 -1.9208 -1.8783 0.3609
-7.6024 1.6721 -1.8208 0.3321
20.8297 -1.3647 -1.5832 0.3412
-0.4360 -5.5612 -1.6036 0.3372
17.1628 0.4209 -1.6063 0.3566
19.4055 3.4543 -1.5930 0.3573
15.4502 -2.8311 -1.6197 0.3380
15.4123 -4.3335 -1.4726 0.3906
11.6485 -5.6521 -1.5050 0.3495
6.1053 -2.7436 -1.6938 0.3521
-13.1310 -5.1126 -1.7082 0.3769
25.5682 5.2620 -1.3974 0.3325
32.8559 2.7743 -1.4962 0.3396
2.9890 -4.2614 -1.7236 0.3557
30.9943 9.8366 -1.3428 0.3205
34.8797 2.9134 -1.4787 0.3453
4.1718 -7.1505 -1.5681 0.3910
18.4613 6.5867 -1.4526 0.3866
13.6274 5.0740 -1.4878 0.3679
-10.7641 0.0006 -1.8481 0.3737
-22.1746 -5.3307 -1.7769 0.3599
2.2013 6.2175 -1.5823 0.3414
22.2323 -7.5096 -1.4214 0.3829
-5.4919 -1.6393 -1.8020 0.3310
22.0663 6.3465 -1.4234 0.3694
14.2881 6.0288 -1.4851 0.3398
16.7325 2.5978 -1.6105 0.3410
-7.8555 -9.8452 -1.6542 0.3608
3.2028 -3.3376 -1.7207 0.3907
-14.0978 7.0640 -1.7108 0.3786
-10.2052 4.4273 -1.6870 0.3568
-19.6090 6.2119 -1.7569 0.3513
-17.3936 -8.7404 -1.7356 0.3656
-12.3692 8.8154 -1.6921 0.3773
9.8141 -5.4190 -1.5189 0.3148
1.4727 -3.3541 -1.7365 0.3475
-8.9836 6.8117 -1.6703 0.3290
26.6667 -1.8756 -1.5448 0.3456
6.5089 2.8615 -1.6904 0.3248
30.3866 1.0473 -1.5184 0.3139
13.0979 7.3215 -1.4981 0.3236
-24.0527 -6.8775 -1.7932 0.3389
29.8085 -8.0442 -1.3566 0.3617
26.4478 2.6471 -1.5454 0.3337
13.1163 6.8928 -1.4968 0.3327
7.0864 8.4620 -1.5487 0.3579
2.1756 -2.0015 -1.7292 0.3557
3.9305 4.6971 -1.5660 0.3840
21.1532 -2.1843 -1.5811 0.3687
5.7885 -3.6225 -1.6980 0.3295
-14.4385 -9.5158 -1.7083 0.3366
-21.5093 -4.9978 -1.7718 0.3649
-17.4288 -6.5966 -1.7390 0.3323
-9.9135 -4.6277 -1.6841 0.3435
-2.9360 -4.2255 -1.7760 0.3158
28.5450 7.1782 -1.3692 0.3239
-10.6548 -5.9325 -1.6863 0.3752
-5.8241 6.3860 -1.6464 0.3533
-11.6191 7.1868 -1.6903 0.3374
7.7445 -0.7245 -1.6772 0.3402
12.0252 4.4903 -1.4987 0.3843
6.9277 -3.6278 -1.6882 0.3369
32.1114 -9.6446 -1.3342 0.3595
34.7227 4.1930 -1.4775 0.3674
25.2438 2.1283 -1.5543 0.3789
23.3178 -0.7727 -1.5676 0.3330
-3.0368 7.9738 -1.6221 0.3220
9.7870 4.5452 -1.5167 0.3279
-3.9117 -1.4884 -1.7875 0.3646
22.0613 -8.9324 -1.4223 0.3898
-14.6901 7.5217 -1.7146 0.3653
-11.9997 9.6929 -1.6872 0.3368
-22.6784 2.6904 -1.9290 0.3738
11.5364 5.3640 -1.5050 0.3406
16.3123 0.1205 -1.6118 0.3334
-24.7983 -5.2671 -1.7967 0.3434
5.6471 8.2414 -1.5591 0.3384
-2.3875 3.7670 -1.7716 0.3360
22.5428 0.9713 -1.5724 0.3744
-22.6666 3.6417 -1.9295 0.3397
-22.0861 0.2372 -1.9246 0.3183
12.2125 -8.8323 -1.5092 0.3617
10.4983 3.2088 -1.6577 0.3309
24.8654 -9.8957 -1.3958 0.3316
10.5360 -5.5931 -1.5137 0.3640
31.9622 -6.8804 -1.3425 0.3355
-6.1369 -3.1976 -1.8058 0.3409
-1.1247 8.1663 -1.6081 0.3508
33.6605 -8.4060 -1.3250 0.3443
-18.5485 -2.8519 -1.9016 0.3414
22.7543 5.1912 -1.4188 0.3031
-24.3059 7.2618 -1.7959 0.3465
4.1908 4.7226 -1.5638 0.3823
-15.7959 9.3042 -1.7206 0.3626
10.9317 3.9183 -1.6559 0.3425
22.8902 4.8960 -1.4181 0.3594
-23.0175 -1.5586 -1.9307 0.3625
-15.1736 -3.9589 -1.8764 0.3332
-4.4434 -0.7625 -1.7928 0.3751
-9.6521 5.3583 -1.6799 0.3533
-2.0068 3.0053 -1.7687 0.3438
32.1121 5.4380 -1.3456 0.3818
-18.9276 2.5517 -1.9043 0.3086
0.3969 4.6620 -1.5965 0.3265
2.4255 -6.8866 -1.5812 0.3628
-8.1795 -3.5268 -1.8226 0.3635
-8.2896 1.2238 -1.8272 0.3829
17.8851 -9.6691 -1.4609 0.3049
12.0706 8.2459 -1.5089 0.3672
23.7699 -5.2102 -1.4111 0.3251
-0.6956 -8.2300 -1.6050 0.3584
11.4027 3.2850 -1.6507 0.3487
28.6153 -6.1252 -1.3715 0.3670
26.0797 1.2387 -1.5493 0.3453
30.2014 -5.0205 -1.3621 0.3702
-8.8615 -6.6812 -1.6697 0.3334
34.1253 4.6999 -1.3312 0.3484
23.9834 -2.2325 -1.5626 0.3539
22.6885 1.4888 -1.5714 0.3835
15.0547 -5.6775 -1.4782 0.3667
33.9961 1.0483 -1.4888 0.3541
1.4938 -1.5754 -1.7356 0.3628
19.4924 -8.9755 -1.4457 0.3717
16.9287 4.5338 -1.4617 0.3575
18.9253 1.0473 -1.5951 0.3295
20.0879 8.5468 -1.4401 0.3626
-13.5546 6.1590 -1.7088 0.3494
-4.0569 1.4224 -1.7889 0.3429
-1.4648 -9.1388 -1.6100 0.3343
19.8800 5.0384 -1.4404 0.3616
17.9749 0.9809 -1.6012 0.3602
25.0020 6.7006 -1.3993 0.3309
22.3111 1.5549 -1.5738 0.3279
10.7620 -9.9595 -1.5234 0.3878
-16.6031 6.2982 -1.7328 0.3672
13.1273 5.9855 -1.4942 0.3517
28.2236 -8.0119 -1.3698 0.3621
13.5905 3.6765 -1.6348 0.3406
28.7376 0.5220 -1.5310 0.3466
34.9432 1.7983 -1.4798 0.3504
-3.4479 7.7871 -1.6254 0.3693
18.3974 -5.0086 -1.4514 0.3217
7.3975 -9.7368 -1.5490 0.3296
2.2983 -5.8288 -1.5812 0.3255
-10.6080 8.3025 -1.6791 0.3671
-10.2451 -5.7715 -1.6835 0.3480
-13.9017 3.4902 -1.8679 0.3317
12.8890 5.7937 -1.4955 0.3456
-16.4768 6.2642 -1.7318 0.3374
0.8832 -9.7913 -1.5942 0.3213
6.4000 -9.8120 -1.5564 0.3752
1.2941 9.7802 -1.5914 0.3470
26.2958 0.5485 -1.5482 0.3757
1.5902 -8.7259 -1.5889 0.3210
-20.0301 -9.4638 -1.7591 0.3601
34.5320 6.2154 -1.3239 0.3211
25.6990 8.0991 -1.3910 0.3989
14.6026 0.4898 -1.6235 0.3154
20.3794 -2.5657 -1.5862 0.3859
-17.3086 4.0471 -1.8918 0.3496
20.9549 -9.5522 -1.4323 0.3463
-12.5351 7.9783 -1.6956 0.3618
4.3386 -4.8782 -1.5628 0.3312
-14.3210 -6.1818 -1.7148 0.3657
20.2271 -3.7842 -1.5874 0.3672
-10.2440 -8.7254 -1.6751 0.3502
-9.8075 -2.2088 -1.8386 0.3550
-18.4467 4.2950 -1.8997 0.3886
18.2364 -0.0359 -1.5994 0.3630
-7.2493 3.3596 -1.8151 0.3344
6.0968 -5.7246 -1.5499 0.3650
-5.0654 -2.0422 -1.7977 0.3392
21.4821 0.3896 -1.5919 0.3354
-11.4110 1.4512 -1.8524 0.3603
31.4501 -6.2721 -1.3484 0.3298
-5.7196 6.1534 -1.6461 0.3509
-18.7689 -8.1957 -1.7484 0.3635
-10.5817 -8.0343 -1.6796 0.3882
-20.5635 -5.0060 -1.7647 0.3628
3.1243 3.0855 -1.7211 0.3206
-9.9849 -8.4583 -1.6737 0.3237
28.1628 -9.8455 -1.3665 0.3845
6.0277 -0.5564 -1.6924 0.3373
-10.9979 -3.0669 -1.8466 0.3197
2.0762 -6.8651 -1.5839 0.3299
-13.2403 3.1185 -1.8637 0.3659
-14.2762 2.8286 -1.8719 0.3523
-6.9606 -7.5621 -1.6524 0.3629
-18.5019 -5.4040 -1.7490 0.3493
-13.6811 -2.7004 -1.8678 0.3279
31.2828 9.8008 -1.3405 0.3143
15.0082 5.3718 -1.4778 0.3333
30.2662 -3.2567 -1.5160 0.3524
-9.5892 9.3088 -1.6685 0.3263
26.4208 -0.9014 -1.5472 0.3697
-3.2636 -2.3934 -1.7808 0.3300
-16.3483 8.8857 -1.7262 0.3170
23.2824 4.7235 -1.4153 0.3500
-21.4210 0.9569 -1.9205 0.3652
-0.7088 2.0139 -1.7568 0.3799
24.1589 9.4562 -1.4028 0.3178
12.0311 -6.9420 -1.5057 0.3785
6.0839 -3.0575 -1.6945 0.3537
-3.7820 -1.5797 -1.7862 0.3376
-20.4967 9.6940 -1.7634 0.3636
34.4583 -8.3161 -1.3191 0.3771
-14.5136 -7.7670 -1.7125 0.3164
-9.6815 -1.2926 -1.8388 0.3414
-10.8451 -6.6151 -1.6858 0.3391
29.4765 3.6966 -1.5211 0.3625
20.8213 -2.7864 -1.5833 0.3792
2.4398 6.9241 -1.5812 0.3515
32.3254 4.9722 -1.3452 0.3442
-21.8330 -0.5839 -1.9231 0.3589
28.6202 6.8996 -1.3694 0.3453
-21.3744 -7.9836 -1.7713 0.3066
-1.5322 1.6220 -1.7648 0.3603
-21.7597 2.1027 -1.9228 0.3697
34.9381 -5.0796 -1.3236 0.3715
29.8634 -9.0076 -1.3537 0.3269
10.0879 0.7040 -1.7368 0.3621
-11.9293 0.2735 -1.8571 0.3807
-8.3933 3.0722 -1.8254 0.4006
1.9726 -5.7414 -1.5837 0.3596
-5.6332 -6.4071 -1.6448 0.3697
-23.7212 9.5583 -1.7933 0.3301
14.3754 -7.7262 -1.4885 0.3275
11.8057 9.9882 -1.5150 0.3697
29.2586 4.3995 -1.3711 0.3093
3.6112 2.5864 -1.7162 0.3531
-4.3175 -3.2043 -1.7896 0.3786
5.6910 7.3561 -1.5569 0.3643
-13.3183 8.2012 -1.7015 0.3641
12.5324 4.4377 -1.4947 0.3490
21.2020 4.1978 -1.5806 0.3418
-15.7923 -0.1369 -1.8847 0.3931
-5.8970 -8.4433 -1.6424 0.3747
27.0681 9.9806 -1.3758 0.3669
5.3319 -9.6889 -1.5638 0.3506
6.9102 -0.0921 -1.6844 0.3383
18.3445 -2.6573 -1.5997 0.3716
9.6736 5.5226 -1.5204 0.3439
-20.8252 4.7156 -1.7667 0.3516
23.2377 2.5610 -1.5673 0.3623
30.3702 -8.5052 -1.3508 0.3542
-21.8034 -5.2630 -1.7740 0.3810
-17.7250 -8.1168 -1.7393 0.3236
17.1185 9.5795 -1.4678 0.3513
11.2684 -7.4443 -1.5133 0.3928
-2.0490 9.3439 -1.6139 0.3679
7.3549 -7.7458 -1.5450 0.3461
17.2003 7.2446 -1.4639 0.3660
5.2686 1.4926 -1.6999 0.3490
-16.5887 6.6345 -1.7321 0.3793
-19.6338 2.6807 -1.9089 0.3664
1.3315 5.3767 -1.5888 0.3327
30.3731 4.6162 -1.3618 0.3548
8.4668 -4.7963 -1.5281 0.3584
-3.5068 8.7010 -1.6246 0.3594
29.5224 2.8729 -1.5225 0.3564
-1.6821 -5.9583 -1.6137 0.3613
5.5488 -3.8792 -1.7006 0.3584
-18.0100 0.6610 -1.8991 0.3356
19.2441 7.6365 -1.4471 0.3409
17.0182 5.9351 -1.4633 0.3449
22.6546 -3.9590 -1.5704 0.3519
-5.4885 3.7697 -1.7991 0.3450
1.1632 -9.9669 -1.5924 0.3721
-14.8995 -3.3472 -1.8755 0.3308
32.8703 6.7919 -1.3356 0.3153
-19.8354 -6.9760 -1.7583 0.3893
13.9408 -2.9321 -1.6307 0.3336
17.3154 -9.9791 -1.4664 0.3720
-15.5358 -9.5373 -1.7180 0.3622
-3.0806 -7.0796 -1.6236 0.3344
-22.4124 -7.9627 -1.7804 0.3473
8.3965 -0.2054 -1.6714 0.3444
34.6963 8.0001 -1.3180 0.3571
0.7931 -8.3072 -1.5943 0.3347
34.4005 7.3967 -1.3218 0.3465
-17.4265 3.3632 -1.8934 0.3493
-1.4527 -6.6221 -1.6114 0.3720
29.1179 -4.2053 -1.5227 0.3418
27.6017 -6.1163 -1.3796 0.3305
-5.5845 5.7860 -1.6458 0.3391
15.7166 4.5020 -1.4706 0.3573
28.1696 -3.9118 -1.5306 0.3146
21.0126 -8.9133 -1.4318 0.3739
12.7086 -6.6252 -1.4993 0.3504
-15.8455 2.5975 -1.8834 0.3587
-20.6198 -8.1925 -1.7647 0.3544
11.8773 0.7293 -1.6434 0.3367
5.0165 2.2586 -1.7029 0.3284
-10.7178 3.7551 -1.8428 0.3360
-7.4338 -7.4929 -1.6563 0.3199
-1.4748 -0.8059 -1.7644 0.3570
4.7313 -0.7321 -1.7045 0.3467
-1.5845 6.7057 -1.6124 0.3193
-1.7625 -0.6257 -1.7672 0.3377
-18.0560 -1.8641 -1.8989 0.3630
26.9354 -7.5308 -1.3816 0.3759
11.5492 3.8893 -1.6509 0.3243
-16.2339 2.3958 -1.8863 0.3932
0.4325 4.3390 -1.5962 0.3308
0.0030 3.1257 -1.7500 0.3159
11.0373 7.5057 -1.5153 0.3851
11.5322 7.5469 -1.5114 0.3292
13.7133 -3.8463 -1.6342 0.3805
16.8742 -6.3518 -1.4651 0.3367
-18.7988 8.5295 -1.7484 0.3441
-6.7047 4.2608 -1.8085 0.3239
-23.9591 9.4195 -1.7954 0.3755
2.2785 -0.0609 -1.7278 0.3728
0.7658 9.2449 -1.5948 0.3368
19.0596 -7.5456 -1.4486 0.3485
-14.9730 1.8073 -1.8782 0.3632
12.8897 -0.0653 -1.6357 0.3406
-6.5983 -9.9471 -1.6448 0.3773
-2.0850 -6.1420 -1.6168 0.3479
18.1572 -6.9306 -1.4555 0.3396
-20.7071 -8.7838 -1.7654 0.3183
-4.4330 8.9630 -1.6309 0.3241
-1.5206 9.3073 -1.6103 0.3618
17.9450 7.8350 -1.4584 0.3547
-13.0465 9.7776 -1.6959 0.3663
31.8448 6.6133 -1.3443 0.3387
34.8657 8.6436 -1.3153 0.3172
24.1346 -6.0474 -1.4072 0.3401
-7.0173 -4.8623 -1.6598 0.3908
14.8320 7.2413 -1.4836 0.3307
-20.0111 -0.4107 -1.9118 0.3493
27.2768 4.3394 -1.3863 0.3017
5.9596 1.2382 -1.6934 0.3396
-14.4136 -3.8872 -1.8709 0.3417
-5.3550 -4.3033 -1.6469 0.3566
23.0446 4.9636 -1.4168 0.3436
27.2136 0.6419 -1.5419 0.3196
6.1828 -2.8123 -1.6932 0.3367
3.8187 2.3408 -1.7140 0.3459
20.0441 -1.6012 -1.5882 0.3301
24.5714 -0.4985 -1.5596 0.3330
20.8908 3.5582 -1.5828 0.3701
-1.9343 -0.8407 -1.7688 0.3375
13.5155 8.9988 -1.4986 0.3588
26.4416 -0.2961 -1.5473 0.3465
-15.8944 9.2365 -1.7216 0.3254
-1.7118 6.9538 -1.6132 0.3433
-21.6029 7.8185 -1.7733 0.3558
-0.4674 5.2655 -1.6040 0.3847
21.3369 2.0905 -1.5799 0.3346
-13.1783 0.6534 -1.8663 0.3483
7.5132 1.0331 -1.6794 0.3682
-22.8049 -5.9709 -1.7822 0.3752
28.8590 -5.7121 -1.3707 0.3370
24.2003 -9.3168 -1.4025 0.3469
6.4646 4.9112 -1.5450 0.3723
17.3472 -7.5027 -1.4631 0.3602
-18.7650 1.6430 -1.9037 0.3707
25.7126 -7.2415 -1.3924 0.3734
17.9157 -8.6691 -1.4596 0.3611
-17.8020 0.6719 -1.8978 0.3529
33.8414 7.4619 -1.3260 0.3366
-23.6482 -2.8797 -1.9356 0.3451
12.7107 8.3846 -1.5040 0.3464
-14.6947 -9.7939 -1.7101 0.3740
18.1555 -0.6852 -1.6000 0.3535
-20.7756 -7.0647 -1.7661 0.3537
-20.1339 -3.6844 -1.9120 0.3301
2.9775 -9.5254 -1.5799 0.3741
34.6406 -9.2930 -1.3156 0.3347
-8.4090 4.2563 -1.8228 0.3443
11.7517 3.0908 -1.6476 0.3762
6.1159 -5.8333 -1.5500 0.3677
25.5272 8.0230 -1.3926 0.3330
-7.6846 3.7595 -1.8179 0.3284
8.2967 -3.2765 -1.6759 0.3459
32.0374 -1.8469 -1.5044 0.3385
-5.0449 -4.1489 -1.7945 0.3207
1.3643 6.6120 -1.5893 0.3349
28.3288 -0.1208 -1.5341 0.2950
-5.0501 -7.2938 -1.6383 0.3681
-2.1596 -5.9657 -1.6176 0.3668
-6.7529 -4.0684 -1.8094 0.3782
23.5719 -1.9369 -1.5655 0.3571
30.8232 1.8528 -1.5141 0.3410
12.8659 9.2833 -1.5047 0.3705
12.4178 -4.7614 -1.4964 0.3360
-1.5998 -3.4319 -1.7647 0.3235
-24.2510 -9.5210 -1.7981 0.3471
-14.5637 -2.5490 -1.8744 0.3582
-16.1537 3.5015 -1.8843 0.3338
-18.0471 9.2612 -1.7410 0.3290
14.2428 4.8038 -1.4824 0.3417
-16.8191 -7.6401 -1.7322 0.3582
-19.8620 7.8008 -1.7582 0.3471
-2.0451 6.7736 -1.6159 0.4027
-10.0586 -6.2196 -1.6807 0.3473
-16.2484 8.6869 -1.7256 0.3650
-16.2323 4.2820 -1.8836 0.3210
-9.6277 5.6563 -1.6789 0.3617
7.2110 -0.8172 -1.6819 0.3408
20.4857 -5.9863 -1.4361 0.3498
26.1666 5.9821 -1.3913 0.3837
20.0851 -0.4511 -1.5878 0.3426
12.6928 9.3486 -1.5063 0.3238
29.4575 -6.9333 -1.3625 0.3270
6.1842 -2.8919 -1.6933 0.3535
13.0014 4.7109 -1.4917 0.3524
-0.3028 1.4456 -1.7529 0.3515
-5.3569 -1.3345 -1.8010 0.3243
-5.0973 4.0322 -1.7952 0.3905
-16.1010 4.6670 -1.7319 0.3793
22.7959 1.5460 -1.5707 0.3526
-21.6779 -3.6179 -1.9226 0.3196
15.4811 2.3752 -1.6189 0.3817
26.8676 0.9049 -1.5441 0.3727
4.8457 5.9531 -1.5606 0.3521
-20.7880 3.0692 -1.9165 0.3740
0.7050 -0.0646 -1.7431 0.3401
-4.4064 -9.6259 -1.6298 0.3308
34.1324 -6.6612 -1.3259 0.3531
16.4759 -3.2681 -1.6131 0.3189
18.2816 2.0276 -1.5997 0.3278
5.9496 5.8472 -1.5514 0.3609
17.5649 9.1991 -1.4634 0.3548
18.3543 1.9961 -1.5992 0.3224
-21.0185 4.5769 -1.7681 0.3418
-11.6436 2.4288 -1.8529 0.3232
-24.2219 -1.3944 -1.9385 0.3402
5.5884 2.1935 -1.6977 0.3380
27.5480 -1.9865 -1.5384 0.3698
11.5733 -0.9272 -1.6459 0.3469
5.0125 8.2201 -1.5637 0.3451
30.5580 1.2772 -1.5168 0.3422
-14.6669 -7.9918 -1.7133 0.3156
-20.5237 0.4753 -1.9149 0.3480
30.0383 9.0652 -1.3522 0.3597
29.1669 -7.9991 -1.3620 0.3546
15.9783 9.4237 -1.4779 0.3639
-10.2413 9.7528 -1.6728 0.3648
33.1858 1.2143 -1.4956 0.3940
20.9208 -3.3512 -1.5826 0.3274
15.4337 -9.8273 -1.4834 0.3547
-11.6253 -9.6899 -1.6841 0.3569
5.7854 -2.2381 -1.6960 0.3436
24.3546 5.6614 -1.4061 0.3374
26.6156 8.8475 -1.3817 0.3600
8.6858 -6.9044 -1.5323 0.3581
6.3676 -0.2449 -1.6893 0.3289
16.8610 0.0345 -1.6082 0.3140
6.6949 -2.3939 -1.6881 0.3402
0.0609 0.7991 -1.7494 0.3365
-19.8749 8.5004 -1.7580 0.3621
-17.4370 -1.2294 -1.8952 0.3315
20.6165 -7.2444 -1.4352 0.3464
-23.5202 3.3090 -1.9351 0.3159
-21.8617 -9.3725 -1.7760 0.3190
29.2786 8.8023 -1.3591 0.3346
17.2398 8.7978 -1.4658 0.3450
-24.7472 -8.1571 -1.8009 0.3336
-6.2774 1.0177 -1.8096 0.3529
20.7991 5.9478 -1.4336 0.3160
0.0560 -0.7084 -1.7495 0.3457
3.1279 -0.4246 -1.7196 0.3459
2.5279 9.4040 -1.5829 0.3210
-12.8719 -5.3898 -1.7055 0.3546
18.2835 0.5262 -1.5991 0.3066
-18.8196 -7.7006 -1.7493 0.3363
5.4351 -3.9512 -1.7017 0.3657
-14.8027 7.0181 -1.7167 0.3055
-22.2080 4.3290 -1.7766 0.3634
-16.4054 2.2401 -1.8876 0.3267
27.1601 -7.7222 -1.3793 0.3382
-14.4311 7.0140 -1.7136 0.3781
-8.2978 -4.0378 -1.8224 0.3375
-16.7143 0.6997 -1.8907 0.3823
19.1327 -5.3305 -1.4462 0.3439
1.7270 0.4147 -1.7331 0.3483
31.6181 1.2428 -1.5085 0.3668
14.8595 -3.1906 -1.6245 0.3609
6.8834 0.1184 -1.6846 0.3531
14.3979 -1.8790 -1.6259 0.3407
-22.5745 3.9499 -1.9290 0.3190
32.0396 0.8778 -1.5053 0.3200
32.3858 7.5615 -1.3372 0.3763
-8.4316 -9.0072 -1.6602 0.3840
12.6977 -9.4672 -1.5065 0.3526
-12.8851 -6.2290 -1.7032 0.3145
7.8483 -7.6285 -1.5409 0.3346
21.2474 0.5179 -1.5806 0.3336
31.3893 -5.9973 -1.3497 0.3389
-4.6470 -9.6790 -1.6314 0.3323
16.6103 -4.3476 -1.4637 0.3604
17.9856 0.1841 -1.6010 0.3549
-11.7311 4.2851 -1.8495 0.3816
12.7419 -1.2321 -1.6373 0.3422
14.3253 9.2543 -1.4922 0.3540
20.8446 -6.0109 -1.4332 0.3648
34.9968 0.2812 -1.4803 0.3704
-22.5861 -4.9363 -1.7797 0.3253
-12.8617 6.1334 -1.7033 0.3581
-16.2953 -6.2448 -1.7304 0.3529
-15.7340 9.2320 -1.7202 0.3561
2.2549 4.3321 -1.5801 0.3512
27.7122 1.1373 -1.5381 0.3843
1.9234 0.6470 -1.7312 0.3322
15.1088 -2.7506 -1.6220 0.3310
-2.4101 -9.5795 -1.6162 0.3336
-5.8202 8.3025 -1.6421 0.3442
25.0541 5.8987 -1.4002 0.3559
14.3329 -7.3028 -1.4879 0.3409
-3.9463 -7.5584 -1.6295 0.3701
29.8496 -3.8380 -1.5179 0.3499
4.9107 5.2628 -1.5587 0.3481
-13.7035 0.0633 -1.8702 0.3234
3.9933 3.0842 -1.7132 0.3864
15.4820 -9.8761 -1.4830 0.3491
-2.9732 8.4741 -1.6211 0.3827
25.6271 -6.6863 -1.3942 0.3376
6.9886 -3.6220 -1.6877 0.3666
3.0659 8.9430 -1.5788 0.3387
26.5227 4.6579 -1.3913 0.3864
2.7751 0.2213 -1.7230 0.3724
-0.1354 7.2583 -1.6010 0.3670
-18.7770 -8.7748 -1.7480 0.3355
-3.2505 -8.4741 -1.6231 0.3881
-1.1771 -6.8968 -1.6091 0.3908
-14.1627 -4.7086 -1.7172 0.3424
10.2694 4.1806 -1.6618 0.3532
-16.3695 0.6484 -1.8885 0.3685
-11.5786 -1.4791 -1.8977 0.3106
8.6655 5.6518 -1.5289 0.3729
-8.8610 -3.6568 -1.8280 0.3705
13.3801 -8.2909 -1.4982 0.3387
16.4308 -2.0647 -1.6120 0.3062
-6.9226 5.3282 -1.6578 0.3567
-19.7567 -0.5183 -1.9102 0.3273
4.3671 9.5430 -1.5704 0.3182
-19.4261 7.1225 -1.7548 0.3574
5.9141 5.8191 -1.5516 0.3764
18.5731 5.4636 -1.4506 0.3456
12.2198 1.6225 -1.6416 0.3737
1.8961 8.0230 -1.5863 0.3633
31.7515 1.7974 -1.5068 0.3225
-18.8952 -2.5493 -1.9041 0.3389
27.8001 -6.0820 -1.3781 0.3716
23.0077 6.2619 -1.4160 0.3388
0.1843 -2.5773 -1.7483 0.3664
-15.8280 5.8181 -1.7276 0.3418
-15.6480 9.6601 -1.7188 0.3644
30.3083 -2.0259 -1.5179 0.3586
-10.9777 -3.1852 -1.8462 0.3450
27.4469 -6.5981 -1.3796 0.3639
5.1977 -0.4930 -1.7000 0.3068
2.7041 3.0804 -1.7250 0.3283
12.1707 -3.7443 -1.6457 0.3407
-12.0977 -0.2867 -1.8584 0.3735
0.7022 0.7415 -1.7431 0.3211
31.3091 -4.4953 -1.3547 0.3493
-10.7046 -9.5298 -1.6769 0.3563
30.2950 -5.6875 -1.3594 0.3550
34.6526 6.0630 -1.3234 0.3480
-21.8856 -4.4388 -1.7743 0.3376
6.8827 -9.7236 -1.5527 0.3451
-14.6908 -1.5010 -1.8765 0.3695
12.3029 3.6494 -1.6445 0.3362
34.3726 5.0482 -1.3283 0.3068
28.8129 -1.7220 -1.5296 0.3593
30.4909 1.4372 -1.5172 0.3799
-12.1990 4.9102 -1.7015 0.3290
7.5392 7.7848 -1.5437 0.3772
-10.9101 2.7980 -1.8464 0.3604
28.9655 3.8173 -1.5248 0.3269
-13.5308 -8.0265 -1.7037 0.3359
-15.7625 -1.5910 -1.8839 0.3350
-24.2702 7.7792 -1.7963 0.3534
-14.0831 -6.7856 -1.7114 0.3464
-13.6142 -3.8008 -1.8651 0.3721
-20.3506 3.5593 -1.9135 0.3670
27.0645 8.0415 -1.3794 0.3191
21.7999 -8.8192 -1.4247 0.3216
-9.7311 7.4098 -1.6745 0.3623
21.9955 -5.5935 -1.4244 0.3397
0.3299 7.2171 -1.5975 0.3465
21.5312 7.7847 -1.4274 0.3609
-5.6195 5.5096 -1.6467 0.3672
8.8793 8.4763 -1.5350 0.3253
-2.1034 9.2232 -1.6143 0.3056
-13.7395 8.5037 -1.7043 0.3477
10.1380 0.2626 -1.6569 0.3329
20.0498 -0.7265 -1.5880 0.3513
20.1864 -7.8959 -1.4390 0.3482
-3.6226 -5.6782 -1.6299 0.3305
6.1227 3.0473 -1.6941 0.3917
20.8267 -7.4532 -1.4334 0.3503
-21.7301 8.8476 -1.7747 0.3385
-20.6867 -5.4591 -1.7656 0.3520
-2.4266 -8.2414 -1.6174 0.3606
-11.5917 -5.2951 -1.6956 0.3373
-2.5212 -9.0218 -1.6174 0.3964
-19.3748 -6.6782 -1.7547 0.3195
10.5205 1.7537 -1.6830 0.3209
15.3044 -4.2167 -1.6231 0.3180
22.5104 6.0232 -1.4201 0.3501
14.0314 -1.9053 -1.6286 0.3595
-1.2171 4.2793 -1.7608 0.3434
31.0957 4.1659 -1.5073 0.3594
18.5799 -7.2844 -1.4524 0.3591
6.6609 -8.8684 -1.5528 0.3428
-12.5890 6.8399 -1.6991 0.3585
13.9385 4.0170 -1.6329 0.3461
10.5032 -6.5004 -1.5166 0.3418
15.9998 3.5998 -1.6170 0.3400
21.8675 -3.4106 -1.5762 0.3547
29.9030 -8.8649 -1.3537 0.3744
31.9434 -5.4247 -1.3470 0.3259
12.8111 5.1161 -1.4943 0.3404
32.9574 -2.1855 -1.4963 0.3533
29.6853 0.8972 -1.5238 0.3851
-24.8431 -7.2692 -1.8004 0.3586
13.2570 -8.1468 -1.4989 0.3337
-14.2918 -5.2150 -1.7170 0.3315
-7.2884 -0.5492 -1.8189 0.3697
-7.1500 6.9398 -1.6555 0.3437
3.9878 5.2678 -1.5664 0.3254
-24.3480 -6.7987 -1.7955 0.3703
-10.8522 -8.5706 -1.6803 0.3562
-23.2527 -5.4898 -1.7852 0.3261
14.0335 7.0466 -1.4897 0.3232
28.3573 0.3169 -1.5339 0.3066
34.8673 6.1381 -1.3214 0.3376
1.9134 -2.6084 -1.7320 0.3561
-9.3915 1.8089 -1.8358 0.3692
26.1862 1.8947 -1.5481 0.3585
-18.2105 2.5346 -1.8995 0.3239
33.4543 -0.5970 -1.4937 0.3443
17.8902 -5.2152 -1.4555 0.3786
5.2361 -1.4303 -1.7002 0.3398
-19.2010 9.4952 -1.7514 0.3654
-23.9082 -4.5578 -1.7891 0.3629
7.6719 4.4966 -1.5339 0.3652
-0.1690 8.8946 -1.6012 0.3586
25.5599 1.3251 -1.5528 0.3651
13.5383 -0.2133 -1.6310 0.3204
0.9138 -7.5832 -1.5932 0.3803
-11.4396 5.0653 -1.6951 0.3139
3.8253 8.2298 -1.5724 0.3562
-15.2203 9.6137 -1.7150 0.3490
15.0208 -5.9668 -1.4791 0.3375
11.3437 8.4011 -1.5153 0.3305
23.6043 -2.5946 -1.5649 0.3610
1.9718 2.3831 -1.7313 0.3660
-8.2811 -5.5270 -1.6684 0.3479
25.1837 -5.0322 -1.4007 0.3442
16.4598 2.3792 -1.6121 0.3756
17.4025 -0.3033 -1.6047 0.3416
6.6851 9.2880 -1.5534 0.3492
27.5587 -4.7107 -1.3834 0.3459
-11.3330 7.5607 -1.6869 0.3994
-0.8985 -0.7905 -1.7588 0.3332
22.7740 -7.3089 -1.4170 0.3666
-17.0223 -5.2175 -1.7379 0.3160
23.4866 5.1140 -1.4134 0.3308
-3.8443 6.5327 -1.6303 0.3438
-17.4698 -9.2087 -1.7358 0.3474
-20.2510 -1.7994 -1.9131 0.3445
25.5817 -0.1165 -1.5530 0.3480
21.7169 2.3007 -1.5774 0.3362
-7.7175 3.0123 -1.8198 0.3758
-18.0183 6.6112 -1.7437 0.3300
-10.1659 -4.5322 -1.6864 0.3649
-12.2207 -7.7614 -1.6936 0.3636
18.9833 -6.2703 -1.4481 0.3310
-12.0662 8.7369 -1.6898 0.3427
-12.0341 0.9336 -1.8576 0.3500
-23.0639 -5.6181 -1.7839 0.3835
10.8116 5.7173 -1.5118 0.3426
16.3388 1.7401 -1.6124 0.4225
14.2094 -2.6534 -1.6283 0.3654
9.1159 -9.6339 -1.5358 0.3569
32.9645 5.6557 -1.3381 0.3677
3.3643 4.3488 -1.5704 0.3156
26.6082 -4.7579 -1.3905 0.3734
13.7606 -4.6876 -1.4858 0.3235
-19.9503 -4.5702 -1.7603 0.3674
23.6053 3.4084 -1.5642 0.3381
10.0633 -4.1165 -1.6633 0.3340
14.2115 -3.7927 -1.6304 0.3855
-14.1864 -2.4676 -1.8718 0.3480
1.2494 9.6040 -1.5917 0.3194
27.8349 -0.7980 -1.5374 0.3695
-12.0741 -2.4525 -1.8748 0.3256
-24.9925 -0.5995 -1.9432 0.3772
-9.5495 4.3841 -1.6818 0.3497
4.2525 7.6738 -1.5684 0.3245
24.2767 9.8160 -1.4013 0.3664
13.5975 -0.2787 -1.6305 0.3604
30.1438 -0.7971 -1.5204 0.3075
2.3339 -3.3938 -1.7286 0.3487
-1.5511 5.5819 -1.6129 0.3560
-11.1149 3.1117 -1.8474 0.3548
-11.9163 -2.7327 -1.8544 0.3463
19.1666 0.3708 -1.5935 0.3649
-20.1785 -5.8836 -1.7616 0.3614
-10.4372 3.8799 -1.8403 0.3506
28.1537 -4.9575 -1.3782 0.3453
9.6152 -3.0091 -1.6644 0.3530
-22.2047 -8.6376 -1.7789 0.3379
17.2553 -5.6026 -1.4609 0.3295
5.4009 -6.1023 -1.5564 0.3275
26.2713 4.7061 -1.3931 0.3480
15.9460 3.8894 -1.6178 0.3328
-24.7332 0.7629 -1.9415 0.3468
-12.6557 -2.2589 -1.8608 0.3766
-9.5222 7.7883 -1.6718 0.3459
17.1339 7.6817 -1.4652 0.3528
5.5589 2.0567 -1.6978 0.3454
19.8468 3.1590 -1.5898 0.3761
5.7720 5.9290 -1.5530 0.3832
-5.3569 4.4555 -1.6467 0.3406
-18.7804 -5.5020 -1.7510 0.3646
-12.8427 0.0672 -1.8640 0.3918
-0.9532 -6.9623 -1.6073 0.3268
8.0873 6.1876 -1.5350 0.3696
31.3182 3.0715 -1.5081 0.3152
-10.6168 9.5818 -1.6761 0.3506
14.9651 -7.2698 -1.4826 0.3472
-15.8472 0.2030 -1.8851 0.3159
17.8252 4.4802 -1.4550 0.3718
-24.3195 7.3468 -1.7961 0.3530
14.3552 7.0680 -1.4871 0.3315
-15.2069 -5.9600 -1.7224 0.3566
-14.1805 9.6464 -1.7059 0.3681
8.5345 9.6269 -1.5403 0.3146
-2.4753 9.3812 -1.6168 0.2870
3.2783 2.2723 -1.7190 0.3492
-6.4667 6.6387 -1.6509 0.3346
32.2080 -8.4793 -1.3361 0.3768
-7.5606 -4.8908 -1.6642 0.3426
7.5228 -8.1601 -1.5447 0.3562
26.2613 0.1112 -1.5485 0.3463
14.8508 9.2946 -1.4877 0.3191
-5.6334 2.9834 -1.8017 0.3506
8.1462 -0.7750 -1.6738 0.3235
-20.0205 5.8567 -1.7603 0.3225
7.7412 1.0067 -1.6774 0.3280
0.8833 -0.8470 -1.7414 0.3263
20.4760 2.5866 -1.5855 0.3458
25.8742 0.2360 -1.5511 0.3422
-13.0230 2.8309 -1.8626 0.3557
-20.1078 6.0527 -1.7609 0.3185
-1.5666 -0.7516 -1.7653 0.3450
7.0490 -1.6996 -1.6841 0.3404
-2.3919 1.1733 -1.7732 0.3540
12.7137 8.0951 -1.5032 0.3550
5.3391 -1.5404 -1.6993 0.3531
31.1976 6.9550 -1.3484 0.3302
-0.4365 2.3433 -1.7541 0.3505
-20.0504 -9.7521 -1.7592 0.3397
-6.8839 -0.4759 -1.8153 0.3763
11.3536 -5.7893 -1.5077 0.3522
-9.6385 -6.9927 -1.6750 0.3516
-8.8607 -5.3112 -1.6737 0.3244
-4.6257 4.2484 -1.7907 0.3382
19.7685 2.5477 -1.5902 0.3552
31.4080 0.7371 -1.5105 0.3484
-3.9774 -0.0946 -1.7886 0.3482
-13.2707 -2.2164 -1.8655 0.3149
0.2382 7.7314 -1.5982 0.3337
-3.8896 8.6491 -1.6274 0.3445
34.4015 5.2888 -1.3274 0.3740
2.8321 -4.2355 -1.7249 0.3122
15.7570 8.2773 -1.4780 0.3291
29.8273 6.3827 -1.3611 0.3120
12.7437 -7.5195 -1.5015 0.3565
-10.0373 -3.1664 -1.8387 0.3737
11.4446 -3.4479 -1.6507 0.3572
-0.8874 4.6009 -1.6077 0.3615
0.3410 0.4780 -1.7467 0.3294
33.7595 -4.6623 -1.3344 0.3574
-8.2845 -5.3841 -1.6688 0.3346
3.1361 -0.8499 -1.7196 0.3512
-15.4080 3.3191 -1.8792 0.3600
-14.2873 0.1745 -1.8744 0.3442
11.2091 -4.7793 -1.5059 0.3664
20.0609 2.3997 -1.5882 0.3467
13.1876 9.9782 -1.5033 0.3555
-5.2430 -6.4666 -1.6416 0.3878
-21.4229 0.5680 -1.9205 0.3599
3.2158 -2.4869 -1.7197 0.3350
5.2562 -5.6317 -1.5566 0.3404
21.2391 7.5098 -1.4299 0.3675
13.4174 9.1554 -1.4998 0.3709
27.2755 -2.9961 -1.5389 0.3493
21.9790 -3.0542 -1.5755 0.3195
-3.0473 -8.1648 -1.6220 0.3310
12.9333 2.3551 -1.6372 0.3536
19.8372 -9.4691 -1.4427 0.3616
32.4128 -0.0758 -1.5026 0.3701
0.3411 -6.9437 -1.5974 0.3094
13.8969 3.4464 -1.6320 0.3674
-1.4402 8.5782 -1.6101 0.3785
19.2697 -8.2243 -1.4472 0.3021
29.7196 5.5548 -1.3643 0.3499
30.1536 6.6114 -1.3578 0.3652
-15.5747 -6.4759 -1.7242 0.3218
-12.7542 8.4528 -1.6962 0.3400
20.2958 2.4184 -1.5867 0.3612
12.8606 0.6987 -1.6360 0.3395
29.3064 3.4283 -1.5230 0.3427
-6.1720 -4.2378 -1.8041 0.3544
25.8812 -9.4918 -1.3871 0.3266
16.0266 -1.1590 -1.6141 0.3287
-13.2726 4.8669 -1.7100 0.3594
-17.4103 8.3730 -1.7363 0.3690
17.1634 -1.3979 -1.6066 0.3580
-15.4923 -4.7270 -1.7273 0.3772
22.6597 -7.3741 -1.4179 0.3584
8.4257 8.7099 -1.5391 0.3869
3.6120 -5.3811 -1.5697 0.3513
-8.4683 8.2214 -1.6624 0.3551
34.0307 -6.3249 -1.3276 0.3581
18.3300 -9.6373 -1.4568 0.3374
21.6838 -5.5156 -1.4268 0.3345
21.1227 -0.1442 -1.6092 0.3320
10.0409 -3.0259 -1.6610 0.3389
31.3819 8.1544 -1.3435 0.3914
10.0293 0.9017 -1.7781 0.3864
6.2027 -7.6446 -1.5536 0.3434
-8.5774 2.5066 -1.8279 0.3416
-8.0958 -2.2211 -1.8243 0.3071
19.2130 3.5788 -1.5944 0.3301
-4.9140 5.7235 -1.6404 0.3338
18.7226 9.7110 -1.4532 0.3412
32.1624 1.5329 -1.5038 0.3386
1.3584 -2.6650 -1.7372 0.3543
-19.1605 -1.3280 -1.9063 0.3655
14.9928 -1.9476 -1.6218 0.3354
-24.4286 -0.9893 -1.9396 0.3787
22.2202 -9.3988 -1.4206 0.3569
6.5392 -5.0534 -1.5447 0.3678
4.3839 9.7552 -1.5705 0.3412
9.1665 8.5603 -1.5330 0.3609
5.9845 -9.0342 -1.5581 0.3591
-5.5734 9.5916 -1.6380 0.3794
-8.1095 5.8391 -1.6661 0.3631
-0.0822 -9.9451 -1.6005 0.3671
28.6946 8.2693 -1.3652 0.3394
-16.8778 9.2074 -1.7304 0.3739
-5.5141 2.5752 -1.8012 0.3245
-13.4620 5.7666 -1.7091 0.3385
0.6282 -3.3494 -1.7442 0.3556
-16.9901 1.4464 -1.8922 0.3269
20.6477 4.6310 -1.4346 0.3315
-18.7920 1.2252 -1.9040 0.3315
14.9157 -3.9079 -1.6254 0.3576
-8.9374 2.9840 -1.8301 0.3468
3.3314 6.7684 -1.5740 0.3693
-13.0007 6.7202 -1.7028 0.3876
18.8134 -7.3566 -1.4505 0.3554
31.8966 -1.0916 -1.5064 0.3398
-11.6953 -9.2252 -1.6856 0.3574
32.1892 2.6553 -1.5019 0.3321
-5.4836 -5.1568 -1.6463 0.3487
8.4708 8.6071 -1.5385 0.3992
17.0954 2.3651 -1.6078 0.3459
-13.0439 -1.9876 -1.8641 0.3561
1.6858 4.6293 -1.5853 0.3468
-20.9304 -5.8522 -1.7674 0.3418
16.8232 -8.1714 -1.4686 0.3596
-0.0030 -8.2524 -1.6000 0.3246
28.4987 1.6561 -1.5320 0.3467
-8.5605 7.7774 -1.6643 0.3229
30.4161 -5.5448 -1.3588 0.3809
-16.5376 5.2010 -1.7343 0.3697
11.4180 -9.2475 -1.5167 0.3346
-6.5315 -2.9332 -1.8097 0.3129
-14.0931 3.0743 -1.8701 0.3598
-19.3638 6.5250 -1.7547 0.3491
14.3386 8.8638 -1.4913 0.3949
-11.0099 2.6514 -1.8475 0.3780
9.3689 -0.7465 -1.6634 0.3627
33.7651 -8.7873 -1.3233 0.3394
-6.0423 -4.4870 -1.6524 0.3448
-22.9033 8.4622 -1.7850 0.3560
-16.4306 1.6579 -1.8883 0.3571
-17.8407 -3.1465 -1.8965 0.3358
2.7970 -5.0237 -1.5761 0.3227
19.6790 -7.7269 -1.4434 0.3886
-7.2133 5.0321 -1.6610 0.3507
-16.2494 -1.7525 -1.8870 0.3585
13.4460 8.7310 -1.4987 0.3329
-6.9292 -0.9122 -1.8155 0.3773
9.5102 6.3675 -1.5242 0.3708
31.0272 -7.3952 -1.3485 0.3512
-7.5192 -6.9818 -1.6583 0.3542
5.7495 -4.5358 -1.5501 0.3557
23.4087 -6.1753 -1.4128 0.3520
16.5031 9.5348 -1.4734 0.3612
20.0887 6.1628 -1.4392 0.3575
21.3542 -3.0318 -1.5797 0.3465
7.3950 0.3965 -1.6801 0.3266
7.1637 0.6650 -1.6823 0.3495
18.1334 2.1442 -1.6007 0.3650
16.8589 -7.9277 -1.4679 0.3634
15.2035 -3.0204 -1.6217 0.3762
-2.0719 -8.2814 -1.6148 0.3784
24.7126 8.3813 -1.3991 0.3640
-10.8278 -1.9309 -1.8472 0.3537
-15.6561 4.5403 -1.7289 0.3569
-4.2903 8.4165 -1.6307 0.3385
-9.7701 -3.8113 -1.8351 0.3660
14.7910 -8.2430 -1.4862 0.3765
-11.1389 -3.2757 -1.8473 0.3708
14.3894 3.4198 -1.6283 0.3611
5.7934 -0.0041 -1.6945 0.3452
-15.8530 -8.5009 -1.7225 0.3429
-9.4962 -8.5961 -1.6695 0.3468
6.3036 3.9912 -1.6943 0.3354
18.9863 4.7309 -1.4468 0.3555
-1.1049 -7.8098 -1.6081 0.2941
-11.0300 5.8944 -1.6894 0.3392
-7.2953 -3.0888 -1.8160 0.3514
-19.2930 -8.6358 -1.7527 0.4000
-23.4910 -3.3228 -1.9349 0.3501
33.3878 4.6095 -1.3376 0.3508
-19.2154 3.1156 -1.9059 0.3333
-17.5068 -0.3706 -1.8959 0.3844
27.2578 -4.4069 -1.3863 0.3337
14.8103 -1.6414 -1.6228 0.3907
1.1644 -2.3678 -1.7390 0.3352
13.9414 -2.1995 -1.6296 0.3688
31.0991 -0.2061 -1.5132 0.3489
-19.0374 -0.8943 -1.9056 0.3388
-10.3773 -7.9506 -1.6782 0.3702
26.6180 -4.1966 -1.5416 0.3766
21.8384 -7.4178 -1.4248 0.3463
34.6554 2.0419 -1.4820 0.3495
-6.1655 -1.5437 -1.8082 0.3417
31.6932 3.4385 -1.5043 0.3545
-4.3787 -8.2479 -1.6316 0.3281
17.9056 -3.1018 -1.6030 0.2961
27.9646 -6.3930 -1.3760 0.3126
-14.7531 -8.1582 -1.7137 0.3456
-12.6617 5.4689 -1.7036 0.3286
9.8575 -7.3813 -1.5244 0.3476
25.6295 -6.5017 -1.3945 0.3398
-20.2630 -2.6644 -1.9131 0.3359
26.0528 -4.1447 -1.5458 0.3370
-4.4128 8.3964 -1.6316 0.3693
-0.6264 9.7729 -1.6041 0.3547
-4.6083 -1.5520 -1.7939 0.3813
29.6888 -5.9773 -1.3634 0.3521
-17.1523 -0.0378 -1.8937 0.3118
9.4565 -0.0866 -1.6625 0.3291
-16.1135 -0.6792 -1.8867 0.3523
30.7157 -9.5933 -1.3455 0.3548
22.8759 -7.4325 -1.4160 0.3383
-10.9708 -7.1798 -1.6851 0.3341
-7.1333 -2.9648 -1.8148 0.3378
-2.1091 1.6158 -1.7703 0.3471
-0.6749 7.5569 -1.6050 0.3490
24.0406 -5.5329 -1.4087 0.3280
8.8720 5.4240 -1.5265 0.3549
0.6770 -5.4758 -1.5943 0.3547
18.1667 -9.3477 -1.4580 0.3478
2.4719 2.9972 -1.7270 0.3362
-17.3056 -5.7073 -1.7393 0.3634
-18.5506 8.3931 -1.7463 0.3765
-5.4426 8.6684 -1.6386 0.3410
11.1722 -7.8994 -1.5153 0.3374
-16.9095 -6.1056 -1.7356 0.3593
8.0080 -5.7917 -1.5346 0.3266
-8.8234 8.2288 -1.6651 0.3245
16.7248 -8.4395 -1.4698 0.3370
-23.3042 5.0234 -1.7851 0.3562
3.1414 -4.2459 -1.7222 0.3324
-21.8642 1.6487 -1.9234 0.3496
-5.1695 -6.4544 -1.6410 0.3098
-24.0655 6.1306 -1.7923 0.3623
3.1459 3.4154 -1.7212 0.3788
21.0210 -9.5771 -1.4317 0.3318
-18.9868 -5.2573 -1.7528 0.3589
19.1134 -0.6730 -1.5939 0.3458
10.0517 0.6235 -1.7220 0.3521
5.2763 6.5454 -1.5583 0.3451
10.9690 -2.2607 -1.6521 0.3439
-4.8462 8.5369 -1.6345 0.3333
17.6204 -6.1223 -1.4588 0.3281
21.7800 7.1543 -1.4254 0.3720
21.6934 8.0860 -1.4259 0.3164
-8.8324 2.5337 -1.8300 0.3496
14.2344 9.3505 -1.4932 0.3487
-16.1143 -1.7883 -1.8861 0.3491
4.7252 3.9857 -1.7080 0.3633
-24.8422 -9.7980 -1.8038 0.3426
-13.3848 -4.5064 -1.7118 0.3631
12.9040 1.3274 -1.6362 0.3897
27.4617 7.5187 -1.3773 0.3470
-22.0583 9.0585 -1.7777 0.3094
8.5132 1.5887 -1.6713 0.3471
13.2065 7.1174 -1.4966 0.3452
30.9435 5.9846 -1.3533 0.3580
14.3086 5.4735 -1.4835 0.3101
-18.8180 -7.7708 -1.7492 0.3565
-16.1953 -0.4272 -1.8874 0.3416
13.1458 -0.2748 -1.6338 0.3661
-12.0628 5.7492 -1.6981 0.3396
30.6983 1.7222 -1.5153 0.3674
30.2412 6.3971 -1.3577 0.3198
31.9194 9.1290 -1.3368 0.3504
-7.4228 1.0933 -1.8197 0.3306
18.0170 5.8342 -1.4553 0.3402
14.7808 1.2112 -1.6226 0.4044
-22.8638 2.5141 -1.9302 0.3310
-9.0661 -0.4799 -1.8342 0.3425
-12.5940 9.1919 -1.6932 0.3271
-2.7515 6.3515 -1.6219 0.3439
32.1832 5.0388 -1.3462 0.3470
25.7361 -3.4083 -1.5493 0.3353
-7.3945 -0.2917 -1.8199 0.3815
6.8019 7.2582 -1.5481 0.3731
-13.4640 8.7277 -1.7015 0.3311
-8.3540 9.9510 -1.6578 0.3663
-21.0998 4.6886 -1.7687 0.3404
13.5564 4.6168 -1.4872 0.3254
14.4152 -8.1225 -1.4891 0.3356
25.3101 5.0308 -1.3998 0.3249
27.2931 -3.0652 -1.5387 0.3688
-15.3964 7.2925 -1.7210 0.3325
19.5825 -9.7750 -1.4452 0.3758
-16.9175 8.6877 -1.7315 0.3528
-2.5771 -0.3224 -1.7751 0.3419
5.9322 -7.4409 -1.5552 0.3400
-22.0318 2.0200 -1.9245 0.3851
-15.5942 3.8407 -1.8797 0.3502
-8.7330 5.5960 -1.6718 0.3399
-17.3475 4.0370 -1.8921 0.3671
31.0458 1.0675 -1.5132 0.3617
-7.7008 -8.3611 -1.6562 0.3302
5.0703 7.2580 -1.5614 0.3501
34.7921 9.6681 -1.3138 0.3138
8.9986 5.5601 -1.5259 0.3493
-0.3103 -9.3052 -1.6021 0.3563
30.7875 5.1140 -1.3571 0.3590
-11.6501 -4.6072 -1.6980 0.3300
-14.2300 9.2420 -1.7070 0.3352
7.1219 -8.7298 -1.5491 0.3549
0.6381 -8.1548 -1.5954 0.3750
22.8192 -6.3726 -1.4174 0.3518
-22.4794 5.0632 -1.7790 0.3388
12.0635 3.0281 -1.6450 0.3694
17.6407 4.5447 -1.4565 0.3526
33.3150 -2.9223 -1.4921 0.3536
-16.2542 7.5915 -1.7275 0.3660
-10.2254 -1.0749 -1.8434 0.3481
30.9466 -7.3177 -1.3494 0.3313
12.8377 5.3495 -1.4947 0.3469
-22.7171 0.5908 -1.9286 0.3722
-20.3594 1.8682 -1.9138 0.3879
22.1264 -2.2976 -1.5748 0.3256
9.0485 4.2144 -1.6718 0.3827
8.9249 -9.2886 -1.5366 0.3427
27.7919 -0.1765 -1.5379 0.3504
-10.5341 -1.4568 -1.8455 0.3840
-15.3741 4.9296 -1.7259 0.3418
11.8284 -4.6826 -1.5008 0.3445
27.9454 -5.3258 -1.3789 0.3371
-9.0850 -3.6034 -1.8300 0.3508
15.8777 -0.3891 -1.6148 0.3562
-15.8573 -5.8025 -1.7279 0.3363
-14.6855 3.6841 -1.8733 0.3790
29.0906 -3.3678 -1.5248 0.3351
-17.9221 -1.5695 -1.8982 0.3600
-23.5393 1.1519 -1.9339 0.3505
21.4964 -2.4625 -1.5788 0.3749
-3.2494 4.0245 -1.7790 0.3339
-1.2005 3.1239 -1.7611 0.3615
22.9915 5.1367 -1.4171 0.3984
-14.2039 0.4601 -1.8737 0.3212
14.0196 -2.6516 -1.6297 0.3320
-6.1883 -5.9774 -1.6502 0.3917
-18.7439 -1.2623 -1.9036 0.3473
16.2498 7.4603 -1.4723 0.3523
-5.8802 -7.5795 -1.6441 0.3434
26.9962 -5.6920 -1.3854 0.3831
30.1421 3.3049 -1.5168 0.3177
25.9431 1.4990 -1.5501 0.3747
-5.6589 8.3237 -1.6409 0.3204
-10.8050 -9.4193 -1.6780 0.3187
28.5680 7.5703 -1.3680 0.3283
2.1768 4.5098 -1.5809 0.3474
17.4644 5.5103 -1.4591 0.3357
24.6299 -2.4267 -1.5581 0.3345
-8.3388 -3.8535 -1.8232 0.3314
-17.8542 -9.7124 -1.7388 0.3318
12.4897 5.7481 -1.4986 0.3313
10.4115 -6.7689 -1.5182 0.3547
-8.7880 -5.4774 -1.6726 0.3373
10.0824 -4.4688 -1.5141 0.2967
22.4214 7.3935 -1.4199 0.3493
-3.9993 -4.2420 -1.7853 0.3650
-10.4609 -1.4863 -1.8449 0.3444
18.5001 4.9469 -1.4506 0.3248
22.1523 7.8454 -1.4220 0.3649
32.2574 5.8237 -1.3433 0.3225
-16.1448 0.7083 -1.8869 0.3436
28.3558 -9.9564 -1.3646 0.3496
20.9059 -6.8432 -1.4328 0.3716
17.1140 -4.9279 -1.4609 0.3616
-6.2168 -1.7247 -1.8085 0.3548
-23.6684 -2.7562 -1.9357 0.3686
5.4530 0.2881 -1.6976 0.3268
-7.8538 -1.7594 -1.8229 0.3816
-7.6107 4.5213 -1.6655 0.2887
30.6283 -8.9554 -1.3476 0.3786
-15.8219 9.8946 -1.7200 0.3332
31.0539 6.8612 -1.3498 0.3576
5.2284 -3.3007 -1.7024 0.3790
25.2968 -2.0640 -1.5540 0.3612
-7.9847 9.2741 -1.6563 0.3574
13.0352 8.7161 -1.5021 0.3673
8.3953 -2.1365 -1.6730 0.3204
30.4500 -8.8077 -1.3494 0.3234
-14.2421 9.7593 -1.7062 0.3554
-12.7258 3.0751 -1.8599 0.3460
31.9379 3.8600 -1.5013 0.3437
-19.1221 -4.5081 -1.7544 0.3748
13.0809 6.3741 -1.4956 0.3730
-21.3662 1.1496 -1.9202 0.3316
-20.3806 -0.5952 -1.9140 0.3588
10.8289 4.8240 -1.5091 0.3187
8.0821 -2.5620 -1.6763 0.3182
9.3816 -1.4119 -1.6638 0.3321
3.4191 3.0465 -1.7184 0.3489
19.5416 2.7917 -1.5917 0.3369
34.5313 9.4237 -1.3162 0.3590
-8.4531 1.2570 -1.8285 0.3497
-5.5936 -3.5803 -1.8003 0.3723
-5.6170 -4.2512 -1.7993 0.3609
20.7961 0.6804 -1.5834 0.3292
-4.1191 -7.6088 -1.6307 0.3680
15.6042 1.7620 -1.6174 0.3328
1.7533 -2.1949 -1.7333 0.3582
11.4683 -2.9601 -1.6495 0.3402
24.7409 -6.1505 -1.4023 0.3765
5.8435 -0.0917 -1.6940 0.3646
3.5104 -9.2473 -1.5760 0.3361
-8.9815 2.1437 -1.8319 0.3423
5.9543 -4.2890 -1.6979 0.4154
-9.2553 8.1014 -1.6689 0.3248
25.6142 0.5272 -1.5528 0.3356
-1.6682 5.6117 -1.6138 0.3366
-17.2535 7.0238 -1.7369 0.3268
-10.6019 7.5797 -1.6810 0.3289
7.0749 7.4126 -1.5463 0.3478
29.9773 -5.4906 -1.3625 0.3595
-6.9663 -3.9337 -1.8115 0.3181
-9.1368 4.1588 -1.8291 0.3400
-0.6064 0.7524 -1.7559 0.3339
33.0653 2.1866 -1.4954 0.3266
25.7132 3.5546 -1.5493 0.3699
-16.0199 -7.7149 -1.7253 0.3347
11.8252 -6.6339 -1.5064 0.3226
22.5119 2.7567 -1.5721 0.3676
21.0806 2.5074 -1.5816 0.3750
4.3307 6.3486 -1.5655 0.3548
18.9099 3.8756 -1.5967 0.3312
10.0152 -5.8465 -1.5186 0.3444
-12.9133 -8.5986 -1.6972 0.3369
-21.6368 -2.1795 -1.9220 0.3490
-2.8300 -2.5746 -1.7766 0.3643
-21.2837 5.3483 -1.7701 0.3495
-1.2992 3.4297 -1.7619 0.3499
24.7327 7.4440 -1.4003 0.3397
25.6576 0.0852 -1.5525 0.3633
-22.9556 -4.2260 -1.9319 0.3574
-20.8279 0.0850 -1.9168 0.3132
15.1920 -5.6900 -1.4771 0.3144
4.9999 -8.7894 -1.5648 0.3434
-16.0385 -0.0063 -1.8864 0.3694
23.3318 -1.7279 -1.5672 0.3733
-12.0102 -9.3554 -1.6880 0.3653
-20.3110 4.4255 -1.7630 0.3470
19.9704 2.8870 -1.5889 0.3793
11.4876 -8.5240 -1.5144 0.3356
-1.3334 4.2005 -1.7619 0.3432
16.5636 -8.3436 -1.4711 0.3216
29.6828 0.3531 -1.5241 0.3431
-22.9491 2.4449 -1.9307 0.3328
12.6608 -0.0203 -1.6374 0.3808
-11.9100 4.9481 -1.6991 0.3768
3.4483 -2.2887 -1.7174 0.3513
0.4389 -5.7409 -1.5964 0.3593
-1.6012 -0.2718 -1.7657 0.3379
-13.5786 -3.1553 -1.8662 0.2993
23.1590 -6.9745 -1.4141 0.3348
-2.2288 -0.5783 -1.7717 0.3650
28.2318 -5.9714 -1.3750 0.3588
-3.7199 -0.5941 -1.7860 0.3422
25.3828 1.8506 -1.5536 0.3648
7.6680 5.6440 -1.5369 0.3406
-1.8625 7.0633 -1.6143 0.3272
17.2419 3.3633 -1.6078 0.3648
22.1993 7.8708 -1.4215 0.3378
3.9614 1.1558 -1.7119 0.3705
0.5252 4.2086 -1.7453 0.3100
9.6451 5.4073 -1.5203 0.3386
10.1098 6.4969 -1.5198 0.3619
0.5288 5.0370 -1.5955 0.3599
20.4598 8.0483 -1.4367 0.3456
-1.0167 -0.5429 -1.7599 0.3557
2.1799 9.0696 -1.5850 0.3528
11.3191 -1.9943 -1.6490 0.3202
34.2109 -8.5962 -1.3203 0.3427
-9.3588 -6.3577 -1.6747 0.3545
-11.0828 1.1653 -1.8501 0.3601
-14.3868 -9.7082 -1.7075 0.3487
16.3667 -6.8521 -1.4701 0.3390
1.9457 -2.5185 -1.7316 0.3233
-1.6836 2.4859 -1.7659 0.3651
-12.7546 -6.6890 -1.7009 0.3629
28.4683 1.4973 -1.5323 0.3697
1.5904 3.2629 -1.7353 0.3284
11.4616 5.2732 -1.5053 0.3524
-18.2482 3.2096 -1.8993 0.3362
-18.5217 -4.9983 -1.7495 0.3509
-20.9587 9.9472 -1.7677 0.4081
-2.9592 7.7650 -1.6218 0.3681
3.3732 -2.5296 -1.7183 0.3349
-10.3253 -9.4162 -1.6741 0.3449
-4.0193 0.5742 -1.7889 0.3428
-24.6244 7.3038 -1.7986 0.3525
-3.9347 6.4389 -1.6312 0.3195
-17.8497 7.9511 -1.7406 0.3565
-17.2969 9.3903 -1.7340 0.3076
-24.7296 4.2606 -1.9447 0.3165
16.7828 -6.7520 -1.4666 0.3900
30.8770 -9.2717 -1.3449 0.3428
12.2927 -6.9719 -1.5036 0.3785
-19.2279 -5.9780 -1.7541 0.3338
34.3790 -8.7722 -1.3187 0.3080
33.5351 -0.9310 -1.4928 0.3290
3.0941 5.6776 -1.5744 0.4038
-18.5278 -9.9150 -1.7449 0.3218
18.2444 6.0725 -1.4538 0.3855
32.6881 8.5061 -1.3323 0.3569
21.7220 -6.9603 -1.4260 0.3524
12.4522 -9.5731 -1.5088 0.3350
11.6499 -0.4127 -1.6451 0.3320
33.6751 7.3706 -1.3276 0.3613
-20.6128 4.7366 -1.7651 0.3764
-16.0266 -9.3060 -1.7227 0.3539
24.8487 3.4653 -1.5555 0.3648
-16.2932 6.3549 -1.7302 0.3415
-2.0022 -4.5790 -1.6175 0.3935
-8.1100 3.0683 -1.8230 0.3548
-10.3933 -0.1210 -1.8451 0.3907
-23.4567 -5.8874 -1.7872 0.3307
8.9751 8.0302 -1.5331 0.3491
-0.9256 -5.5398 -1.6077 0.3714
8.0954 6.8095 -1.5367 0.3528
-6.7295 4.0331 -1.8093 0.3604
31.4877 -5.5818 -1.3502 0.3304
10.4808 4.2265 -1.6603 0.3419
32.6724 -9.4799 -1.3302 0.3325
-3.9996 -5.2746 -1.6337 0.3483
-24.8626 -4.2919 -1.9457 0.3462
21.8759 7.7838 -1.4244 0.3394
24.6427 8.3077 -1.3998 0.3626
-21.4778 -4.5802 -1.7714 0.3287
12.5222 -0.5068 -1.6385 0.3070
14.6611 9.6325 -1.4899 0.3386
-16.2560 3.3196 -1.8853 0.3930
8.1515 -8.6058 -1.5410 0.3602
-10.4081 -2.1714 -1.8435 0.3331
-24.0129 -1.5712 -1.9372 0.3589
27.0147 -3.8721 -1.5393 0.3473
4.5017 0.3983 -1.7065 0.3578
21.9019 4.7204 -1.4254 0.3676
18.3736 3.8300 -1.6004 0.3539
34.6223 -2.9690 -1.4809 0.3524
1.2772 4.7328 -1.5889 0.3797
0.6530 0.6815 -1.7436 0.3608
-8.0947 5.3903 -1.6672 0.3539
12.5088 -7.7222 -1.5040 0.3508
4.1667 -1.9048 -1.7104 0.3387
18.7257 -2.1070 -1.5968 0.3251
-3.6093 -2.9639 -1.7834 0.3634
-17.1493 3.9607 -1.8907 0.3755
26.7461 1.1426 -1.5448 0.3586
24.6828 -2.2822 -1.5579 0.3613
-3.9400 0.7260 -1.7881 0.3323
16.4211 4.0879 -1.6147 0.3381
4.5442 3.5025 -1.7088 0.3244
20.6583 5.2135 -1.4346 0.3450
-1.5921 7.0295 -1.6122 0.3697
7.1384 4.7878 -1.5390 0.3361
-21.5310 -6.3972 -1.7723 0.3485
-14.5054 6.9316 -1.7145 0.3640
21.9059 -3.3595 -1.5759 0.3742
-2.1061 3.3195 -1.7694 0.3171
-22.8937 9.8194 -1.7858 0.3405
-14.9418 -4.1072 -1.8744 0.3352
-0.3041 -4.5958 -1.6027 0.3325
18.0748 -6.3567 -1.4555 0.3423
-3.1909 9.6816 -1.6214 0.3111
19.7111 -1.4613 -1.5903 0.3426
26.4836 5.6773 -1.3895 0.3507
-4.5318 -9.0152 -1.6315 0.3291
23.0225 -6.3915 -1.4157 0.3404
-17.3872 -8.7363 -1.7356 0.3504
-0.0830 6.3127 -1.6007 0.3524
-19.1463 -7.8689 -1.7519 0.3173
-21.8483 8.4632 -1.7756 0.3640
-21.1284 3.2751 -1.9188 0.3645
-18.7149 8.1908 -1.7479 0.3352
25.1436 -1.8228 -1.5552 0.3836
7.6206 0.5132 -1.6782 0.3591
31.8433 -9.4486 -1.3367 0.3562
7.2800 -0.6819 -1.6813 0.3637
12.7227 1.8143 -1.6380 0.3293
-13.9310 -7.9882 -1.7071 0.3429
7.4349 9.6247 -1.5485 0.3624
-1.8818 -9.9122 -1.6124 0.3340
30.8861 -4.6510 -1.3577 0.3430
31.0353 2.3124 -1.5118 0.3620
-13.0901 -0.0472 -1.8658 0.3562
12.2079 -5.2160 -1.4993 0.3504
13.2905 9.7351 -1.5020 0.3513
8.7521 -6.2225 -1.5298 0.3465
-17.5402 1.3670 -1.8958 0.3671
14.2409 -7.6823 -1.4895 0.3918
22.9451 -8.8772 -1.4143 0.3559
-4.2864 -0.2426 -1.7915 0.3756
5.8731 6.0940 -1.5526 0.3413
-18.0203 0.6263 -1.8992 0.3364
30.8413 -4.1274 -1.5094 0.3342
-18.4277 -9.6654 -1.7441 0.3316
-12.4974 8.8106 -1.6932 0.3441
-7.0913 -5.7623 -1.6581 0.3677
24.5474 1.4914 -1.5594 0.3701
17.0394 -9.6895 -1.4687 0.3398
-24.5791 -8.0559 -1.7993 0.3435
-13.9863 -6.5966 -1.7111 0.3500
20.0091 -7.7537 -1.4405 0.3547
-0.7699 0.6151 -1.7575 0.3617
-23.4272 -2.0589 -1.9336 0.3420
32.8350 6.0257 -1.3381 0.3460
-15.9260 -7.6759 -1.7246 0.3771
5.6280 -1.3786 -1.6965 0.3444
-10.1010 -1.4350 -1.8420 0.3385
19.2482 -5.3838 -1.4453 0.3483
21.6036 -8.0808 -1.4267 0.3516
-1.1668 -9.7867 -1.6077 0.3192
14.5070 -9.6234 -1.4913 0.3411
29.5444 -2.0275 -1.5237 0.3584
23.8885 -8.9145 -1.4058 0.3901
-0.1061 -2.1088 -1.7510 0.3394
1.4886 -1.2518 -1.7356 0.3653
28.2127 -1.0923 -1.5345 0.3536
-22.9376 -6.1669 -1.7834 0.3732
-23.6313 -0.0257 -1.9343 0.3376
-12.6523 -2.1537 -1.8626 0.3721
24.6573 9.7905 -1.3979 0.3780
-15.8072 -9.0926 -1.7211 0.3789
-7.8832 -8.9224 -1.6563 0.3785
12.7441 6.4906 -1.4986 0.3538
-13.9454 -4.6796 -1.7156 0.3617
-6.8130 -6.3243 -1.6544 0.3416
3.0148 7.4897 -1.5774 0.3055
-11.3134 0.6546 -1.8523 0.3551
34.5448 2.3158 -1.4826 0.3468
-15.1932 -9.8408 -1.7145 0.3693
25.9962 -4.7850 -1.3950 0.3672
3.2060 -4.8159 -1.5724 0.3288
-17.2526 5.2178 -1.7397 0.3968
-17.8908 -2.2890 -1.8976 0.3578
5.0178 1.5487 -1.7023 0.3243
-3.7888 8.6381 -1.6267 0.3271
-10.9239 9.6935 -1.6784 0.3064
32.5363 -7.4534 -1.3363 0.3653
2.8028 1.1173 -1.7229 0.3395
30.7287 3.9828 -1.5107 0.3332
-15.1600 5.6411 -1.7227 0.3371
-13.9920 8.4022 -1.7067 0.3440
10.7617 4.5667 -1.5089 0.3615
-8.8075 3.7987 -1.8272 0.3171
-13.9037 -8.9180 -1.7048 0.3286
-19.3189 0.8964 -1.9074 0.3593
-20.4238 1.9753 -1.9142 0.3381
20.1901 3.9300 -1.5877 0.3616
-8.0702 1.6673 -1.8248 0.3401
33.7052 -1.8110 -1.4905 0.3815
-14.0127 -0.2509 -1.8724 0.3542
-3.7332 9.3464 -1.6254 0.3745
-2.5055 -3.4179 -1.7729 0.3604
5.0092 5.6891 -1.5587 0.3616
27.2382 2.1488 -1.5404 0.3350
25.0862 -1.1234 -1.5560 0.3733
-24.4026 -1.7136 -1.9398 0.3543
-0.4447 0.7445 -1.7543 0.3309
24.6762 5.9959 -1.4030 0.3078
-24.9881 -7.5570 -1.8020 0.3528
7.0184 8.2131 -1.5487 0.3802
-9.4315 5.4829 -1.6778 0.3319
-0.2339 -3.0194 -1.7522 0.3312
0.2183 -9.7964 -1.5986 0.3437
-1.4947 -7.8955 -1.6109 0.3720
28.5170 -7.1121 -1.3696 0.3133
7.1878 -7.9284 -1.5467 0.3370
29.2248 -7.9444 -1.3616 0.3299
18.6045 9.2029 -1.4539 0.3612
-3.9328 3.1692 -1.7861 0.3471
4.6138 6.4128 -1.5633 0.3431
-1.6085 1.2563 -1.7656 0.3464
24.7145 2.3897 -1.5576 0.3657
-13.7441 7.6200 -1.7065 0.3724
31.1847 -4.7606 -1.3550 0.3705
9.8255 3.8905 -1.6647 0.3615
11.7055 7.9862 -1.5112 0.3777
6.0081 8.7258 -1.5573 0.3314
8.2698 -1.1190 -1.6729 0.3578
15.0605 7.1342 -1.4815 0.3970
14.3021 0.0772 -1.6255 0.3133
-12.1512 -4.8423 -1.7013 0.3393
9.9464 -4.9808 -1.5166 0.3293
-3.7224 -0.9647 -1.7860 0.3558
13.2218 -4.8422 -1.4904 0.3788
7.8701 -9.4004 -1.5448 0.3608
-14.2192 -7.8891 -1.7098 0.3457
19.0840 6.9844 -1.4479 0.3609
2.4208 7.6502 -1.5821 0.3442
8.0865 7.4609 -1.5386 0.3539
15.3586 1.0742 -1.6185 0.3624
14.1723 8.7043 -1.4924 0.3851
19.9357 -0.0181 -1.5887 0.3590
-12.5949 -0.7491 -1.8620 0.3544
-18.3765 -0.5124 -1.9015 0.3907
15.1508 -4.9178 -1.4757 0.3109
-10.8409 2.2701 -1.8468 0.3482
-18.1237 -1.0210 -1.8998 0.3352
-17.1257 9.4932 -1.7323 0.3452
-6.2320 -6.5604 -1.6492 0.3621
34.5072 -8.4659 -1.3184 0.3696
-15.5644 -2.9772 -1.8809 0.3396
-7.0878 -5.6890 -1.6583 0.3634
30.2440 9.8381 -1.3489 0.3320
32.7985 1.1716 -1.4989 0.3244
-11.2694 -2.8056 -1.8493 0.3514
27.8272 2.8548 -1.5352 0.3456
-16.6649 -0.9378 -1.8903 0.3798
20.6922 -5.8235 -1.4344 0.3926
-24.2195 -2.1096 -1.9389 0.3378
-0.6028 -4.2729 -1.7553 0.3138
-10.1599 2.7519 -1.8405 0.3227
17.2405 6.3314 -1.4622 0.3333
-24.0366 -4.7485 -1.7903 0.3541
2.8941 2.4265 -1.7227 0.3448
16.8037 4.1696 -1.6120 0.3248
-22.1977 -2.5998 -1.9258 0.3857
28.8440 -0.2493 -1.5303 0.3633
-3.3282 -2.8237 -1.7810 0.3852
-15.0841 -2.5419 -1.8781 0.3140
-11.4721 -1.0757 -1.8532 0.3755
-4.6656 -4.0915 -1.7914 0.3470
-13.0975 -0.2334 -1.8658 0.3422
5.6347 5.0449 -1.5522 0.3505
12.9759 -2.1140 -1.6366 0.3360
1.0058 8.9088 -1.5931 0.3471
0.6219 -5.6401 -1.5948 0.3689
21.9020 -1.0099 -1.6820 0.3107
-6.9390 2.0337 -1.8146 0.3799
12.3661 0.8653 -1.6398 0.3578
28.5753 8.9388 -1.3647 0.3478
-11.7091 -3.5134 -1.8512 0.3687
12.1940 -2.4474 -1.6430 0.3573
31.8783 1.9136 -1.5056 0.3404
6.7877 1.9273 -1.6866 0.3345
33.6139 5.7488 -1.3326 0.3800
-6.3972 5.8903 -1.6521 0.3204
8.8576 -9.7826 -1.5381 0.3461
-6.3379 5.2840 -1.6531 0.3218
-24.7768 4.3574 -1.7952 0.3598
34.8385 1.7154 -1.4808 0.3481
-10.5964 -3.6603 -1.8421 0.3250
33.3861 8.1411 -1.3278 0.3326
14.1820 4.7644 -1.4828 0.3509
29.2360 -4.8543 -1.3701 0.3557
33.0322 -3.8956 -1.4923 0.3113
9.0698 4.2091 -1.6716 0.3359
34.9815 8.3531 -1.3150 0.3532
21.0398 -0.1892 -1.5984 0.3742
6.4289 7.5840 -1.5517 0.3668
14.2966 -2.3577 -1.6272 0.3409
-13.3437 -2.0967 -1.8662 0.3700
-24.3380 3.7188 -1.9412 0.3437
-9.5926 -8.9892 -1.6693 0.2876
1.0983 -7.2216 -1.5917 0.3788
-11.3168 4.5685 -1.6955 0.3592
5.8422 -5.1583 -1.5507 0.3538
14.4766 -6.4984 -1.4847 0.3502
14.3476 -8.2189 -1.4899 0.3561
28.6259 -5.5029 -1.3731 0.3501
32.9791 -4.9906 -1.3399 0.3442
28.4417 -3.1768 -1.5301 0.3369
12.2105 8.7666 -1.5091 0.3515
-12.6542 2.8924 -1.8598 0.3324
31.6071 3.8663 -1.5040 0.3272
-14.5084 -7.3450 -1.7135 0.3554
-15.9144 -6.1467 -1.7276 0.3696
-5.9458 7.9734 -1.6437 0.3341
9.4163 2.6862 -1.6654 0.3376
15.8884 6.1930 -1.4727 0.3161
-24.2024 -2.8507 -1.9394 0.3237
21.6813 1.5441 -1.5778 0.3244
-14.4988 0.0442 -1.8759 0.3695
-7.2109 -5.8918 -1.6587 0.3153
-5.6748 6.4954 -1.6449 0.3592
-5.0532 -3.3249 -1.7960 0.3447
20.6221 -0.6623 -1.5845 0.3621
-22.5433 -7.3401 -1.7811 0.3733
-13.2089 2.7671 -1.8641 0.3494
-23.6608 5.8227 -1.7887 0.3727
21.6980 -1.7922 -1.5776 0.3810
34.0233 9.5626 -1.3197 0.3769
14.5728 -4.8483 -1.4800 0.3366
10.4084 7.4616 -1.5202 0.3106
29.4840 4.4243 -1.3693 0.3475
-9.7028 8.5452 -1.6712 0.3536
-21.0123 4.8130 -1.7681 0.3109
5.5982 -0.1030 -1.6963 0.3512
-9.3791 -1.7306 -1.8358 0.2985
2.0649 6.5880 -1.5838 0.3809
2.3780 6.8073 -1.5815 0.3595
-5.8701 1.7781 -1.8053 0.3336
4.1795 4.0425 -1.7128 0.3525
-2.1909 -0.7428 -1.7713 0.3550
-18.2164 -5.6326 -1.7465 0.3597
27.0035 -9.0004 -1.3780 0.3514
17.0764 3.0741 -1.6087 0.3689
-22.5215 3.3843 -1.9283 0.3246
-18.0528 3.3053 -1.8978 0.3474
-19.2091 1.2481 -1.9066 0.3857
-21.2954 -3.1520 -1.9199 0.3430
-21.4566 -5.1593 -1.7714 0.3548
-15.5733 -8.6859 -1.7197 0.3301
25.8722 -7.0398 -1.3915 0.3931
24.6940 2.5660 -1.5576 0.3557
21.9888 5.3614 -1.4245 0.3248
11.8824 8.1525 -1.5102 0.3718
18.4096 -8.3217 -1.4549 0.3285
19.3089 6.2805 -1.4455 0.3637
28.3588 1.9484 -1.5326 0.3706
18.9406 -3.9737 -1.5965 0.3905
19.1876 4.5159 -1.4452 0.3545
23.2449 9.7871 -1.4109 0.3510
8.3813 -2.4116 -1.6735 0.3095
-12.2183 2.5488 -1.8571 0.3409
-19.9275 -4.7833 -1.7601 0.3357
0.1426 -5.8994 -1.5988 0.3464
-19.4989 -7.0174 -1.7555 0.3396
-14.8418 -9.3569 -1.7121 0.3657
-23.5696 4.4762 -1.7865 0.3388
-6.9876 -7.0808 -1.6538 0.3595
33.1999 3.5255 -1.4918 0.3477
-2.2641 7.3922 -1.6170 0.3375
-10.5464 6.9320 -1.6824 0.3357
-0.7930 -4.0207 -1.7571 0.3547
-6.9197 -7.5119 -1.6522 0.3774
15.4326 -1.1387 -1.6181 0.3354
13.0680 -6.3742 -1.4957 0.3510
-23.3594 -2.5298 -1.9334 0.3597
5.6794 1.3764 -1.6961 0.3496
-22.8280 2.8869 -1.9301 0.3148
15.6418 -5.6335 -1.4735 0.3596
31.1485 -5.4541 -1.3533 0.3199
29.4493 7.3193 -1.3615 0.3201
-12.6573 8.8978 -1.6943 0.3239
19.5587 2.8489 -1.5917 0.3468
22.5840 1.1365 -1.5721 0.3307
26.8621 3.1615 -1.5417 0.3213
-9.4241 -7.4276 -1.6720 0.3576
2.0501 7.9408 -1.5851 0.3495
-11.7097 -5.8281 -1.6950 0.3652
-23.5414 3.3936 -1.9353 0.3354
14.5408 -5.5606 -1.4819 0.3487
0.8878 4.1158 -1.7421 0.3660
-10.1130 5.0687 -1.6845 0.3237
25.8262 4.8209 -1.3963 0.3368
4.7408 -1.4260 -1.7047 0.3699
34.6795 2.1407 -1.4817 0.3504
22.6015 1.9598 -1.5718 0.3470
27.1527 4.4063 -1.3871 0.3492
21.3999 -0.0200 -1.6399 0.3745
-18.6445 0.1459 -1.9032 0.3495
-21.0983 3.6882 -1.9186 0.3509
29.9047 -6.5970 -1.3598 0.3497
-16.7082 3.0496 -1.8888 0.3177
-1.5264 -7.0354 -1.6117 0.3601
11.5947 4.4967 -1.5021 0.3336
-12.2861 -2.2217 -1.9062 0.3248
-11.4829 6.7917 -1.6904 0.3151
2.9745 -8.2318 -1.5786 0.3192
-3.3463 -0.7895 -1.7824 0.3046
15.5945 -6.6557 -1.4760 0.3295
-20.4954 7.3773 -1.7637 0.3413
4.3255 -7.4950 -1.5676 0.3712
-14.5444 -0.2961 -1.8762 0.3512
11.4035 -7.8950 -1.5134 0.3551
-18.0272 5.9542 -1.7446 0.3756
-13.1421 -4.3592 -1.7102 0.2930
23.2333 1.8812 -1.5677 0.3578
-10.8900 -6.5971 -1.6862 0.3563
19.2239 -2.9679 -1.5940 0.3665
-8.6162 -7.7261 -1.6649 0.3141
-10.8983 1.0166 -1.8488 0.3385
-7.0507 -9.9309 -1.6481 0.3314
27.8559 9.8614 -1.3691 0.3242
-1.1701 -1.6744 -1.7613 0.3963
-10.3744 2.5889 -1.8426 0.3387
7.1984 -4.2644 -1.6873 0.3685
-1.8615 -4.9350 -1.6160 0.3641
22.4119 6.9227 -1.4203 0.3212
34.4267 5.1637 -1.3276 0.3395
6.5945 2.8658 -1.6897 0.3512
2.1049 5.0461 -1.5820 0.3579
-4.4179 -6.4937 -1.6350 0.3566
33.4003 8.6818 -1.3263 0.3851
3.9970 -0.9051 -1.7114 0.3682
-14.3202 7.3742 -1.7119 0.3631
33.1530 4.7211 -1.3392 0.3694
32.6529 -4.2816 -1.4944 0.3771
1.1435 1.3863 -1.7389 0.3375
-4.1088 9.3329 -1.6281 0.3184
15.8262 -9.2582 -1.4790 0.3379
24.7354 -1.4704 -1.5581 0.3225
4.9119 2.4108 -1.7041 0.3303
-5.1512 -3.2021 -1.7970 0.3520
-6.9164 -3.6417 -1.8117 0.3389
-5.4041 4.9738 -1.6460 0.3630
-17.9180 8.3265 -1.7408 0.3561
21.7172 0.7526 -1.5776 0.3573
-18.7024 8.9642 -1.7472 0.3247
-1.1011 -7.9744 -1.6080 0.3324
25.0966 -5.4506 -1.4007 0.3118
-0.7536 -8.2458 -1.6054 0.3614
-7.3143 -1.2893 -1.8186 0.3884
31.8952 2.5343 -1.5045 0.3536
-17.4074 -5.9906 -1.7397 0.3554
28.0912 -1.0292 -1.5355 0.3394
-21.2754 3.6879 -1.9198 0.3457
-0.1882 2.7897 -1.7518 0.3755
12.9033 2.5856 -1.6378 0.3518
-2.7977 2.1206 -1.7766 0.3628
7.0764 9.7322 -1.5513 0.3760
-12.7599 4.2784 -1.8575 0.3720
9.1421 8.1535 -1.5322 0.3506
-16.9265 9.0346 -1.7311 0.3521
22.7658 7.1936 -1.4171 0.3423
10.0274 -8.0966 -1.5250 0.3600
3.9159 0.5849 -1.7121 0.3417
-21.7200 -2.3698 -1.9226 0.3570
4.9865 -8.0586 -1.5636 0.3708
8.8142 1.2842 -1.6684 0.3163
-9.0599 -5.7435 -1.6741 0.3129
15.6554 1.6347 -1.6169 0.3491
-20.3941 6.3478 -1.7631 0.3634
-12.4787 -2.1232 -1.8942 0.3557
19.2529 8.9966 -1.4479 0.3258
-16.1667 5.3294 -1.7312 0.3680
-10.2671 6.0856 -1.6827 0.3882
14.0513 -7.7542 -1.4913 0.3326
18.7305 8.8375 -1.4525 0.3355
-21.9106 -9.3094 -1.7765 0.3505
-17.4046 6.8779 -1.7383 0.3475
1.7671 -9.4070 -1.5881 0.3741
10.5677 -6.7509 -1.5169 0.3557
2.2269 -3.6931 -1.7298 0.3442
13.8242 4.7552 -1.4855 0.3382
20.3596 7.9884 -1.4376 0.3194
31.9726 3.3300 -1.5023 0.3774
-4.0072 4.5554 -1.6349 0.3626
-15.2137 -4.2045 -1.8762 0.3482
-9.1550 9.5075 -1.6647 0.3522
-16.1101 -1.8453 -1.8860 0.3478
-1.3453 8.2583 -1.6096 0.3147
27.3540 5.5851 -1.3829 0.3216
-4.1764 -2.6547 -1.7890 0.3459
-16.0706 -3.1373 -1.8842 0.3456
6.3580 3.5896 -1.6930 0.3498
34.5166 8.8094 -1.3175 0.3840
-13.7091 3.4469 -1.8666 0.3443
21.6725 7.1485 -1.4263 0.3347
24.4015 9.3257 -1.4007 0.3511
-0.9197 -3.3999 -1.7584 0.3221
12.1731 0.7698 -1.6412 0.3531
0.9424 2.1822 -1.7410 0.3355
-9.2604 -5.6565 -1.6759 0.3545
0.5671 5.9510 -1.5954 0.3464
-19.2826 -4.7648 -1.7554 0.3472
17.4174 4.1375 -1.6076 0.3625
24.7516 0.4765 -1.5584 0.3647
-6.5560 6.7334 -1.6513 0.3907
8.9886 0.2311 -1.6664 0.3639
-11.0711 1.7333 -1.8494 0.3451
-17.3524 -6.3786 -1.7387 0.3373
14.8171 6.1637 -1.4812 0.3569
-16.9535 -1.9575 -1.8916 0.3792
21.9187 1.5949 -1.5763 0.3671
-8.6947 6.9212 -1.6677 0.3358
24.1108 -0.4122 -1.5626 0.3591
-2.8897 -4.5107 -1.6253 0.3544
-2.8694 -4.6919 -1.6249 0.3710
20.0344 1.3265 -1.5882 0.3560
5.6159 -4.1759 -1.7006 0.3553
-12.9414 -3.2290 -1.8613 0.3264
26.0245 -5.3039 -1.3938 0.3658
-4.5908 -1.0743 -1.7941 0.3222
-18.8334 -0.6784 -1.9043 0.3518
-0.0399 0.5184 -1.7504 0.3390
9.4377 1.8571 -1.6709 0.3378
11.5931 1.7581 -1.6465 0.3617
25.1365 -2.6550 -1.5545 0.3499
7.4844 8.0136 -1.5447 0.3021
-11.5774 0.2331 -1.8544 0.3460
-9.3000 6.6423 -1.6733 0.3422
-18.9496 1.1476 -1.9050 0.3751
19.1555 -2.5877 -1.5942 0.3252
-18.6435 4.7730 -1.7506 0.3883
11.3488 -6.4608 -1.5097 0.3671
10.8168 9.3936 -1.5219 0.3444
22.1302 1.4461 -1.5749 0.3416
-20.5222 -7.9167 -1.7639 0.3372
-12.8253 -1.5728 -1.8630 0.3564
29.5737 4.2508 -1.5190 0.3342
9.3342 -8.6378 -1.5319 0.3477
2.4614 -4.7724 -1.5787 0.3283
19.8606 8.4875 -1.4421 0.3643
29.1518 -2.8759 -1.5253 0.3534
-9.2194 -6.8167 -1.6722 0.3406
29.0885 -8.0323 -1.3625 0.3452
-18.4783 2.3813 -1.9014 0.3361
33.6610 1.1627 -1.4916 0.3563
-15.1089 2.9548 -1.8777 0.3249
-9.0258 9.1607 -1.6645 0.3680
-19.2044 -8.7976 -1.7518 0.3535
23.2206 -6.0466 -1.4145 0.3410
34.0539 -5.3235 -1.3302 0.3618
-7.1814 -1.4582 -1.8173 0.3578
-5.4633 -7.5795 -1.6409 0.3291
-8.2612 -1.8026 -1.8263 0.3761
-15.7103 6.3239 -1.7256 0.3001
22.2467 -6.7268 -1.4218 0.3718
-21.3568 8.3316 -1.7712 0.3467
33.0664 8.2251 -1.3300 0.3698
30.6389 0.2597 -1.5168 0.3788
-17.8937 7.2032 -1.7419 0.3415
6.7714 4.2300 -1.6908 0.3424
34.5711 -2.8652 -1.4815 0.3563
26.1572 1.2350 -1.5488 0.3273
17.9080 -7.6677 -1.4585 0.3434
-23.6523 -0.0848 -1.9345 0.3417
-20.8974 6.5996 -1.7672 0.3263
22.6410 1.7048 -1.5716 0.3406
-2.4133 -2.3594 -1.7728 0.3651
15.1059 3.2712 -1.6229 0.3636
19.3509 9.5371 -1.4473 0.3465
0.3311 -8.6504 -1.5977 0.3512
-16.3971 -3.3927 -1.8862 0.3439
-1.7983 -6.8812 -1.6139 0.3148
27.2629 9.1390 -1.3755 0.3297
-5.1349 0.9180 -1.7992 0.3692
-21.2410 -7.4066 -1.7701 0.3739
32.5479 2.2434 -1.4996 0.3328
15.8406 0.0084 -1.6150 0.3724
7.4514 -8.8136 -1.5468 0.3260
24.7464 7.2903 -1.4004 0.3397
-0.3304 4.1839 -1.7529 0.3476
34.1069 -9.8952 -1.3185 0.3445
26.4544 9.1934 -1.3825 0.3362
-8.1673 -6.8146 -1.6638 0.3525
-2.7371 -9.9948 -1.6181 0.3655
-8.4554 -1.4546 -1.8283 0.3209
14.5605 -7.1844 -1.4857 0.3525
13.3599 1.4030 -1.6329 0.3693
6.3504 -3.7714 -1.6935 0.3417
32.9504 -6.2964 -1.3364 0.3391
3.3365 9.7069 -1.5777 0.3330
22.0233 -3.3454 -1.5751 0.3900
14.4857 -1.7053 -1.6251 0.3799
6.0911 -4.1152 -1.6964 0.3441
-22.4743 6.7397 -1.7801 0.3736
14.4497 -6.0643 -1.4839 0.3395
13.5557 -7.4468 -1.4946 0.3469
-17.5076 7.6292 -1.7381 0.3288
22.7549 -6.3328 -1.4179 0.3131
3.0196 7.1588 -1.5770 0.3384
-5.5512 1.5636 -1.8026 0.3415
24.4376 6.4674 -1.4042 0.3585
-4.3977 -8.5968 -1.6312 0.3631
12.3110 9.2724 -1.5094 0.3475
12.0749 -4.0047 -1.6471 0.3302
-21.8316 -8.8275 -1.7756 0.3368
0.3700 5.2977 -1.5969 0.3818
-11.6333 -6.4309 -1.6926 0.3626
-13.0258 -2.9778 -1.8624 0.3785
14.2977 1.8931 -1.6266 0.3855
-24.3154 -8.6277 -1.7977 0.3369
33.1447 -5.9613 -1.3358 0.3664
-1.2765 -0.2186 -1.7625 0.3320
-7.0718 -1.5619 -1.8163 0.3707
30.1985 1.1515 -1.5197 0.3666
4.2003 4.5727 -1.5635 0.3077
11.8595 -2.9402 -1.6464 0.3581
16.7510 -1.9119 -1.6097 0.3329
27.2847 -4.5524 -1.3858 0.3432
-17.2155 -3.2061 -1.8922 0.3368
-20.1008 -8.9794 -1.7599 0.3682
34.6226 1.6025 -1.4828 0.3363
-24.4670 -6.5444 -1.7961 0.3244
17.4917 4.3257 -1.4573 0.3338
11.6639 -9.1561 -1.5145 0.3457
8.1531 -8.8025 -1.5414 0.3582
22.1497 -4.3062 -1.4238 0.3739
34.5484 -1.2319 -1.4838 0.3603
-22.1869 3.8722 -1.9262 0.3617
11.8718 3.8437 -1.6483 0.3648
18.0067 9.4676 -1.4596 0.3663
-6.6436 -2.9671 -1.8106 0.3707
28.5717 -8.8130 -1.3650 0.4001
2.4196 7.2253 -1.5816 0.3660
-15.1313 4.6128 -1.7248 0.3557
26.2645 -8.6376 -1.3851 0.3407
31.5755 -8.3332 -1.3415 0.3562
-19.0291 -0.4673 -1.9056 0.3731
20.1009 -3.1671 -1.5881 0.3256
-12.0991 1.9274 -1.8571 0.3752
-24.5967 -5.6168 -1.7957 0.3415
-9.3632 9.1868 -1.6670 0.3454
26.2946 0.2427 -1.5483 0.3604
-16.5290 5.0144 -1.7345 0.3395
-17.1599 -7.4843 -1.7354 0.3592
19.3429 2.3385 -1.5929 0.3270
-0.6184 7.3036 -1.6047 0.3675
-16.0908 -9.5402 -1.7229 0.3539
-11.2000 0.7997 -1.8513 0.3499
22.6761 -5.0648 -1.4195 0.3555
12.3961 -0.4322 -1.6394 0.3496
20.6557 6.3199 -1.4348 0.3588
-19.1336 3.8014 -1.9049 0.3459
2.4863 5.0900 -1.5788 0.3442
22.8264 -5.7663 -1.4178 0.3146
-9.0524 6.6504 -1.6713 0.3773
-14.8487 2.2798 -1.8768 0.3267
-2.0930 -8.6140 -1.6147 0.3823
-4.9972 7.2542 -1.6380 0.3452
-13.8716 -8.8849 -1.7046 0.3744
32.2367 -9.4246 -1.3337 0.3708
3.9859 6.6749 -1.5688 0.3692
11.4846 -9.7395 -1.5171 0.3509
-17.7336 -8.2313 -1.7393 0.3261
11.6021 -9.6609 -1.5160 0.3464
8.3194 7.6056 -1.5371 0.3437
30.9158 -9.1061 -1.3449 0.3480
-0.2610 -2.5464 -1.7525 0.3254
21.9237 -5.6602 -1.4249 0.3443
-6.7491 -3.1668 -1.8111 0.2915
9.7364 -4.1881 -1.6661 0.3440
30.6182 7.7574 -1.3508 0.3525
12.5043 5.3741 -1.4974 0.3344
17.6695 7.7003 -1.4606 0.3446
27.5591 4.4009 -1.3841 0.3533
30.5255 -3.3930 -1.5137 0.3703
-12.5035 -6.2831 -1.7000 0.3711
-13.2497 0.5956 -1.8668 0.3561
8.0286 -2.8666 -1.6773 0.3494
34.7310 2.8683 -1.4801 0.3571
4.4091 -9.2213 -1.5697 0.3860
-5.1457 4.2596 -1.7952 0.3600
7.2357 -4.0088 -1.6864 0.3552
-21.1363 -0.7552 -1.9188 0.3715
-14.3676 9.5723 -1.7076 0.3510
-16.0648 -5.6885 -1.7297 0.3329
-23.3251 -7.6469 -1.7880 0.3592
18.3327 -5.8037 -1.4528 0.3534
-5.4715 -2.9699 -1.8002 0.3456
-14.8878 0.7247 -1.8784 0.3609
5.7346 9.6045 -1.5608 0.3137
-5.5933 7.3977 -1.6423 0.3392
-1.4189 4.2991 -1.7626 0.3324
-6.0681 4.4106 -1.6528 0.3345
-24.7610 -4.3243 -1.7950 0.3469
16.2997 8.5594 -1.4738 0.3318
-18.3586 0.7910 -1.9013 0.3835
-11.8515 -6.7496 -1.6934 0.3590
-13.5810 9.0061 -1.7019 0.3341
-5.1180 0.1305 -1.7993 0.3152
-15.3881 -6.8898 -1.7218 0.3383
-4.1829 4.7046 -1.6362 0.3434
-10.4041 -5.3242 -1.6861 0.3373
-21.3271 -6.2467 -1.7706 0.4008
27.2338 -4.6482 -1.3860 0.3169
-6.6651 1.5655 -1.8127 0.3510
-19.2831 -4.1482 -1.9058 0.3474
6.2916 -9.1837 -1.5561 0.3450
-17.6035 -2.2501 -1.8957 0.3112
21.3856 -5.3122 -1.4291 0.3491
-21.3053 0.2289 -1.9198 0.3536
2.8782 -0.8088 -1.7221 0.3642
31.6296 -8.4383 -1.3408 0.3597
-15.4619 -5.0937 -1.7263 0.3744
-12.9179 -4.3703 -1.7085 0.3091
11.0279 -0.3053 -1.6499 0.3453
33.7912 6.4444 -1.3292 0.4001
-1.8499 -5.6279 -1.6153 0.3712
13.9187 -6.8363 -1.4901 0.3209
-15.8610 -9.9796 -1.7203 0.3518
13.4838 2.1301 -1.6328 0.3291
-9.8403 -3.4872 -1.8364 0.3414
11.7973 3.4031 -1.6479 0.3900
-19.6803 3.8028 -1.9088 0.3692
6.4981 -9.1059 -1.5545 0.3196
-10.7557 -1.6318 -1.8471 0.3347
15.9025 9.3597 -1.4785 0.3500
19.8602 -4.4971 -1.4403 0.3447
25.8886 0.5910 -1.5509 0.3563
34.5437 0.7563 -1.4842 0.3345
2.5613 -4.7890 -1.5779 0.3427
15.2357 5.5851 -1.4765 0.3343
-23.8946 -9.9263 -1.7952 0.3426
29.3052 -5.4642 -1.3679 0.3641
11.9446 1.8505 -1.6440 0.3559
0.2807 8.3459 -1.5980 0.3360
1.0588 -9.8094 -1.5930 0.3726
20.4797 2.0174 -1.5854 0.3713
25.0082 -9.9327 -1.3945 0.3500
23.4742 2.4563 -1.5658 0.3448
5.6351 -1.7681 -1.6968 0.3853
-2.7312 -1.3109 -1.7764 0.3821
31.7324 9.3502 -1.3378 0.3197
13.0520 3.6449 -1.6388 0.3739
7.6192 -6.0717 -1.5385 0.3845
10.8991 9.9467 -1.5223 0.3631
12.7920 -4.8664 -1.4938 0.3407
17.7844 3.7181 -1.6044 0.3431
8.1911 3.6059 -1.6775 0.3842
27.5213 6.9945 -1.3781 0.3667
26.5829 -2.0227 -1.5452 0.3609
1.5355 3.9193 -1.7362 0.3967
-14.8878 2.5188 -1.8768 0.3298
9.5993 -1.2716 -1.6619 0.3482
12.2444 8.3191 -1.5077 0.3538
6.4028 -4.9614 -1.5456 0.3458
28.4347 -5.5145 -1.3746 0.3132
-19.4188 2.6078 -1.9075 0.3701
-7.7549 -6.1947 -1.6623 0.3350
26.9474 6.5999 -1.3837 0.3346
31.3648 -3.2065 -1.5074 0.3428
0.5555 -1.5780 -1.7446 0.3454
-13.4414 3.6463 -1.8642 0.3476
0.2198 7.7020 -1.5984 0.3693
2.3700 3.7993 -1.7286 0.3734
6.1742 -8.1159 -1.5548 0.3448
-8.5388 -3.2388 -1.8262 0.3380
-6.2424 5.0013 -1.6530 0.3474
14.3353 8.1550 -1.4898 0.3321
12.3076 2.6765 -1.6425 0.3494
14.7262 1.9231 -1.6236 0.3311
-2.3629 -2.4156 -1.7723 0.3925
-4.8126 -0.4390 -1.7964 0.3526
-3.9077 -1.3554 -1.7875 0.3392
32.0706 -8.8965 -1.3362 0.3641
-1.2853 -9.5629 -1.6086 0.3254
11.3679 2.3481 -1.6492 0.3358
6.3706 0.1968 -1.6892 0.3585
27.5733 -5.1022 -1.3823 0.3527
-2.8530 7.8550 -1.6209 0.3710
1.0487 -5.8681 -1.5914 0.2954
25.5677 4.0100 -1.5496 0.3664
-15.3425 5.7673 -1.7239 0.3391
10.6577 6.8045 -1.5163 0.3266
-1.0055 6.7906 -1.6078 0.3155
34.1475 5.8836 -1.3279 0.3389
18.2830 -0.8440 -1.5992 0.3818
-24.3666 2.4782 -1.9401 0.3694
25.3684 7.1542 -1.3955 0.3827
17.1908 -1.5942 -1.6066 0.3477
8.6577 3.4171 -1.6731 0.3521
-10.8323 -6.8093 -1.6851 0.3184
-16.0410 1.2939 -1.8860 0.3184
12.7040 -7.1791 -1.5009 0.3471
1.3964 3.2058 -1.7371 0.3225
26.6972 -2.4634 -1.5439 0.3329
-9.2576 -5.4431 -1.6765 0.3509
13.2512 -2.7851 -1.6356 0.3754
-10.0694 4.0283 -1.8370 0.3502
13.1790 8.1607 -1.4996 0.3228
-22.0993 -9.7744 -1.7784 0.3136
-1.4976 -6.6430 -1.6117 0.3524
-14.6389 4.1147 -1.8721 0.3374
11.3560 1.3747 -1.6480 0.3523
-5.9963 -3.6163 -1.8038 0.3459
21.2920 3.0353 -1.5801 0.3486
-18.1243 7.3438 -1.7437 0.3740
8.3728 -4.8404 -1.5290 0.3711
10.6207 -0.2866 -1.6531 0.3574
-23.6738 -9.5847 -1.7929 0.3321
-22.8409 8.9199 -1.7848 0.3390
-6.5056 6.0329 -1.6527 0.3653
11.5445 0.1018 -1.6458 0.3760
32.7578 9.8400 -1.3288 0.3245
-19.5530 -5.5956 -1.7568 0.3806
17.1898 4.8794 -1.4603 0.3344
16.5630 5.3901 -1.4659 0.3634
15.1685 6.6171 -1.4794 0.4060
5.9688 3.7019 -1.6966 0.3182
33.0096 -6.1882 -1.3362 0.3601
5.1065 -8.1733 -1.5629 0.3437
25.2978 -6.3929 -1.3974 0.3589
-9.2488 7.1664 -1.6714 0.3376
23.3785 -1.9601 -1.5668 0.3004
34.7927 0.9233 -1.4819 0.3349
29.6052 -9.4925 -1.3548 0.3569
-6.7557 -0.1714 -1.8142 0.3770
25.7694 -1.8146 -1.5510 0.3581
-19.2846 0.6912 -1.9072 0.3795
15.6625 -2.4945 -1.6178 0.3401
-4.4712 -8.4912 -1.6319 0.3385
14.5202 -9.1208 -1.4903 0.3569
-0.2651 8.9959 -1.6018 0.3425
-24.4580 2.0764 -1.9404 0.3725
-11.1234 2.8679 -1.8480 0.3219
-22.4568 8.3084 -1.7810 0.3673
0.6362 1.0172 -1.7438 0.3742
25.4043 2.3111 -1.5530 0.3573
19.2798 0.4608 -1.5928 0.3683
22.3347 -6.4805 -1.4212 0.3370
23.4320 -3.7698 -1.5651 0.3334
-2.6836 7.6868 -1.6199 0.3570
5.3615 -1.1227 -1.6988 0.3356
5.5071 -5.9170 -1.5551 0.3560
-18.2075 6.5608 -1.7453 0.3560
10.8885 -8.2539 -1.5186 0.3487
18.2108 2.7906 -1.6006 0.3556
11.6581 4.0025 -1.6504 0.3627
19.7580 -3.9246 -1.5908 0.3480
-17.8665 -6.6623 -1.7424 0.3405
20.6845 -1.0341 -1.5841 0.3665
-12.5116 5.1006 -1.7034 0.3555
27.6096 7.7338 -1.3755 0.3590
-10.3041 6.3067 -1.6824 0.3617
4.5195 -7.8094 -1.5666 0.3530
4.2360 -5.5445 -1.5648 0.3431
-8.8690 2.3397 -1.8307 0.3377
-3.2974 4.1982 -1.7792 0.3482
-13.8642 -9.8252 -1.7028 0.3596
9.2060 -7.1485 -1.5289 0.3606
29.7817 -8.1197 -1.3566 0.3529
-6.0035 -3.1778 -1.8046 0.3570
5.4838 3.6160 -1.7007 0.3279
26.7128 8.8639 -1.3808 0.3407
2.1499 -8.2095 -1.5846 0.3634
24.8756 0.1218 -1.5577 0.3333
1.7834 -2.5507 -1.7332 0.3528
1.4145 -2.0336 -1.7365 0.3510
-15.5656 -8.6391 -1.7197 0.3477
-17.5013 -4.2336 -1.8929 0.3636
11.6898 -4.9509 -1.5026 0.3545
24.6400 4.3660 -1.4058 0.3261
-16.8756 2.8372 -1.8902 0.3603
29.6056 2.7262 -1.5221 0.3399
-3.4672 0.3852 -1.7837 0.3227
0.5154 -3.1583 -1.7452 0.3648
28.6672 -5.1242 -1.3738 0.3263
28.7778 -9.7743 -1.3613 0.3429
6.4915 -7.0414 -1.5499 0.3559
-8.3941 -5.6024 -1.6691 0.3485
-14.6836 9.5113 -1.7105 0.3375
-8.7052 9.4090 -1.6615 0.3301
21.8376 5.3533 -1.4257 0.3348
-5.5246 2.2065 -1.8017 0.3285
16.6737 3.3762 -1.6118 0.3475
-13.2880 2.0110 -1.8659 0.3391
3.7102 2.9366 -1.7156 0.3224
-3.8736 -5.6153 -1.6321 0.3442
5.2167 9.5340 -1.5644 0.3371
9.1967 5.1328 -1.5231 0.3554
34.4561 -5.3151 -1.3269 0.3572
28.9937 0.2730 -1.5292 0.3768
16.7520 5.7843 -1.4651 0.3630
-15.7754 8.2232 -1.7223 0.3282
30.1417 -2.3231 -1.5187 0.3065
28.5552 -0.3254 -1.5324 0.3196
28.2022 -3.8023 -1.5306 0.3399
3.7410 -2.4684 -1.7149 0.3178
-14.7576 -5.4458 -1.7201 0.3377
20.2642 -9.4018 -1.4387 0.3506
-1.6891 -1.6734 -1.7663 0.3387
-4.3259 -0.5884 -1.7918 0.3556
-1.5531 5.5979 -1.6129 0.3378
8.5442 0.4524 -1.6702 0.3348
-4.9889 -3.4721 -1.7952 0.3842
16.3952 -0.7351 -1.6114 0.3493
13.8634 5.9227 -1.4881 0.3522
5.5318 -0.3810 -1.6969 0.3669
-21.7616 1.1037 -1.9227 0.3675
31.1926 -6.5400 -1.3497 0.3427
-0.2982 -9.8473 -1.6020 0.3709
1.9672 8.5935 -1.5862 0.3410
2.3620 -4.6407 -1.5794 0.3703
-3.0983 -3.0485 -1.7787 0.3253
15.4753 -7.7031 -1.4792 0.3439
-24.1649 0.2600 -1.9378 0.3545
27.4105 4.7420 -1.3844 0.3572
-18.8537 3.7213 -1.9030 0.3331
34.9828 7.1120 -1.3180 0.3170
12.6850 -4.2686 -1.6430 0.3592
-21.0252 -3.7067 -1.9181 0.3459
8.7462 9.3115 -1.5380 0.3422
-5.1215 -0.8680 -1.7991 0.3831
32.1826 6.6903 -1.3413 0.3441
20.3283 2.2300 -1.5864 0.3397
5.4209 -6.3827 -1.5568 0.3140
0.7866 9.1488 -1.5946 0.3283
34.7521 -3.5111 -1.4787 0.3675
15.0430 2.8358 -1.6226 0.3355
5.8358 -4.9097 -1.5502 0.3626
-1.1234 1.5134 -1.7609 0.3241
-5.5250 0.8223 -1.8029 0.3326
17.3252 -4.7792 -1.4591 0.3321
10.2731 9.7754 -1.5270 0.3595
25.8911 -7.1863 -1.3911 0.3458
8.2136 -1.1397 -1.6734 0.3278
9.9399 -9.3724 -1.5288 0.3643
3.6414 3.6545 -1.7171 0.3599
20.7573 -0.7579 -1.5836 0.3568
-0.1005 1.2019 -1.7510 0.3559
26.1164 3.9701 -1.5457 0.3329
-5.3773 5.2802 -1.6452 0.3752
16.5575 9.3166 -1.4726 0.3480
28.5783 7.2799 -1.3687 0.3554
21.1444 -3.5239 -1.5811 0.3577
-4.4435 4.5453 -1.6387 0.3311
17.3803 -8.4807 -1.4641 0.3879
-12.5809 -7.2759 -1.6978 0.3495
-21.5101 -0.8077 -1.9211 0.3507
22.4829 -0.8075 -1.6687 0.3417
23.4805 0.1150 -1.5666 0.3730
-23.6241 -0.4961 -1.9343 0.3738
31.8677 2.8276 -1.5042 0.3532
1.7540 9.0869 -1.5880 0.3207
29.3163 -6.5462 -1.3647 0.3467
22.2905 -2.8508 -1.5735 0.3487
29.0392 -8.5147 -1.3617 0.3410
25.0025 -6.0003 -1.4005 0.3303
33.4397 9.7461 -1.3238 0.3189
12.7461 -9.2089 -1.5056 0.3794
-11.3645 -5.7264 -1.6926 0.3648
-1.6262 -1.4699 -1.7657 0.3507
20.1128 -4.1466 -1.5883 0.3370
-15.5818 0.9045 -1.8831 0.3572
30.7905 9.8089 -1.3445 0.3541
-12.6833 4.0787 -1.8574 0.3420
27.5585 -1.8828 -1.5385 0.3578
4.0234 3.6587 -1.7137 0.3602
25.4372 7.4451 -1.3944 0.3637
32.4977 -5.4199 -1.3426 0.3322
0.3288 4.3386 -1.5971 0.3586
16.7963 2.2790 -1.6097 0.3736
-11.3969 4.6764 -1.6958 0.3559
23.0471 -8.3168 -1.4138 0.3942
24.1955 4.6588 -1.4087 0.3464
-7.2853 5.7605 -1.6597 0.3156
-23.5516 3.7446 -1.9357 0.3330
0.8723 -6.0552 -1.5929 0.3366
-14.8000 -6.7731 -1.7172 0.3612
24.1131 4.7675 -1.4091 0.3666
-9.3342 2.9542 -1.8334 0.3527
31.6216 9.6727 -1.3380 0.3559
33.3085 -0.9051 -1.4948 0.3883
29.5302 -5.4137 -1.3662 0.3334
10.9769 5.3944 -1.5095 0.3485
-8.9543 4.9705 -1.6754 0.3410
23.4355 0.4541 -1.5669 0.3265
17.0957 4.9210 -1.4610 0.3095
33.6301 -3.7882 -1.4876 0.3759
-2.3649 -5.6856 -1.6195 0.3347
-21.4739 -7.4781 -1.7721 0.3450
34.9032 -4.1904 -1.4760 0.3586
25.2958 3.0913 -1.5529 0.3262
-11.7106 -4.8314 -1.6979 0.3333
18.5377 7.6688 -1.4531 0.3496
-24.9586 -5.0047 -1.7975 0.3412
8.4685 3.6890 -1.6753 0.3245
-3.2297 0.5513 -1.7814 0.3621
-2.1200 -5.7691 -1.6174 0.3407
-10.3288 1.1239 -1.8442 0.3527
-8.5093 9.0947 -1.6607 0.3511
2.2801 8.8836 -1.5842 0.3694
-10.1113 -4.1681 -1.8369 0.3571
2.9864 0.7298 -1.7210 0.3327
9.6409 -6.9829 -1.5249 0.3732
17.6667 -0.6193 -1.6031 0.3405
15.6287 -3.5701 -1.6196 0.3337
-10.4806 8.5897 -1.6773 0.3308
-22.6486 2.6536 -1.9288 0.3031
24.9609 -6.3015 -1.4003 0.3378
27.3388 9.8468 -1.3736 0.3579
33.7334 3.8835 -1.4865 0.3228
32.5827 -7.3065 -1.3363 0.3842
13.0288 5.9910 -1.4950 0.3052
28.6563 1.1512 -1.5313 0.3343
1.8805 -1.9948 -1.7320 0.3202
22.2401 -6.0737 -1.4222 0.3684
32.3201 -4.4414 -1.3467 0.3630
22.7767 -6.6548 -1.4175 0.3447
-0.0541 6.0671 -1.6004 0.3216
-2.3344 -4.5405 -1.6204 0.3260
-7.5074 -0.6008 -1.8208 0.3550
-2.9762 9.3583 -1.6202 0.3365
24.2346 9.8911 -1.4017 0.3388
17.0900 5.8254 -1.4625 0.3485
-10.0072 5.9782 -1.6810 0.3417
17.6921 8.8969 -1.4619 0.3150
-2.2363 5.9365 -1.6182 0.3234
8.4664 -0.9810 -1.6712 0.3239
-2.7778 -8.7938 -1.6194 0.3354
6.2978 -5.8326 -1.5485 0.3518
18.7882 -1.1090 -1.5960 0.3510
18.8678 -4.6918 -1.4476 0.3737
20.1910 -3.4163 -1.5876 0.3219
-1.5377 -8.8214 -1.6107 0.3561
16.4297 1.0426 -1.6113 0.3343
-10.6773 -2.9684 -1.8443 0.3895
3.6457 -4.8232 -1.5686 0.3479
9.9864 2.2075 -1.6599 0.3388
16.1889 -4.4645 -1.4670 0.3555
29.7198 -0.4747 -1.5238 0.3539
-6.7139 -5.0720 -1.6567 0.3424
25.7172 3.6103 -1.5491 0.3619
-6.3325 7.0831 -1.6487 0.3802
8.1146 -8.3658 -1.5407 0.3684
24.6860 6.3970 -1.4023 0.3470
18.3890 7.0340 -1.4537 0.3855
26.7722 9.2986 -1.3795 0.3596
23.8929 6.5568 -1.4085 0.3280
-8.4192 1.0478 -1.8284 0.3511
34.5762 -8.5949 -1.3176 0.3457
31.2199 -8.5110 -1.3439 0.3392
0.8105 -6.0660 -1.5934 0.3563
-22.1674 -1.0580 -1.9252 0.3124
-6.7902 9.1088 -1.6477 0.3821
25.1692 -6.4929 -1.3983 0.3622
32.0522 0.7759 -1.5053 0.3132
24.9003 9.9614 -1.3955 0.3620
-1.1954 -9.7244 -1.6079 0.3589
-21.6078 -9.0604 -1.7736 0.3793
6.0550 -4.6018 -1.5477 0.3845
-2.4170 -5.4970 -1.6202 0.3879
-17.6217 -0.0280 -1.8967 0.3444
-18.6488 -1.5910 -1.9029 0.3608
-15.8178 1.6729 -1.8842 0.3404
-12.6506 -7.0585 -1.6990 0.3696
20.2272 3.7169 -1.5874 0.3068
-2.0978 -5.7061 -1.6173 0.3245
1.2163 -0.9602 -1.7382 0.3413
10.9029 -9.3330 -1.5210 0.3488
32.6080 5.9572 -1.3401 0.3533
20.3881 2.5421 -1.5861 0.3755
13.7428 -5.8245 -1.4888 0.3370
19.6299 2.0350 -1.5909 0.3242
18.1576 -1.2599 -1.6001 0.3422
16.4150 6.5254 -1.4691 0.3379
4.7844 9.6744 -1.5676 0.3611
9.0108 -7.5096 -1.5314 0.3805
2.6895 -0.1979 -1.7238 0.3787
-1.3025 -4.8395 -1.6112 0.3718
-8.7539 4.9936 -1.6737 0.3386
-3.6872 -9.3107 -1.6252 0.3468
0.7118 0.8915 -1.7431 0.3585
9.7628 7.1419 -1.5244 0.3346
4.9925 -2.2143 -1.7031 0.3365
-18.5231 6.7579 -1.7477 0.3575
-4.6016 -7.0622 -1.6353 0.3227
-2.4284 8.3665 -1.6173 0.3719
17.4156 5.8290 -1.4600 0.3420
-5.0265 -2.1780 -1.7972 0.3608
-24.5227 -7.3874 -1.7979 0.3541
-19.9398 0.4085 -1.9113 0.3751
4.8199 3.4085 -1.7062 0.3074
-13.6903 -7.4215 -1.7065 0.3752
4.6773 8.6635 -1.5669 0.3748
9.4523 5.2540 -1.5214 0.3556
31.0063 9.0326 -1.3444 0.3604
14.3348 -4.0151 -1.6299 0.3619
-23.1376 -1.3314 -1.9314 0.3320
-2.1562 -5.1978 -1.6183 0.3511
22.6074 -4.5243 -1.4204 0.3678
-9.3663 -7.0943 -1.6725 0.3142
30.4984 -7.4953 -1.3525 0.3594
6.7406 3.4157 -1.6894 0.3517
-19.4531 -6.8611 -1.7552 0.3625
-10.4998 -7.3313 -1.6809 0.3246
29.3780 0.6917 -1.5262 0.3351
34.4876 4.0800 -1.4797 0.3221
26.7810 5.5608 -1.3874 0.3219
-5.7594 1.6048 -1.8045 0.3666
21.1291 -5.9688 -1.4310 0.3382
-11.6663 1.4646 -1.8544 0.3368
-1.9287 2.5159 -1.7682 0.3718
16.8301 -4.8381 -1.4629 0.3431
33.1341 -7.1103 -1.3325 0.3693
1.3519 8.5130 -1.5905 0.3290
4.7502 -8.0811 -1.5654 0.3431
-11.7899 -4.4564 -1.6995 0.3319
-0.8066 -5.3710 -1.6068 0.3610
-21.2189 7.8397 -1.7699 0.3459
26.5152 0.0392 -1.5468 0.3646
-23.5999 9.1316 -1.7918 0.3531
16.0115 6.5644 -1.4725 0.3111
-8.6067 5.0974 -1.6722 0.3447
3.5666 -6.4644 -1.5717 0.3193
-8.1065 -3.1129 -1.8229 0.3569
-0.9958 6.4054 -1.6079 0.3611
7.8067 9.6706 -1.5458 0.3632
13.4536 7.5584 -1.4958 0.3475
31.4172 8.9682 -1.3412 0.3174
-5.0679 2.8370 -1.7968 0.3542
10.0915 -0.3437 -1.6573 0.3581
29.1033 0.2944 -1.5284 0.3463
-7.5861 -0.8302 -1.8213 0.3517
26.9030 -6.9026 -1.3833 0.3122
32.4533 -3.8848 -1.4971 0.3513
25.8496 -8.1925 -1.3895 0.3478
9.1916 -8.2288 -1.5320 0.3257
18.3269 -3.7633 -1.6007 0.3606
3.8640 3.3225 -1.7147 0.3401
10.8353 2.2742 -1.6532 0.3546
33.4684 1.1893 -1.4932 0.3598
-9.9328 4.9786 -1.6833 0.3566
22.5528 -1.5462 -1.5722 0.3232
5.3740 -1.1580 -1.6987 0.3423
-14.3876 0.3604 -1.8750 0.3926
13.6121 -8.6682 -1.4971 0.3779
22.5456 1.6338 -1.5723 0.3667
9.1253 5.0048 -1.5233 0.3555
25.2460 -4.7272 -1.4008 0.3302
-3.0479 7.0963 -1.6233 0.3468
29.8261 -4.6757 -1.3660 0.3416
13.8992 0.2643 -1.6284 0.3483
23.1896 7.4895 -1.4133 0.3211
-8.6209 4.7626 -1.6732 0.3691
1.7677 1.5225 -1.7329 0.2963
29.5770 2.4546 -1.5228 0.3671
-21.9463 -7.8223 -1.7762 0.3675
-0.7611 3.9864 -1.7568 0.3965
21.8191 2.2385 -1.5768 0.3450
19.6289 -8.3093 -1.4441 0.3396
26.0974 -7.5138 -1.3887 0.3524
19.3634 9.4201 -1.4471 0.3612
31.8255 -6.4378 -1.3449 0.3482
4.8956 7.9155 -1.5640 0.3263
12.4574 -4.4833 -1.4954 0.3612
25.8623 -2.0776 -1.5501 0.3500
17.1015 1.1098 -1.6069 0.3298
-18.8766 2.5174 -1.9040 0.3175
-2.9802 -0.0444 -1.7790 0.3994
8.1554 -3.0312 -1.6766 0.3666
20.2831 -0.0263 -1.5865 0.3612
7.6141 4.0137 -1.6832 0.3477
21.6530 -2.0703 -1.5779 0.3638
25.2566 0.9049 -1.5550 0.3290
-9.0923 -2.4165 -1.8324 0.3540
11.9659 -3.4015 -1.6466 0.3549
8.4266 -4.0236 -1.6765 0.3294
-11.3610 -5.5209 -1.6931 0.3479
4.3927 5.2154 -1.5629 0.3417
7.9141 9.6779 -1.5450 0.3347
24.0404 -9.4201 -1.4039 0.3392
2.6594 -6.0787 -1.5785 0.3159
-20.1450 9.2850 -1.7602 0.3713
4.2378 -3.1645 -1.7111 0.3812
25.2771 -2.2205 -1.5540 0.3315
9.2753 3.2594 -1.6677 0.3722
-5.8681 -2.9463 -1.8038 0.3494
30.2583 -0.1460 -1.5197 0.3498
-15.6609 8.0144 -1.7217 0.3241
-5.3873 1.2957 -1.8013 0.3388
1.2281 3.3376 -1.7387 0.3607
19.2787 -5.6583 -1.4453 0.3305
25.1448 -4.7710 -1.4015 0.3352
-21.4864 7.8312 -1.7723 0.3398
22.5222 8.3516 -1.4184 0.2819
18.2317 6.1396 -1.4540 0.3566
28.6791 -7.5587 -1.3671 0.3627
29.0266 6.3706 -1.3675 0.3573
21.6515 -9.6154 -1.4258 0.3689
-13.5878 1.9311 -1.8682 0.3411
-6.1677 3.5052 -1.8055 0.3862
31.1792 -1.4719 -1.5118 0.3331
10.8904 -0.4157 -1.6510 0.3455
7.3256 4.8370 -1.5376 0.3435
29.9426 7.8975 -1.3559 0.3537
27.4519 -6.2132 -1.3806 0.3452
18.6498 -7.2303 -1.4518 0.3479
27.9351 2.5998 -1.5348 0.3364
-18.1699 -5.3848 -1.7464 0.3412
20.4526 -6.1155 -1.4363 0.3053
32.9384 -5.9302 -1.3375 0.3660
-22.0614 -6.0632 -1.7764 0.3296
-11.6173 -0.4576 -1.8547 0.3402
22.6381 9.2878 -1.4168 0.3288
6.2028 6.5614 -1.5510 0.3614
-19.8029 0.8667 -1.9104 0.3391
-8.9225 -8.3767 -1.6655 0.3011
-5.5564 3.4586 -1.8002 0.3556
-5.7362 -0.9772 -1.8047 0.3351
27.6604 5.5672 -1.3805 0.3495
14.7222 -0.1209 -1.6226 0.3666
19.0950 3.3655 -1.5951 0.3302
-24.1858 -5.9990 -1.7931 0.3490
0.6507 6.6643 -1.5949 0.3346
-5.9308 5.5885 -1.6491 0.3697
26.1155 -2.5197 -1.5479 0.3516
32.2322 9.2729 -1.3340 0.3495
0.4005 -6.7921 -1.5969 0.3252
33.3836 -9.5997 -1.3245 0.3650
-24.1384 5.2627 -1.7917 0.3675
-5.4568 2.0113 -1.8013 0.3347
21.4959 -7.7816 -1.4277 0.3531
-3.3940 -6.8099 -1.6264 0.3618
30.2577 -7.3824 -1.3547 0.3944
-11.8921 -6.6629 -1.6940 0.3578
22.7400 -0.7719 -1.6279 0.3500
-12.8979 -8.9808 -1.6962 0.3469
-13.1737 0.3877 -1.8664 0.3481
1.7450 2.1075 -1.7334 0.3653
31.6964 4.5474 -1.3515 0.3324
10.1273 8.9207 -1.5263 0.3687
13.1020 -8.3505 -1.5007 0.3192
-24.4160 -9.2968 -1.7994 0.3633
-21.6031 -7.2172 -1.7731 0.3689
-20.9840 -3.2537 -1.9178 0.3661
24.1785 0.5072 -1.5621 0.3554
-10.7889 -9.9143 -1.6769 0.3579
-5.2697 3.8474 -1.7970 0.3420
11.5972 9.1376 -1.5150 0.3275
10.0373 -5.0044 -1.5159 0.3550
-0.3682 -9.8241 -1.6024 0.3514
-24.7420 5.0649 -1.7960 0.3685
1.9762 5.4010 -1.5834 0.3472
19.3330 -9.1298 -1.4472 0.3532
-10.8856 2.3464 -1.8471 0.3557
17.5015 -5.1432 -1.4583 0.3614
-24.0908 2.6575 -1.9384 0.3690
29.4805 4.5276 -1.3690 0.3309
32.0024 -5.5451 -1.3462 0.3640
-24.8523 -4.7848 -1.7964 0.3464
2.4691 2.2315 -1.7266 0.3629
-0.1707 1.6453 -1.7516 0.3796
25.5130 7.7233 -1.3932 0.3078
7.4433 0.2074 -1.6797 0.3743
11.6819 5.9953 -1.5057 0.3476
-12.8496 4.6401 -1.7073 0.3329
-20.3761 3.3140 -1.9137 0.3412
16.5399 -6.1645 -1.4675 0.3294
12.2406 -4.4728 -1.4970 0.3601
24.9397 1.3354 -1.5569 0.3293
25.6810 -8.6811 -1.3901 0.3741
12.8621 -9.0990 -1.5044 0.3638
7.3017 -9.0037 -1.5483 0.3545
29.8405 8.4262 -1.3553 0.3093
23.0758 3.7776 -1.5676 0.3235
27.9455 6.7352 -1.3753 0.3484
34.7505 9.2683 -1.3148 0.3495
-0.7897 4.0194 -1.7571 0.3688
18.0161 0.3064 -1.6008 0.2917
16.2841 -0.4196 -1.6120 0.3348
-14.5514 4.9205 -1.7197 0.3667
13.1929 7.3579 -1.4974 0.3433
0.6854 6.5923 -1.5946 0.3407
2.0381 -0.1411 -1.7301 0.3178
-14.1917 5.4702 -1.7156 0.3712
19.6844 -0.4683 -1.5903 0.3403
16.8765 -2.3123 -1.6092 0.3719
6.9374 -4.0466 -1.6890 0.3793
-15.5968 -8.9091 -1.7195 0.3763
8.4119 -5.9767 -1.5318 0.3494
-18.9920 4.6001 -1.7534 0.3403
-4.6377 -6.5658 -1.6366 0.3390
-2.6585 8.0235 -1.6193 0.3894
28.0055 -8.4283 -1.3706 0.3458
-0.0663 -8.9775 -1.6005 0.3711
10.9082 -0.3784 -1.6508 0.3596
27.4867 -5.5467 -1.3819 0.3418
0.5456 -7.9409 -1.5960 0.3449
28.0222 -8.8026 -1.3697 0.3737
-16.8123 0.5459 -1.8914 0.3506
-3.1094 -4.8107 -1.6268 0.3409
-19.3164 1.1153 -1.9073 0.3339
8.6558 -7.0340 -1.5329 0.3564
32.4369 -9.5115 -1.3319 0.3397
14.4171 -9.4548 -1.4918 0.3619
12.5645 -7.7465 -1.5036 0.4009
-8.3105 5.9208 -1.6675 0.3604
30.8664 -1.0297 -1.5146 0.3861
3.2921 2.4772 -1.7190 0.3357
-8.9799 7.4998 -1.6683 0.3637
34.2620 -5.7479 -1.3274 0.3751
0.3874 7.4270 -1.5971 0.3776
-2.7101 4.9127 -1.6233 0.3756
-22.9023 4.5804 -1.7818 0.3503
-14.3023 7.4147 -1.7116 0.3678
23.5515 -7.4824 -1.4102 0.3296
3.9617 0.8100 -1.7117 0.3821
32.2925 -0.3293 -1.5035 0.3310
-19.9669 3.2800 -1.9109 0.3751
11.9566 -5.2402 -1.5013 0.3709
18.1990 -7.4535 -1.4558 0.3707
12.2710 9.4689 -1.5101 0.3913
6.7927 -0.6864 -1.6856 0.3710
9.6979 -5.3596 -1.5197 0.3235
16.3730 -7.4269 -1.4712 0.3618
26.7958 1.8720 -1.5439 0.3122
-4.8193 -7.0448 -1.6371 0.3482
2.5792 -6.3391 -1.5794 0.3416
13.1546 9.0431 -1.5018 0.3628
-6.1470 -9.4167 -1.6424 0.3335
-14.2730 -6.2634 -1.7142 0.3341
32.9701 3.4244 -1.4939 0.3600
-13.3163 -5.6621 -1.7082 0.3735
-11.0360 -6.3612 -1.6881 0.3501
12.1212 1.1300 -1.6419 0.3965
-20.3579 3.9191 -1.9135 0.3431
-22.9571 -1.3873 -1.9303 0.3636
-21.1592 5.6258 -1.7692 0.3568
-17.6042 6.3042 -1.7408 0.3431
0.7518 2.4617 -1.7429 0.3762
24.7556 1.5564 -1.5580 0.3322
-4.4817 6.3261 -1.6358 0.3085
0.6519 -9.6994 -1.5957 0.3475
11.0151 0.2127 -1.6499 0.3449
-6.8713 -7.4253 -1.6521 0.3713
0.9523 -5.5689 -1.5921 0.3250
-1.8213 8.9800 -1.6125 0.3605
-4.4870 -9.9258 -1.6300 0.3581
-1.6964 -3.8597 -1.7653 0.3565
-24.3329 -6.9128 -1.7956 0.3709
28.1756 1.4083 -1.5346 0.3495
33.6408 6.8852 -1.3292 0.3510
26.7498 -2.1822 -1.5438 0.3590
-24.6555 6.7437 -1.7980 0.3480
20.0531 -1.1953 -1.5880 0.3229
9.3860 8.1809 -1.5303 0.3418
-19.3495 6.9389 -1.7543 0.3448
30.9715 -6.4236 -1.3518 0.3388
21.5730 7.7013 -1.4270 0.3437
-16.2822 -6.1487 -1.7305 0.3536
32.8425 -0.1921 -1.4990 0.3445
-17.4281 -6.0799 -1.7397 0.3671
2.2808 -2.2708 -1.7284 0.3674
-15.4615 9.7121 -1.7170 0.3024
-15.9886 5.3028 -1.7299 0.3213
33.0683 1.0815 -1.4967 0.3019
9.3274 8.7096 -1.5321 0.3445
-9.4495 -2.8059 -1.8347 0.3433
21.5840 -6.5359 -1.4273 0.3530
27.5147 6.5791 -1.3791 0.3669
30.0562 -9.7565 -1.3506 0.3491
30.9791 6.0919 -1.3527 0.3379
29.3349 -9.5629 -1.3570 0.3499
13.3359 -4.3124 -1.4882 0.3401
-4.4520 -2.8900 -1.7912 0.3205
30.5341 -3.6294 -1.5131 0.3692
-17.6502 -5.1314 -1.7428 0.3585
-14.8720 -7.8364 -1.7154 0.3790
1.0297 -9.9364 -1.5932 0.3253
-7.9801 5.4942 -1.6660 0.3177
11.9440 -0.8617 -1.6430 0.3313
29.3181 -6.7611 -1.3641 0.3580
4.4619 -8.3565 -1.5680 0.3672
8.2322 -4.4312 -1.5291 0.3557
0.3880 -2.9125 -1.7464 0.3529
17.4541 -0.7716 -1.6045 0.3671
-18.9587 -7.9789 -1.7502 0.3408
-22.0846 9.5985 -1.7782 0.3711
13.4803 -4.6251 -1.4878 0.3897
7.0927 -1.1741 -1.6832 0.3287
-0.5585 4.1803 -1.7550 0.3449
-4.9604 -3.7962 -1.7944 0.3222
-21.8916 -8.3501 -1.7760 0.3307
15.8334 -2.4692 -1.6165 0.3579
0.2881 1.0575 -1.7472 0.3163
1.7161 6.8351 -1.5867 0.3344
28.6067 -2.6415 -1.5298 0.3711
19.2529 7.7904 -1.4471 0.3545
-11.8334 0.9215 -1.8561 0.3654
14.4300 4.3497 -1.4799 0.3241
-17.0647 -9.3967 -1.7319 0.3514
-13.3562 7.9145 -1.7025 0.3877
17.8490 -5.7311 -1.4565 0.3368
-17.4466 -3.4826 -1.8934 0.3402
-8.1884 0.4731 -1.8267 0.3616
28.8836 9.1966 -1.3615 0.3320
19.2989 -3.0865 -1.5935 0.3643
30.7676 -5.5900 -1.3559 0.3141
27.9100 9.2145 -1.3698 0.3015
-6.2452 6.1693 -1.6502 0.3563
12.9426 3.2684 -1.6388 0.3304
-2.2783 -1.8073 -1.7718 0.3387
16.8263 -1.5909 -1.6090 0.3675
-4.0926 9.0134 -1.6284 0.3625
-24.9210 -8.6208 -1.8031 0.3255
-19.3637 5.1500 -1.7557 0.3604
21.2607 2.0230 -1.5804 0.3440
-19.9597 9.3687 -1.7584 0.3583
10.9654 1.1681 -1.6508 0.3496
26.4667 -4.3892 -1.3923 0.3199
19.4661 5.5984 -1.4438 0.3357
-0.1937 9.7126 -1.6013 0.3018
-12.4837 8.1491 -1.6947 0.3537
30.3522 -4.1052 -1.5133 0.3579
8.9840 -3.0730 -1.6697 0.3359
-0.6748 5.0964 -1.6058 0.3477
31.5235 1.9638 -1.5084 0.3305
-12.0989 -9.7677 -1.6879 0.3751
1.5369 -7.1628 -1.5883 0.3243
-18.4813 -8.2902 -1.7458 0.3438
-17.5072 -6.4254 -1.7398 0.3240
-1.0842 -3.9018 -1.7598 0.3547
16.9796 9.3440 -1.4688 0.3708
-4.6664 3.5294 -1.7922 0.3085
16.3759 -8.9048 -1.4736 0.3631
23.3114 2.1473 -1.5671 0.3826
27.6547 -1.2667 -1.5384 0.3526
-22.3168 5.0808 -1.7778 0.3365
21.4239 7.6786 -1.4283 0.3492
-16.1715 -8.6957 -1.7249 0.3391
16.8957 9.5986 -1.4699 0.3893
-2.7003 -8.8419 -1.6188 0.3667
17.4676 4.6475 -1.4579 0.3680
-12.1705 8.0626 -1.6924 0.3931
13.6994 5.0344 -1.4871 0.3769
-17.4692 -6.9842 -1.7387 0.3476
-14.8153 -5.8401 -1.7196 0.3505
11.8677 -9.1764 -1.5128 0.3972
-4.7937 -7.3786 -1.6362 0.3352
17.2267 -8.7797 -1.4659 0.3466
16.1096 -8.9272 -1.4760 0.3297
12.2980 1.2422 -1.6406 0.3136
18.8324 -8.4660 -1.4513 0.3324
22.6361 -1.4988 -1.5717 0.3328
29.6854 4.1933 -1.5183 0.3375
-20.1691 -9.6973 -1.7603 0.3622
9.2929 2.7776 -1.6666 0.3498
19.9266 5.1437 -1.4401 0.3702
-11.9835 0.7334 -1.8574 0.3530
-9.1827 -0.4882 -1.8352 0.3536
-8.9821 4.6168 -1.6766 0.3442
9.3400 0.5947 -1.6645 0.3889
-3.0298 0.1857 -1.7795 0.3415
14.9657 6.0363 -1.4797 0.3683
11.6144 6.7511 -1.5085 0.3264
14.4267 -2.6316 -1.6267 0.3451
-9.8609 -1.6904 -1.8398 0.3902
21.0423 6.0152 -1.4317 0.3637
14.8421 0.8974 -1.6220 0.3220
-17.1610 3.7363 -1.8911 0.3294
-12.9896 -8.4965 -1.6981 0.3820
-6.9421 -8.0926 -1.6510 0.3518
31.1625 0.6360 -1.5125 0.3445
-5.4190 6.3846 -1.6431 0.3344
-23.8073 -3.6692 -1.9374 0.3437
-16.5025 9.2126 -1.7271 0.3783
-23.0697 5.2065 -1.7836 0.3360
-0.8296 5.6342 -1.6069 0.3380
22.8292 6.6807 -1.4170 0.3620
2.0261 -4.9102 -1.5826 0.3292
25.3396 -3.3935 -1.5521 0.3313
-22.1482 -7.6314 -1.7779 0.3501
3.1834 -2.3929 -1.7200 0.3506
22.2245 -9.2834 -1.4206 0.3338
15.4833 5.0297 -1.4734 0.3595
26.1695 6.0511 -1.3911 0.3544
-8.5699 -5.7276 -1.6702 0.3105
5.0510 -0.2020 -1.7014 0.3656
15.6127 3.4399 -1.6195 0.3386
-14.8906 4.8508 -1.7224 0.3661
23.9484 9.3888 -1.4048 0.3916
-6.3118 -5.9869 -1.6512 0.3487
-19.4016 -5.0655 -1.7560 0.3371
20.9421 7.0776 -1.4325 0.3776
17.3011 -8.0557 -1.4643 0.3332
28.0208 5.7176 -1.3773 0.3878
28.5245 -7.3332 -1.3690 0.3407
-8.2885 -0.7106 -1.8275 0.3375
13.4818 1.8449 -1.6325 0.3973
34.9474 5.3576 -1.3228 0.3573
-10.3716 -7.7094 -1.6788 0.3824
3.3726 6.4812 -1.5733 0.3495
29.6100 7.0112 -1.3610 0.3481
-18.8152 5.8700 -1.7509 0.2915
30.6950 8.7462 -1.3475 0.3702
4.2893 7.4445 -1.5677 0.3577
28.5824 5.3596 -1.3738 0.3478
12.2823 1.5867 -1.6411 0.3618
15.2861 6.1725 -1.4775 0.3508
21.3791 9.5067 -1.4284 0.3311
-20.9718 2.7464 -1.9177 0.3573
12.6661 -5.1479 -1.4955 0.3462
30.4362 -5.0431 -1.3601 0.3648
32.3674 5.9197 -1.3421 0.3444
33.0993 9.7890 -1.3263 0.3406
13.7500 -5.7938 -1.4887 0.3391
12.9972 9.4017 -1.5039 0.3323
8.1479 -4.6342 -1.5303 0.3395
11.4532 -1.7439 -1.6476 0.3586
11.7271 8.1631 -1.5115 0.3350
-22.4555 9.2363 -1.7815 0.3265
-19.6677 1.3391 -1.9095 0.3658
12.1650 9.0018 -1.5100 0.3472
-6.1470 6.8484 -1.6478 0.3654
-6.9145 7.3279 -1.6526 0.3456
-13.3936 7.3650 -1.7042 0.3386
23.0642 -2.2750 -1.5686 0.3151
32.8597 -9.3867 -1.3289 0.3274
12.6655 -6.7070 -1.4999 0.3325
31.7252 -8.5106 -1.3399 0.3556
28.0330 -5.1520 -1.3787 0.3478
-11.9244 -8.8941 -1.6883 0.3295
-15.7884 -4.4612 -1.7300 0.2944
-12.3048 1.7792 -1.8589 0.3593
-19.2274 -7.1788 -1.7531 0.3675
9.9727 -3.6851 -1.6630 0.3693
-8.0410 -5.5173 -1.6665 0.3307
29.7750 -8.0980 -1.3567 0.3705
11.8045 3.5220 -1.6481 0.3613
-3.4234 7.8605 -1.6251 0.3612
34.0784 4.3199 -1.3326 0.3378
32.1917 3.6843 -1.4997 0.3473
21.7169 9.6604 -1.4252 0.3866
22.5010 4.6255 -1.4211 0.3835
33.6362 -9.0579 -1.3237 0.3490
11.0274 -5.6351 -1.5099 0.3538
27.8012 2.7492 -1.5355 0.3061
-21.1103 2.7809 -1.9187 0.3741
8.2438 6.6520 -1.5351 0.3649
5.1510 -6.8233 -1.5599 0.3569
-22.7366 9.6243 -1.7843 0.3380
-19.7829 0.3258 -1.9103 0.3513
-23.6897 8.4082 -1.7920 0.3793
-7.3591 0.5869 -1.8195 0.3572
-21.7893 -6.2617 -1.7743 0.4026
0.3896 -2.9796 -1.7464 0.3662
23.7648 -5.5767 -1.4107 0.3316
11.8298 -4.7155 -1.5009 0.3418
15.4274 7.8072 -1.4799 0.3358
-23.1096 -2.4521 -1.9317 0.3672
25.3716 -6.3466 -1.3969 0.3731
-16.2286 -2.7092 -1.8859 0.3843
-6.8409 2.3452 -1.8133 0.3434
6.0076 -5.9823 -1.5512 0.3594
30.7996 -8.9804 -1.3461 0.3756
34.8890 7.4424 -1.3179 0.3810
21.9596 -5.2156 -1.4248 0.3254
18.7589 8.7273 -1.4521 0.3624
6.6609 -9.0571 -1.5532 0.3261
14.9376 3.0168 -1.6236 0.3380
-16.3345 3.3049 -1.8859 0.3239
-8.8482 -6.8794 -1.6691 0.3376
34.0786 3.3046 -1.4849 0.3210
33.7769 -2.2472 -1.4893 0.3264
-5.6217 -2.3646 -1.8024 0.3319
-10.5371 7.5496 -1.6806 0.3561
-11.2289 9.0483 -1.6822 0.3507
4.0919 -6.5977 -1.5678 0.3171
-11.5740 3.6820 -1.8498 0.4048
13.9098 -6.9058 -1.4903 0.3402
-20.5108 -9.3000 -1.7636 0.3234
-18.7794 -7.0094 -1.7495 0.3617
-8.3839 2.6931 -1.8260 0.3499
21.6466 4.5287 -1.4274 0.3337
-5.6026 0.1407 -1.8038 0.3578
3.2490 9.0333 -1.5776 0.3366
14.3973 5.2835 -1.4824 0.3441
22.3124 -6.7676 -1.4212 0.3793
-6.5735 -5.8412 -1.6537 0.3525
18.8582 1.9216 -1.5959 0.3623
-7.8360 -3.3340 -1.8201 0.3396
13.6680 -9.9821 -1.4992 0.3531
2.0528 -9.5141 -1.5862 0.3346
30.5977 -1.8380 -1.5159 0.3337
33.9256 0.4723 -1.4897 0.3418
21.4474 3.0664 -1.5791 0.3361
29.9279 5.2628 -1.3635 0.3708
-16.8097 9.3752 -1.7296 0.3616
14.2678 6.7773 -1.4871 0.3042
-13.0979 -2.8812 -1.8631 0.3845
-8.3819 0.6939 -1.8283 0.3628
6.3694 -5.6816 -1.5476 0.3729
19.5192 9.3751 -1.4456 0.3466
18.2896 0.7089 -1.5991 0.3201
27.1676 -5.0066 -1.3857 0.3235
8.5565 4.4809 -1.5265 0.3841
30.5806 -0.2422 -1.5172 0.3175
28.2733 9.9345 -1.3654 0.3211
25.9434 -8.5058 -1.3881 0.3413
-11.2288 -3.2906 -1.8479 0.3223
6.8869 8.8370 -1.5510 0.3607
19.1742 -0.7760 -1.5935 0.3622
33.5662 -3.7641 -1.4882 0.3583
-24.3012 2.0974 -1.9394 0.3377
-5.3731 3.2899 -1.7989 0.3558
-4.4590 -8.1439 -1.6323 0.3857
-7.6879 -4.8123 -1.6654 0.3213
24.0455 -3.8205 -1.5607 0.3723
-22.2957 -5.0838 -1.7777 0.3662
-3.4339 -2.3424 -1.7824 0.3479
17.7011 -3.3058 -1.6046 0.3533
-0.5956 4.6284 -1.6052 0.3571
-16.3562 1.9787 -1.8876 0.3305
11.6511 -1.4161 -1.6457 0.3174
6.3566 -5.9999 -1.5485 0.3681
33.9103 -1.5872 -1.4890 0.3251
19.9116 -6.3903 -1.4408 0.3281
34.1706 9.0429 -1.3196 0.3397
-13.8188 -6.5245 -1.7099 0.3557
20.6957 7.1735 -1.4345 0.3400
8.0983 2.3116 -1.6758 0.3355
17.7506 6.2164 -1.4579 0.3691
3.0531 7.7712 -1.5775 0.3433
-12.2566 6.0797 -1.6986 0.3340
-22.2558 1.7859 -1.9259 0.3579
25.2973 -4.6601 -1.4005 0.3512
23.8885 3.2001 -1.5625 0.3506
-15.2476 -9.9031 -1.7149 0.3589
13.7109 -2.4507 -1.6316 0.3473
19.2640 7.1593 -1.4465 0.3669
8.4575 1.6107 -1.6718 0.3214
-5.9663 -4.7875 -1.6511 0.3748
27.8568 7.8436 -1.3732 0.3317
13.5464 -9.6946 -1.4997 0.3173
18.2131 7.6585 -1.4559 0.3342
14.1269 5.1891 -1.4842 0.3430
18.2773 -7.0725 -1.4547 0.3353
-16.2960 -8.7419 -1.7259 0.3307
30.3557 9.0247 -1.3497 0.3702
-7.8514 -8.6593 -1.6566 0.3326
25.1931 9.4752 -1.3933 0.3048
28.6031 -1.5874 -1.5313 0.3430
14.0734 -2.9299 -1.6298 0.3909
10.8980 3.0009 -1.6541 0.3287
-18.4571 -0.0791 -1.9020 0.3320
1.1733 -2.1990 -1.7388 0.3419
11.6987 2.8032 -1.6474 0.3809
-20.0878 -2.9987 -1.9118 0.3428
-18.3123 -9.3129 -1.7433 0.3295
34.6089 6.4928 -1.3226 0.3573
-5.0660 0.2928 -1.7988 0.3558
-4.0161 3.7337 -1.7862 0.3597
-9.9083 1.5035 -1.8404 0.3288
13.7612 2.2838 -1.6310 0.3387
3.3846 -5.6212 -1.5720 0.3725
22.4259 8.6932 -1.4191 0.3582
5.7497 -1.0455 -1.6952 0.3662
-24.0750 8.4019 -1.7953 0.3489
3.9612 6.1384 -1.5681 0.3711
-21.6888 4.4016 -1.7729 0.3559
24.6072 -0.7976 -1.5593 0.3395
-18.1805 -9.5471 -1.7419 0.3649
-11.9828 -3.6958 -1.8529 0.3325
2.5979 3.2972 -1.7261 0.3809
-13.2890 -3.3869 -1.8636 0.3702
7.3532 -8.0175 -1.5457 0.3441
2.6419 0.3552 -1.7243 0.3463
32.1514 -6.9104 -1.3409 0.3526
-19.6976 -3.8756 -1.9088 0.3465
9.6039 0.0383 -1.6613 0.3764
18.2240 -7.6744 -1.4558 0.3392
-17.3424 -7.7494 -1.7365 0.3199
13.1877 -5.7982 -1.4932 0.3448
26.8543 1.8361 -1.5435 0.3651
22.2533 8.6640 -1.4207 0.3703
31.1102 -5.2193 -1.3543 0.3523
18.2351 4.3965 -1.4520 0.3373
-1.3608 -6.2124 -1.6109 0.3491
30.2271 2.7103 -1.5174 0.3369
-11.4786 -7.2456 -1.6890 0.3039
10.0221 6.9076 -1.5217 0.3330
20.9395 4.8502 -1.4325 0.3602
27.3369 3.6145 -1.5374 0.3446
29.9925 -9.7068 -1.3512 0.3438
-19.9015 6.7282 -1.7590 0.3721
18.5636 -6.9830 -1.4522 0.3307
-12.7537 0.6698 -1.8632 0.3327
21.7472 5.5332 -1.4263 0.3566
17.0414 2.6334 -1.6084 0.3358
-14.1189 6.3805 -1.7127 0.3357
24.9698 4.1770 -1.5537 0.3810
2.7073 5.1215 -1.5770 0.3286
7.6314 -4.0246 -1.6831 0.3354
33.2842 -2.4179 -1.4932 0.3588
14.3975 0.0291 -1.6248 0.3490
10.3138 1.7232 -1.7146 0.3225
-23.9942 3.8334 -1.9389 0.3857
-13.0471 1.1115 -1.8651 0.3341
-23.4061 4.2091 -1.9351 0.3451
-5.0013 -6.9850 -1.6386 0.3587
-4.3295 -2.1071 -1.7909 0.3932
6.8198 8.2661 -1.5503 0.3418
16.3861 -5.6609 -1.4677 0.3316
-14.2393 -7.1268 -1.7118 0.3600
11.0993 4.8962 -1.5071 0.3918
30.0186 -6.1114 -1.3604 0.3527
-13.8995 -0.8478 -1.8714 0.3443
14.5453 4.2366 -1.6288 0.3578
-22.2647 -0.3030 -1.9258 0.3085
6.8689 8.0302 -1.5494 0.3377
19.4924 7.5630 -1.4449 0.3135
-22.9575 0.0590 -1.9301 0.3428
-4.9801 9.2170 -1.6344 0.3397
27.6774 -4.1645 -1.5337 0.2972
-11.4712 -5.3222 -1.6946 0.3536
18.3725 3.4049 -1.6000 0.3624
11.7343 1.4556 -1.6451 0.3461
-15.1787 -4.9779 -1.7244 0.3194
19.5025 -2.5774 -1.5919 0.3753
6.9249 -5.3395 -1.5422 0.3879
-18.2785 -5.2605 -1.7474 0.3580
31.9623 -2.6486 -1.5037 0.3429
4.5177 8.4844 -1.5678 0.3432
19.7048 6.6980 -1.4426 0.3587
-11.9380 0.2484 -1.8572 0.3518
-16.7690 -0.4446 -1.8911 0.3587
19.4784 -9.3704 -1.4460 0.3590
15.4295 -0.7541 -1.6179 0.3352
-8.5535 2.4755 -1.8278 0.3335
19.7770 5.5718 -1.4414 0.3444
5.2995 -2.8804 -1.7012 0.3594
-4.0842 8.3878 -1.6292 0.3188
22.2135 6.8039 -1.4220 0.3454
12.0070 -8.3553 -1.5097 0.3493
5.4361 8.0590 -1.5603 0.3403
21.3864 -5.5434 -1.4291 0.3781
7.6897 8.4664 -1.5442 0.3746
31.3121 2.6136 -1.5090 0.3583
24.0833 -1.7616 -1.5623 0.3854
-3.5087 -1.2710 -1.7838 0.3676
2.8952 1.2558 -1.7220 0.3527
32.4400 6.8775 -1.3387 0.3405
28.7123 6.7385 -1.3690 0.3421
-13.5289 -1.7019 -1.8680 0.3576
-8.5418 6.9805 -1.6663 0.3426
-3.1348 -0.5609 -1.7805 0.3197
27.7909 -1.6490 -1.5371 0.3424
30.6450 -5.1349 -1.3582 0.3706
23.1404 6.5586 -1.4146 0.2985
-8.4575 2.4013 -1.8271 0.3781
28.2239 -1.3776 -1.5342 0.3615
-23.0271 3.2475 -1.9317 0.3453
0.3682 7.2202 -1.5972 0.3558
-2.3423 -6.0435 -1.6190 0.3692
7.1144 -2.1512 -1.6841 0.3507
8.6384 -2.3940 -1.6714 0.3690
-11.4757 -8.4796 -1.6856 0.3670
-12.7267 -3.3186 -1.8595 0.3535
23.2140 5.2359 -1.4153 0.3278
-20.4282 -4.9332 -1.7637 0.3480
4.5972 6.2183 -1.5631 0.3092
-13.5012 9.1051 -1.7010 0.3589
-5.8260 -5.5206 -1.6484 0.3416
-8.3623 -1.8067 -1.8272 0.3377
17.5113 -7.3733 -1.4615 0.3631
2.3612 3.8429 -1.7287 0.3246
-7.0335 -0.3560 -1.8167 0.3522
24.8811 1.7742 -1.5570 0.3432
-19.8523 5.5739 -1.7592 0.3464
20.9816 5.5236 -1.4322 0.3557
-10.1012 0.3195 -1.8428 0.3865
30.0812 7.6464 -1.3554 0.3580
-24.6665 8.6386 -1.8009 0.3772
8.3998 2.6143 -1.6737 0.3779
12.3359 -9.2319 -1.5091 0.3654
9.6380 5.5193 -1.5206 0.3131
23.9009 7.8383 -1.4068 0.3452
-18.2702 1.1328 -1.9007 0.3282
-0.0666 4.0072 -1.7506 0.4073
26.8242 -2.8791 -1.5424 0.3299
28.3241 0.0421 -1.5341 0.3201
4.9007 5.9621 -1.5601 0.2946
8.4780 7.5192 -1.5357 0.3293
20.8345 -7.6957 -1.4334 0.3525
21.7766 -9.6563 -1.4247 0.3717
28.2849 -2.5282 -1.5324 0.3286
25.6314 -2.1816 -1.5516 0.3734
-0.1346 5.4666 -1.6011 0.3487
13.9852 -9.8281 -1.4962 0.3403
3.9941 5.2801 -1.5664 0.3535
-17.9223 0.7265 -1.8985 0.3784
24.3009 3.9565 -1.5588 0.3510
11.1058 0.1852 -1.6492 0.3278
-21.5197 5.8145 -1.7720 0.3585
15.6121 -1.2586 -1.6169 0.3582
-8.0139 -3.0832 -1.8221 0.3462
-20.8441 2.7304 -1.9169 0.3704
11.3953 -1.1111 -1.6474 0.3042
18.9325 -3.9315 -1.5966 0.3571
6.0371 8.2709 -1.5562 0.3657
-24.6611 4.4655 -1.7945 0.3210
9.6130 -6.0625 -1.5224 0.3203
-24.6035 4.8021 -1.7946 0.3700
30.5845 -4.9521 -1.3592 0.3735
-8.9617 -1.3745 -1.8327 0.3772
27.2604 -5.6516 -1.3834 0.3361
-24.2734 -7.7340 -1.7962 0.3540
-19.1670 -2.0187 -1.9061 0.3567
2.0845 1.1016 -1.7298 0.3159
20.5164 -3.9576 -1.5854 0.3531
31.5537 -8.4999 -1.3413 0.3528
6.2657 -5.0073 -1.5468 0.3649
-3.6724 -5.0869 -1.6312 0.3386
-22.3267 1.8150 -1.9264 0.3750
10.0226 -4.3570 -1.5143 0.3516
-2.1974 0.6755 -1.7714 0.3842
29.5480 -0.5932 -1.5250 0.3649
3.8036 -4.6728 -1.5670 0.3556
20.9268 4.8243 -1.4326 0.3264
25.8926 3.3518 -1.5483 0.3236
-19.1033 3.6055 -1.9049 0.3820
1.4508 -1.3284 -1.7359 0.3676
28.6230 -3.6681 -1.5277 0.3443
0.4673 1.8148 -1.7455 0.3417
8.9093 9.1818 -1.5365 0.3544
27.3862 -1.3208 -1.5403 0.3231
-11.0444 3.3057 -1.8465 0.3406
28.6749 -1.1530 -1.5311 0.3623
-1.1783 8.6520 -1.6082 0.3649
10.5820 -4.7057 -1.5107 0.3426
-5.3176 -0.8320 -1.8009 0.3820
6.6271 -0.1270 -1.6869 0.3709
-22.0429 4.5730 -1.7755 0.3346
-21.0844 4.4262 -1.7686 0.3245
-0.1166 4.7888 -1.6010 0.3619
-4.9029 4.6588 -1.6424 0.3410
11.9475 -0.6048 -1.6428 0.3372
-22.7254 -6.8887 -1.7823 0.3545
-14.9399 7.4088 -1.7169 0.3644
-12.4245 -3.5033 -1.8568 0.3658
1.4295 -7.7936 -1.5895 0.3511
-10.1899 -7.4244 -1.6781 0.3041
-16.7402 -0.1048 -1.8910 0.3691
10.8544 -1.4813 -1.6520 0.3339
19.6323 3.2705 -1.5913 0.3562
16.1161 2.2373 -1.6143 0.3476
-8.4292 -7.8518 -1.6631 0.3949
26.2667 -4.0650 -1.5444 0.3912
11.7093 7.9251 -1.5110 0.3408
11.8800 5.3337 -1.5022 0.3231
-12.2291 7.4108 -1.6946 0.3247
-10.4672 -9.5602 -1.6750 0.3554
3.4850 8.2418 -1.5749 0.3392
-10.7307 7.2216 -1.6831 0.3278
16.2847 -0.9545 -1.6122 0.3395
-6.4867 3.4718 -1.8083 0.3590
-15.8850 -4.5601 -1.7305 0.3484
-15.9032 3.1718 -1.8830 0.3404
-17.3663 5.9754 -1.7394 0.3429
1.3850 -0.3289 -1.7365 0.3468
-24.8176 -9.4345 -1.8032 0.3545
7.5423 -1.6731 -1.6797 0.3556
-7.1018 4.4996 -1.6613 0.3170
8.1487 4.0751 -1.6789 0.3533
31.1255 -0.2739 -1.5130 0.3428
27.1429 9.7142 -1.3756 0.3297
9.5858 -7.6591 -1.5273 0.3425
0.0842 -6.8342 -1.5993 0.3731
16.9018 -4.8335 -1.4624 0.3662
30.3884 6.0709 -1.3575 0.3519
4.3728 5.2564 -1.5632 0.3321
-19.0415 5.4552 -1.7530 0.3228
20.9653 7.5925 -1.4323 0.3312
-24.3713 -1.1418 -1.9393 0.3502
20.8783 -3.6285 -1.5829 0.3507
-19.9050 2.0076 -1.9109 0.3370
-18.6030 -1.8026 -1.9025 0.3676
21.9024 0.4768 -1.5980 0.3577
16.3713 -7.1957 -1.4707 0.2970
8.7142 -2.0723 -1.6702 0.3522
24.2351 -0.5473 -1.5618 0.3651
26.0821 -8.2512 -1.3874 0.3540
2.4507 9.8899 -1.5838 0.3616
34.7779 -9.2443 -1.3147 0.3447
-3.5452 8.3903 -1.6253 0.3487
-14.7095 -8.3960 -1.7128 0.3491
25.7586 7.1860 -1.3922 0.3537
-0.0658 0.9648 -1.7506 0.3384
27.4700 -6.0733 -1.3808 0.3718
-21.3300 -5.3734 -1.7705 0.3785
-18.3369 -2.9678 -1.9001 0.3394
-22.5836 5.8805 -1.7804 0.3266
11.1207 -7.0571 -1.5133 0.3231
24.9118 -5.1554 -1.4026 0.3581
-0.8404 3.8536 -1.7576 0.3618
-19.5583 2.2798 -1.9086 0.3582
-2.5919 -1.5835 -1.7749 0.3599
-4.1172 -8.7893 -1.6289 0.3386
13.6083 1.1700 -1.6309 0.3102
14.1291 -5.4156 -1.4848 0.3401
-18.8186 2.2420 -1.9037 0.3831
0.2106 -4.5097 -1.5982 0.3553
13.5509 9.6066 -1.4995 0.3585
-9.4683 1.8119 -1.8364 0.3681
-0.5752 1.4261 -1.7556 0.3332
11.8217 6.7354 -1.5068 0.3545
-0.8278 9.8633 -1.6055 0.3602
-23.1483 5.5834 -1.7845 0.3313
-11.6430 1.8779 -1.8537 0.3573
21.5649 7.2705 -1.4272 0.3759
-10.0898 -6.3758 -1.6804 0.3420
24.0627 5.2846 -1.4088 0.3156
3.0145 3.5980 -1.7226 0.3535
3.3753 1.2650 -1.7175 0.3369
21.2310 7.3351 -1.4300 0.3536
-2.0024 4.1931 -1.7678 0.3332
-10.6912 4.3347 -1.6911 0.3512
-18.6981 8.1948 -1.7478 0.3745
15.3146 3.9882 -1.6226 0.3494
3.1966 -4.8915 -1.5725 0.3170
23.5644 -6.3275 -1.4114 0.3575
2.4605 0.2639 -1.7260 0.3504
-0.1114 -5.3018 -1.6009 0.3543
-7.0689 3.9927 -1.8122 0.3695
-13.0343 6.8542 -1.7027 0.3395
24.8262 -4.1637 -1.5547 0.3442
-19.2873 8.2695 -1.7529 0.3294
29.1277 4.9381 -1.3707 0.3539
-23.3855 9.7628 -1.7904 0.3533
6.3351 -6.0259 -1.5487 0.3448
-21.5003 -0.7691 -1.9210 0.3649
21.7764 2.8062 -1.5769 0.3293
-12.3102 5.2584 -1.7014 0.3525
8.9554 8.2387 -1.5338 0.3620
29.9868 7.8254 -1.3557 0.3392
13.9555 -5.2776 -1.4858 0.3225
-14.3008 -1.5506 -1.8737 0.3161
22.8007 4.3661 -1.4191 0.3531
1.4888 -7.3537 -1.5888 0.3839
-24.2094 9.1873 -1.7974 0.3378
4.2059 4.9391 -1.5640 0.3590
23.7491 6.5768 -1.4096 0.3015
0.7975 8.1489 -1.5943 0.3575
20.5057 -6.4410 -1.4360 0.3282
17.3316 -1.5574 -1.6056 0.3421
2.4147 3.0334 -1.7276 0.3516
-5.6030 6.4492 -1.6445 0.3168
18.5924 4.7601 -1.4497 0.4129
-2.8649 -7.5694 -1.6213 0.3379
-14.7948 2.9134 -1.8755 0.3621
-5.7482 -4.1189 -1.8007 0.3799
27.6104 -1.8700 -1.5381 0.3559
-7.9967 9.8846 -1.6552 0.3254
-10.9024 -6.8589 -1.6855 0.3521
-16.9948 -7.9124 -1.7333 0.3132
-21.6893 -1.8171 -1.9223 0.3434
33.6015 7.2826 -1.3284 0.3835
7.2066 -6.7558 -1.5436 0.3218
18.7787 -8.4009 -1.4517 0.3335
21.3784 -1.6230 -1.5797 0.3871
-3.8610 2.6460 -1.7861 0.3465
22.9344 -6.9061 -1.4160 0.3321
32.6891 6.0918 -1.3391 0.3578
19.5057 6.9183 -1.4444 0.3406
17.7040 0.4519 -1.6028 0.2957
0.9340 -9.3907 -1.5937 0.3228
25.4792 0.3220 -1.5537 0.3911
-19.6698 -5.7164 -1.7577 0.3566
19.9810 -1.0781 -1.5885 0.3793
-3.2804 5.1947 -1.6278 0.3294
8.9584 -8.9116 -1.5355 0.3489
28.5778 -9.9970 -1.3626 0.3466
11.3012 -7.3310 -1.5127 0.3391
-23.4651 -9.0926 -1.7906 0.3542
18.3563 -4.7916 -1.4515 0.3277
30.7415 -1.9146 -1.5147 0.3742
13.5207 5.5942 -1.4900 0.3593
26.6852 -9.3935 -1.3801 0.3465
24.5177 -2.9802 -1.5584 0.3527
26.6775 8.5889 -1.3816 0.3440
-4.3540 1.5276 -1.7916 0.3155
3.4498 6.5353 -1.5728 0.3302
25.8820 -0.3297 -1.5510 0.3464
29.6239 -8.0552 -1.3580 0.3429
-16.1895 -6.2612 -1.7296 0.3630
-14.1081 5.1616 -1.7157 0.3612
-4.1902 7.2822 -1.6318 0.3388
21.2179 -0.6492 -1.6360 0.3309
27.4989 -0.1509 -1.5400 0.3651
9.8144 -0.9976 -1.6599 0.3538
-18.2039 -9.6327 -1.7421 0.3376
-6.7751 -8.0898 -1.6497 0.3272
26.4214 9.8378 -1.3818 0.3365
-4.1467 -9.1597 -1.6286 0.3578
-18.8316 -3.0206 -1.9034 0.3837
-6.8759 3.8137 -1.8110 0.3458
23.4024 -1.5034 -1.5668 0.3333
4.6088 9.6533 -1.5688 0.3931
-14.7056 -9.3452 -1.7110 0.3426
-6.2421 7.4912 -1.6471 0.3341
32.2149 -7.3051 -1.3393 0.3419
0.9174 -5.9036 -1.5925 0.3409
1.4960 0.5661 -1.7354 0.3754
-15.8158 7.4291 -1.7242 0.3165
-6.7267 -1.7184 -1.8130 0.3619
23.8812 -4.1285 -1.5616 0.3498
22.1719 -1.9666 -1.5746 0.3389
1.1299 -8.1131 -1.5919 0.3433
28.6191 6.7647 -1.3697 0.3450
-2.1845 8.3043 -1.6156 0.3518
26.8598 3.5155 -1.5411 0.3410
-23.1061 -1.1066 -1.9312 0.3487
-4.1662 2.2830 -1.7892 0.3345
26.3041 1.0373 -1.5479 0.3936
29.0786 -8.9689 -1.3604 0.3702
20.3854 -2.1116 -1.5860 0.3598
15.1919 3.1366 -1.6220 0.3411
23.9303 6.9560 -1.4077 0.3664
17.4535 -2.8205 -1.6058 0.3560
-9.7467 6.3854 -1.6777 0.3524
2.9742 5.1383 -1.5747 0.3393
14.6423 8.5862 -1.4882 0.3555
10.2682 9.7886 -1.5271 0.3837
28.1059 -9.1654 -1.3682 0.3516
3.4307 -1.2506 -1.7169 0.3447
-14.3208 5.4712 -1.7166 0.3520
-12.1251 6.4633 -1.6965 0.3509
25.7634 -8.3429 -1.3900 0.3391
-24.4767 2.1318 -1.9406 0.3352
27.1478 7.9691 -1.3789 0.3659
-21.6647 -5.4588 -1.7731 0.3741
-1.5005 -3.0528 -1.7639 0.3953
23.0106 -2.1030 -1.5691 0.3592
-0.5431 -2.1092 -1.7552 0.3523
24.3409 1.2341 -1.5608 0.3680
-18.9821 -8.7839 -1.7498 0.3318
5.6925 5.5838 -1.5529 0.3629
9.9484 -7.5425 -1.5241 0.3708
28.4521 6.2663 -1.3724 0.3705
-19.3827 -9.6581 -1.7530 0.3833
-4.6840 5.7405 -1.6385 0.3380
14.5609 -2.8947 -1.6262 0.3402
33.7958 3.1172 -1.4876 0.3457
25.8965 -6.4166 -1.3926 0.3277
25.7897 0.7402 -1.5515 0.3608
6.0310 -4.0178 -1.6967 0.3635
8.8579 -9.9215 -1.5383 0.3612
26.5148 4.5028 -1.3917 0.3530
27.1775 -7.3765 -1.3800 0.3701
23.1365 8.7941 -1.4126 0.3615
24.1143 0.8745 -1.5624 0.3379
27.7778 -9.9665 -1.3696 0.2910
-18.1731 8.8985 -1.7424 0.3434
-7.4416 -7.3443 -1.6567 0.3508
33.5668 6.6788 -1.3303 0.3509
7.6866 -3.4144 -1.6813 0.3464
-14.4122 1.3612 -1.8747 0.3393
5.1833 6.7145 -1.5594 0.3331
13.7471 -8.9968 -1.4967 0.3293
24.6933 3.6012 -1.5564 0.3587
23.7306 -7.0284 -1.4093 0.3718
-22.0455 4.3279 -1.7754 0.3250
2.2115 -6.7859 -1.5828 0.3488
-23.7659 -9.5611 -1.7937 0.3658
28.2894 -6.8912 -1.3721 0.3462
-14.5656 2.5148 -1.8745 0.3643
12.4925 9.7145 -1.5087 0.3716
9.2371 9.4024 -1.5344 0.3579
12.5318 4.9138 -1.4959 0.3401
8.8050 6.4916 -1.5302 0.3763
17.9353 7.4793 -1.4581 0.3447
12.5666 0.5671 -1.6382 0.3447
-19.5820 -5.4280 -1.7572 0.3603
-2.9939 3.2219 -1.7776 0.3440
7.7956 -7.1681 -1.5401 0.3455
-5.4882 6.6472 -1.6431 0.3425
20.6199 -1.7582 -1.5845 0.3464
-5.9261 -4.6702 -1.6511 0.3539
24.7211 6.8692 -1.4013 0.3105
-16.1960 -7.7761 -1.7267 0.3480
21.1636 9.4965 -1.4304 0.3147
-13.9921 9.0082 -1.7054 0.3419
6.6809 2.1758 -1.6879 0.3568
-5.7685 4.2425 -1.8006 0.3435
13.2401 -9.2570 -1.5015 0.3641
-12.2356 -1.2583 -1.8908 0.3570
22.7246 7.6923 -1.4171 0.3069
9.4150 -9.7696 -1.5337 0.3740
32.4364 -4.1876 -1.4964 0.3550
17.7062 -2.9232 -1.6042 0.3386
11.4437 3.5016 -1.6508 0.3406
24.7495 4.0968 -1.5554 0.3083
-11.8190 -8.6962 -1.6879 0.3544
12.9645 -5.6497 -1.4945 0.3630
-1.5758 6.5099 -1.6124 0.3364
19.6275 -6.1636 -1.4429 0.3319
-23.5318 -4.2693 -1.9361 0.3528
0.6627 -6.7551 -1.5948 0.3739
14.1021 5.0863 -1.4842 0.3718
2.6384 -9.4579 -1.5822 0.3666
-10.7217 -3.9617 -1.8423 0.3904
2.8610 0.6463 -1.7222 0.3685
25.9847 -9.8796 -1.3857 0.3731
-12.5897 9.0797 -1.6934 0.3517
-2.9697 7.3858 -1.6224 0.3431
34.4201 2.9463 -1.4826 0.3727
29.7690 -1.2174 -1.5229 0.3304
-22.9619 -6.8939 -1.7842 0.3585
6.8199 1.0728 -1.6856 0.3378
-21.0752 -5.2158 -1.7685 0.3568
30.4343 2.7603 -1.5157 0.3554
1.4927 -7.0883 -1.5886 0.3533
0.1062 4.3424 -1.5991 0.3496
-8.6232 -3.5419 -1.8263 0.3607
9.1291 0.0396 -1.6652 0.3639
-16.3001 -6.7635 -1.7295 0.3220
22.9373 -4.8745 -1.4177 0.3491
4.4726 -0.9958 -1.7070 0.3416
8.9878 -0.8364 -1.6666 0.3539
25.4483 9.9956 -1.3904 0.3417
-13.8911 -3.2916 -1.8682 0.3755
-14.4890 -8.3124 -1.7111 0.3486
0.2481 0.4844 -1.7476 0.3697
22.1677 -3.5635 -1.5740 0.3310
-21.4873 7.5555 -1.7722 0.3444
22.7102 -5.7940 -1.4187 0.3377
5.0454 7.1133 -1.5613 0.3579
8.7058 3.2715 -1.6724 0.3263
8.8632 -6.2402 -1.5290 0.3158
-21.6300 -1.8951 -1.9219 0.3375
-10.0138 -0.1513 -1.8421 0.3612
20.3178 0.4360 -1.5863 0.3338
-0.2639 -2.0581 -1.7525 0.3553
8.6310 1.6926 -1.6704 0.3371
31.6921 4.3348 -1.3521 0.3149
-22.2237 0.1237 -1.9255 0.3670
1.9808 2.0487 -1.7311 0.3630
-3.3236 7.1919 -1.6253 0.3492
-18.6130 -0.0450 -1.9030 0.3509
32.0477 -1.6740 -1.5045 0.3458
32.6876 -5.0450 -1.3421 0.3293
-6.3107 -7.3727 -1.6479 0.3761
31.8030 -4.1549 -1.5017 0.3480
-22.8896 -1.8767 -1.9300 0.3572
33.8538 5.2852 -1.3319 0.3400
25.1559 -5.6514 -1.3999 0.3589
-12.1402 4.0429 -1.8533 0.3729
10.9728 -8.4193 -1.5183 0.3533
22.8980 -6.8322 -1.4163 0.3572
-5.8421 -3.4734 -1.8027 0.3676
-3.7749 -0.6036 -1.7866 0.3641
12.7384 -6.3814 -1.4984 0.3709
-16.1744 -7.7594 -1.7266 0.3564
-17.9074 1.3165 -1.8983 0.3564
-10.0117 -1.7602 -1.8409 0.3548
19.4756 -1.6822 -1.5918 0.3673
-3.0040 -3.8411 -1.7770 0.3414
5.4415 -2.5750 -1.6995 0.3606
-13.2730 -6.3185 -1.7061 0.3959
-13.3537 -4.5883 -1.7113 0.3572
14.0271 0.8455 -1.6277 0.3261
-18.4975 0.4458 -1.9023 0.3442
15.0704 8.1185 -1.4835 0.3624
-0.9579 6.6508 -1.6075 0.3366
15.2763 -9.8580 -1.4848 0.3304
-2.0962 -5.4047 -1.6176 0.3224
25.7631 7.7539 -1.3910 0.3458
-21.6666 -3.7049 -1.9226 0.3822
28.5978 -0.4459 -1.5321 0.3394
-8.8803 3.4997 -1.8285 0.3675
-22.4475 0.8671 -1.9270 0.3444
8.7443 -9.9026 -1.5392 0.3423
-11.5387 -5.8687 -1.6935 0.3603
2.5522 -7.9912 -1.5814 0.3193
23.1389 -6.6471 -1.4145 0.3834
22.4928 -7.0526 -1.4195 0.3607
11.0231 2.4556 -1.6520 0.3710
33.6723 -1.8687 -1.4907 0.3448
2.8251 -8.6690 -1.5802 0.3599
-22.6367 -8.3542 -1.7826 0.3687
24.1655 9.0071 -1.4032 0.3482
-11.7224 -6.9048 -1.6920 0.3325
-14.4257 -4.9232 -1.7187 0.3311
-20.7994 1.4859 -1.9166 0.3415
-5.3260 -6.2579 -1.6427 0.3545
-5.4305 -6.0494 -1.6440 0.3467
-6.8337 -8.5482 -1.6492 0.3402
10.5916 9.6164 -1.5241 0.3636
20.0925 2.1210 -1.5879 0.3408
31.2660 0.5949 -1.5117 0.3380
-19.3570 7.7734 -1.7538 0.3688
-15.9771 1.8885 -1.8851 0.3610
10.3906 -4.7383 -1.5124 0.3255
-19.1119 -0.5548 -1.9061 0.3234
-2.7541 -0.4484 -1.7768 0.3278
12.4731 -2.0384 -1.6402 0.3494
21.8327 5.0726 -1.4258 0.3736
-11.9440 -7.8063 -1.6912 0.3789
15.0791 -6.8157 -1.4806 0.3650
13.7522 -2.5561 -1.6315 0.3883
26.5770 -8.5765 -1.3825 0.3540
-6.1752 9.7479 -1.6421 0.3722
20.0055 -0.0841 -1.5883 0.3386
20.1200 -8.9979 -1.4400 0.3189
-10.6483 2.1579 -1.8455 0.3438
12.2695 5.6221 -1.4999 0.3475
15.5097 -1.8457 -1.6181 0.4017
-8.5343 -0.3894 -1.8297 0.3500
2.1080 4.0120 -1.7311 0.3296
1.1467 -5.3236 -1.5903 0.3693
21.4106 1.9533 -1.5795 0.3348
-24.9585 2.6189 -1.9443 0.3529
5.0616 6.0929 -1.5591 0.3675
-13.9396 7.8214 -1.7076 0.3314
13.8105 8.8178 -1.4957 0.3803
15.8221 -7.4735 -1.4759 0.3725
5.0676 6.3254 -1.5595 0.3571
7.5218 3.5086 -1.6829 0.3850
-6.0965 -2.5854 -1.8064 0.3424
-6.2006 8.4562 -1.6446 0.3659
19.7070 7.2023 -1.4428 0.3556
-17.0961 5.4872 -1.7381 0.3372
21.2902 -8.8503 -1.4293 0.3378
14.3008 -6.4599 -1.4860 0.3906
28.0685 8.3666 -1.3702 0.3712
-9.3913 9.6447 -1.6663 0.3678
5.3707 -4.4539 -1.5532 0.3375
-22.6606 -4.4523 -1.7799 0.3642
29.7504 2.2061 -1.5219 0.3426
15.5235 -8.4764 -1.4804 0.3840
12.3725 1.9063 -1.6408 0.3743
18.9614 9.3738 -1.4508 0.3684
-7.9403 -4.0609 -1.8194 0.3664
11.2316 4.8549 -1.5060 0.3482
23.0553 0.4980 -1.5693 0.3597
-19.5823 -4.2538 -1.9078 0.3808
32.5290 -1.7504 -1.5005 0.3593
28.5132 1.0216 -1.5324 0.3332
32.7811 5.2318 -1.3408 0.3751
23.5009 0.8159 -1.5664 0.3364
-7.3413 8.5028 -1.6531 0.3494
9.8933 -7.6610 -1.5249 0.3405
-17.7903 9.1540 -1.7387 0.2978
20.2500 1.0130 -1.5868 0.3535
-15.7816 -2.1637 -1.8834 0.3935
27.0094 -8.4790 -1.3790 0.3564
-10.5666 -4.0750 -1.8408 0.4093
-15.3753 -1.2413 -1.8815 0.3469
-20.7457 8.7413 -1.7658 0.3544
17.6819 5.1285 -1.4569 0.3479
-13.8278 -8.8191 -1.7044 0.3512
-13.1399 -3.4421 -1.8623 0.3574
-14.8182 -0.1714 -1.8781 0.3802
-6.6523 7.0017 -1.6514 0.3332
31.4727 5.5285 -1.3505 0.3502
4.1973 -5.6772 -1.5654 0.3623
-9.3473 -8.9908 -1.6674 0.3756
-14.7766 -7.3525 -1.7157 0.3068
-23.8659 0.0658 -1.9358 0.3220
-3.1004 -8.2024 -1.6223 0.3508
-18.3963 -5.0048 -1.7486 0.3724
-23.3793 6.4270 -1.7872 0.3404
-18.8212 -1.9609 -1.9039 0.3634
-5.8887 9.9229 -1.6398 0.3896
20.0518 5.1197 -1.4391 0.3502
-20.9808 -4.7016 -1.7678 0.3454
15.7204 -9.8486 -1.4808 0.3594
12.2326 0.5441 -1.6407 0.3536
27.9194 4.1171 -1.5320 0.3551
-13.9608 -0.6063 -1.8720 0.3464
22.6561 8.1301 -1.4174 0.3449
26.8919 5.3590 -1.3870 0.3299
33.5890 0.4054 -1.4926 0.3623
23.5130 -9.6215 -1.4086 0.3292
-17.5739 -3.2351 -1.8946 0.3337
31.8277 -0.1118 -1.5074 0.3260
23.8995 -4.9953 -1.4104 0.3435
-12.2605 6.7530 -1.6967 0.3505
-15.0882 -1.5106 -1.8793 0.3280
31.1848 -5.9240 -1.3516 0.3447
-15.6581 5.5820 -1.7268 0.3532
21.6262 2.1657 -1.5780 0.3186
-0.6844 -6.0584 -1.6055 0.3348
18.4283 0.6549 -1.5982 0.3861
-19.4889 3.8904 -1.9074 0.3358
18.5035 -1.0313 -1.5978 0.3642
5.7147 -3.9524 -1.6993 0.3398
29.0227 3.7934 -1.5244 0.3540
-13.6961 3.7453 -1.8659 0.3341
-18.4386 -9.6613 -1.7442 0.3120
-13.2268 -5.3175 -1.7084 0.3412
-20.2855 2.9263 -1.9132 0.3588
33.8090 -5.5171 -1.3317 0.3636
-17.6286 9.2531 -1.7372 0.3529
-12.9489 -6.7442 -1.7023 0.3345
23.5811 4.9643 -1.4128 0.3684
-10.1947 9.9665 -1.6720 0.3356
-11.6624 -3.0684 -1.8518 0.3368
15.3386 2.0625 -1.6195 0.3304
-1.0741 -7.8858 -1.6078 0.3415
25.1287 2.4365 -1.5548 0.3441
13.2962 9.7505 -1.5020 0.3559
-7.7071 9.4572 -1.6538 0.3229
10.8754 -1.7644 -1.6522 0.3408
26.9877 6.4124 -1.3838 0.3340
-3.1310 6.5320 -1.6247 0.3586
19.1882 -3.4547 -1.5945 0.3561
-0.0500 6.4550 -1.6004 0.3294
7.5844 -6.7519 -1.5406 0.3598
19.0220 9.5776 -1.4503 0.3490
-21.3684 7.2834 -1.7711 0.3659
2.2970 0.2119 -1.7276 0.3371
-19.2872 -2.2936 -1.9068 0.3618
18.5003 8.9190 -1.4546 0.3673
11.4684 -8.5775 -1.5147 0.3514
-5.3842 -0.0322 -1.8017 0.3920
-20.4231 -0.2611 -1.9143 0.3598
30.5481 -2.3735 -1.5155 0.3853
-6.0998 -7.7474 -1.6454 0.4004
-8.4774 -4.9724 -1.6715 0.3165
-18.9397 9.6624 -1.7489 0.3730
9.6412 6.1590 -1.5225 0.3603
-9.0608 6.7657 -1.6711 0.3549
25.5712 0.1906 -1.5531 0.3368
15.9660 3.2365 -1.6166 0.3322
-24.7651 0.1001 -1.9416 0.3289
8.9405 3.5472 -1.6711 0.3945
-11.0899 7.2694 -1.6858 0.3597
-24.0780 -5.1481 -1.7911 0.3228
12.1620 9.0179 -1.5100 0.3289
-12.7051 8.2722 -1.6962 0.3095
28.9781 -1.6142 -1.5285 0.3738
9.4028 9.5363 -1.5334 0.3509
-12.4489 7.6505 -1.6957 0.3602
33.7476 -9.1985 -1.3225 0.3500
7.7865 -9.1577 -1.5450 0.3690
-15.0717 4.1457 -1.8753 0.3421
6.0345 5.6734 -1.5503 0.3559
32.5609 -5.0263 -1.3432 0.3555
0.4526 -0.0253 -1.7456 0.3268
0.5207 0.7850 -1.7449 0.3355
2.6676 -1.0881 -1.7242 0.3439
-8.1938 -8.6176 -1.6593 0.3564
-15.2930 -5.6221 -1.7238 0.3778
9.7357 6.2902 -1.5221 0.3523
28.6520 -8.5383 -1.3649 0.3482
19.1438 2.4428 -1.5942 0.3562
-19.2288 2.6832 -1.9062 0.3469
-0.9491 9.1298 -1.6065 0.3495
-24.6822 9.7490 -1.8023 0.3803
-6.5236 8.9009 -1.6461 0.3455
15.1626 0.8264 -1.6197 0.3552
-7.5859 -9.1645 -1.6535 0.3371
25.4335 -4.4540 -1.3998 0.3752
3.6431 -0.4901 -1.7147 0.3318
15.1501 -9.2176 -1.4849 0.3486
28.0319 -9.2581 -1.3686 0.3696
15.9686 -3.5195 -1.6171 0.3327
28.8396 -2.2531 -1.5287 0.3674
23.4839 1.6169 -1.5662 0.3090
9.0239 8.6572 -1.5344 0.3282
-7.1660 -2.1765 -1.8164 0.3481
-7.1115 -9.0382 -1.6502 0.3982
27.5199 0.8009 -1.5396 0.3529
-21.7669 -2.8408 -1.9230 0.3533
31.4862 8.0221 -1.3431 0.3730
-5.3764 -1.3700 -1.8012 0.3283
19.3323 -3.5641 -1.5935 0.2893
-5.1982 4.4776 -1.6453 0.3847
32.1981 -0.1349 -1.5043 0.3621
-22.8116 1.1020 -1.9293 0.3411
-3.8009 -6.9587 -1.6293 0.3511
27.0477 -2.4961 -1.5413 0.3710
-8.5566 -9.0715 -1.6611 0.3474
-8.4628 5.0976 -1.6710 0.3529
28.9251 -5.0884 -1.3719 0.3907
24.8349 -7.5897 -1.3992 0.3251
-18.6537 1.7902 -1.9029 0.3603
9.8108 1.5886 -1.7541 0.3256
-11.5963 -3.6840 -1.8499 0.3813
-12.0917 9.2470 -1.6889 0.3559
11.9242 2.7104 -1.6455 0.3363
-17.5680 8.5279 -1.7374 0.3200
3.1867 -3.9881 -1.7215 0.3430
-9.6507 1.0361 -1.8387 0.3537
26.2353 -1.7296 -1.5479 0.3732
8.2697 -1.7343 -1.6735 0.3281
-12.0935 -9.0447 -1.6893 0.3335
30.5879 -5.6073 -1.3573 0.3401
24.3738 7.3865 -1.4034 0.3345
-9.0825 6.9971 -1.6706 0.3397
32.6631 -7.8980 -1.3341 0.3311
-8.9357 -9.6370 -1.6628 0.3583
-7.4414 -7.9591 -1.6551 0.3403
-1.8422 2.7760 -1.7673 0.3502
-15.1117 -5.2035 -1.7233 0.3561
16.2210 5.2525 -1.4682 0.3224
8.4402 -9.8834 -1.5414 0.3619
28.6677 4.3155 -1.3759 0.3542
-10.5475 7.7278 -1.6801 0.3542
-14.7861 -9.1039 -1.7121 0.3473
-3.4826 7.3479 -1.6263 0.3446
-16.2335 8.3574 -1.7260 0.3511
31.7691 0.7168 -1.5076 0.3519
18.0468 -4.3094 -1.4532 0.3264
22.7715 1.2563 -1.5709 0.3815
19.8826 -3.7883 -1.5898 0.3361
-10.4308 8.6642 -1.6767 0.3513
-16.5606 0.8726 -1.8896 0.3733
0.7660 5.9741 -1.5938 0.3432
24.7411 2.1994 -1.5576 0.3547
-5.1691 -4.2319 -1.7955 0.3062
-24.4262 0.0026 -1.9394 0.3104
14.6036 7.5978 -1.4863 0.3495
-12.9962 -2.3425 -1.8633 0.3538
7.5701 -3.1734 -1.6818 0.3721
-24.1072 9.1286 -1.7964 0.3660
5.5310 -3.3188 -1.6998 0.3182
-1.3835 7.1900 -1.6105 0.3754
27.8247 -6.4344 -1.3770 0.3262
18.3088 5.8345 -1.4530 0.3673
-22.8383 2.3060 -1.9299 0.3410
22.3713 -7.5961 -1.4202 0.4043
22.4736 -8.7211 -1.4186 0.3382
14.8046 -4.0339 -1.6265 0.3485
30.7578 3.1491 -1.5124 0.3532
23.1952 -2.7977 -1.5675 0.3451
-11.8661 -4.5770 -1.6998 0.3301
-2.1072 1.6373 -1.7703 0.3941
-4.0046 9.0511 -1.6277 0.3378
5.2945 -7.5629 -1.5603 0.3371
32.2228 2.8916 -1.5012 0.3478
11.9359 8.2480 -1.5100 0.3539
-6.2237 0.8220 -1.8092 0.3363
31.4911 9.2837 -1.3399 0.3691
17.0163 1.9579 -1.6080 0.3531
-9.0352 3.4520 -1.8299 0.3504
29.3908 5.8256 -1.3662 0.3612
-4.3472 -6.0055 -1.6353 0.3330
5.9727 1.2038 -1.6933 0.3383
3.7534 2.2853 -1.7146 0.3496
30.4179 -7.5970 -1.3528 0.3686
-9.0602 -0.8898 -1.8339 0.3451
-5.0016 5.4136 -1.6418 0.3437
14.6096 -9.1859 -1.4896 0.3078
28.1969 -1.7302 -1.5341 0.3361
-18.1070 -7.0856 -1.7439 0.3170
-12.4070 -6.4850 -1.6987 0.3220
31.8821 0.2515 -1.5069 0.3573
21.6378 -9.4104 -1.4260 0.4164
-4.2358 -1.5009 -1.7905 0.3539
-3.5419 -9.4859 -1.6240 0.3567
3.1720 8.5112 -1.5775 0.3348
15.4280 7.6591 -1.4796 0.3290
8.6625 -5.7672 -1.5292 0.3911
21.5672 -8.6839 -1.4268 0.3339
-21.7500 -4.9873 -1.7735 0.3100
24.1424 -9.4322 -1.4029 0.3549
-21.5169 4.6958 -1.7717 0.3414
27.8584 1.4779 -1.5368 0.3619
-22.4047 0.8768 -1.9267 0.3814
-17.3301 7.0394 -1.7375 0.3574
-14.1889 6.1862 -1.7138 0.3545
-11.6170 -1.8224 -1.9268 0.3632
-0.8943 2.2067 -1.7585 0.4041
14.3289 -1.1638 -1.6257 0.3956
28.5562 2.4802 -1.5304 0.3437
6.4702 -6.9695 -1.5499 0.3690
6.9494 -3.9984 -1.6888 0.3857
-5.8417 -4.9623 -1.6497 0.3639
23.0408 -6.6507 -1.4153 0.3487
-18.3708 -1.7232 -1.9011 0.3400
-6.9338 4.5300 -1.6599 0.3520
-19.1811 -2.0789 -1.9062 0.3272
-12.1492 9.6527 -1.6885 0.3679
10.1959 -3.9582 -1.6618 0.3778
-17.4424 8.9626 -1.7358 0.3421
-18.9629 -6.1289 -1.7518 0.3410
24.5546 -3.5845 -1.5574 0.3289
-17.9021 -6.7184 -1.7426 0.3593
11.4832 -5.2418 -1.5051 0.3498
-3.8793 -6.8578 -1.6301 0.3211
28.7820 2.4965 -1.5287 0.4083
17.4530 -5.9877 -1.4599 0.3144
-21.4342 -8.2974 -1.7719 0.3212
28.7281 -4.6716 -1.3745 0.3688
-0.1661 3.5680 -1.7515 0.3631
-7.1064 -1.4274 -1.8167 0.3357
15.3669 -6.8768 -1.4784 0.3344
18.0784 -8.7310 -1.4582 0.3592
-6.8050 4.5871 -1.6586 0.3576
-3.9006 4.0822 -1.7847 0.3359
-15.6202 -0.7695 -1.8834 0.3699
10.6066 0.5550 -1.6562 0.3614
32.4145 -5.1901 -1.3439 0.3767
-0.0025 -0.2933 -1.7500 0.3490
34.7724 4.5721 -1.3262 0.3662
-14.4151 5.4307 -1.7174 0.3454
22.7660 -3.1901 -1.5701 0.3608
30.6865 3.5770 -1.5120 0.3572
16.2833 -0.2703 -1.6120 0.3670
-18.4404 4.7867 -1.7491 0.3604
-5.4075 3.8156 -1.7983 0.3122
-19.8601 5.0071 -1.7595 0.3375
11.1049 -6.7023 -1.5124 0.3517
34.8889 -3.5576 -1.4774 0.3593
-2.5147 -4.7003 -1.6218 0.3665
-15.2233 -1.0586 -1.8805 0.3610
-8.8816 -0.7018 -1.8325 0.3359
9.2481 3.3461 -1.6681 0.3684
9.1377 1.3921 -1.6692 0.3338
-11.2107 1.5975 -1.8507 0.3753
20.0423 2.6597 -1.5884 0.3766
-19.7193 -4.5422 -1.7587 0.3498
12.3824 -5.4774 -1.4986 0.3370
0.5419 -5.6962 -1.5955 0.3361
-17.3695 5.5890 -1.7400 0.3281
13.0631 -8.0548 -1.5003 0.3315
15.3830 -3.6781 -1.6215 0.3464
1.4012 -4.3945 -1.5877 0.3388
22.8796 1.8385 -1.5700 0.3178
5.5590 8.4838 -1.5602 0.3403
-7.8547 7.5719 -1.6593 0.3519
32.2161 -7.8923 -1.3376 0.3432
31.6426 0.8042 -1.5086 0.3321
-19.2627 -9.2561 -1.7521 0.3022
31.7649 5.8481 -1.3472 0.3729
21.5289 -2.5056 -1.5786 0.3492
-18.6014 -5.7027 -1.7494 0.3564
6.1595 -0.3180 -1.6912 0.3536
-22.9029 -1.2979 -1.9299 0.3599
10.3314 8.8626 -1.5246 0.3548
30.9913 -9.3363 -1.3438 0.3520
-2.9074 8.9997 -1.6201 0.3653
5.5175 -5.3126 -1.5537 0.3696
-11.3464 -7.0994 -1.6884 0.3777
7.4568 4.8365 -1.5365 0.3334
23.1545 0.4515 -1.5686 0.3550
-12.0845 7.9129 -1.6921 0.3179
8.2092 0.8527 -1.6733 0.3404
-3.7214 0.1094 -1.7861 0.3461
19.8723 -5.8768 -1.4408 0.3648
17.1223 8.9955 -1.4671 0.3476
16.9274 3.2898 -1.6100 0.3635
-2.3318 2.0314 -1.7722 0.3431
10.9568 5.8011 -1.5109 0.3384
14.0651 -7.9746 -1.4917 0.3340
15.8488 7.3283 -1.4754 0.3638
9.5154 0.0097 -1.6620 0.3424
27.0083 6.0443 -1.3845 0.3015
-10.0721 4.2526 -1.8364 0.3627
-21.6516 -0.9748 -1.9220 0.3314
32.7502 5.3942 -1.3406 0.3539
-21.3560 4.4138 -1.7705 0.3274
29.1773 -9.9256 -1.3576 0.3503
11.7371 4.1849 -1.6502 0.2926
30.1244 0.1758 -1.5208 0.3493
8.8972 6.7894 -1.5303 0.3325
24.2605 6.1929 -1.4060 0.3246
18.2774 -6.5870 -1.4541 0.3653
6.5067 -9.5648 -1.5552 0.3476
-3.2006 -6.0735 -1.6259 0.3451
-24.8285 4.8225 -1.7963 0.3355
-9.9457 7.4270 -1.6762 0.3679
32.1060 4.0115 -1.4996 0.3413
-8.4723 6.4118 -1.6674 0.3798
20.1111 1.7448 -1.5878 0.3746
5.5099 0.1304 -1.6971 0.3785
-6.4891 9.4073 -1.6449 0.3694
34.4656 -8.3882 -1.3189 0.3379
-22.1815 -1.5729 -1.9254 0.3510
9.9246 -4.4389 -1.5153 0.3459
2.6911 -7.5590 -1.5799 0.3668
-20.4084 2.1115 -1.9141 0.3498
-12.1542 -4.7350 -1.7016 0.3451
16.6545 -0.7407 -1.6097 0.3832
-18.5003 -7.2682 -1.7470 0.3435
23.0615 -2.2003 -1.5687 0.3375
12.5037 -5.9949 -1.4991 0.3420
-18.9485 7.9387 -1.7502 0.3714
-7.7911 0.4479 -1.8233 0.3538
-16.7693 5.9909 -1.7347 0.3592
22.8561 -0.2855 -1.6101 0.3547
6.9776 -9.1523 -1.5510 0.3061
-24.8302 3.8911 -1.9449 0.3286
7.5742 -9.0435 -1.5463 0.3444
3.9682 -2.0992 -1.7124 0.3563
13.5846 0.9388 -1.6309 0.3303
-22.9094 5.5966 -1.7827 0.3297
-22.8745 7.9720 -1.7844 0.3438
-4.0379 -5.9037 -1.6330 0.3765
16.3123 3.2714 -1.6142 0.3069
14.9935 -0.5954 -1.6208 0.2970
-8.3042 5.3503 -1.6691 0.3847
-12.0359 8.7969 -1.6894 0.3194
15.9875 0.6593 -1.6141 0.3419
-23.3732 -4.2646 -1.9349 0.3200
8.4070 5.9702 -1.5319 0.3439
0.4459 0.5347 -1.7456 0.3473
-10.6548 7.6456 -1.6812 0.3822
6.2179 1.3215 -1.6911 0.3644
-11.9699 8.7425 -1.6890 0.3243
8.8593 -9.6493 -1.5378 0.3118
-16.0616 4.7792 -1.7314 0.3600
-0.6584 -3.0692 -1.7561 0.3396
5.6256 3.3724 -1.6990 0.3355
-23.0979 8.8469 -1.7871 0.3737
11.6430 3.0782 -1.6484 0.3149
20.0189 4.8997 -1.4393 0.3427
32.3644 -6.8390 -1.3394 0.3626
-12.8124 -6.5896 -1.7016 0.3264
-12.4783 1.4685 -1.8605 0.3760
-6.7102 -1.3879 -1.8132 0.3298
28.4458 -7.7770 -1.3685 0.3486
-0.5886 4.5667 -1.6051 0.3361
-6.8924 3.9791 -1.8108 0.2952
19.4708 -8.1685 -1.4454 0.3416
-22.7206 -9.0269 -1.7838 0.3658
7.9289 -2.4237 -1.6774 0.3293
2.0114 2.6587 -1.7311 0.3374
12.4915 7.8714 -1.5045 0.3397
18.8660 -1.3099 -1.5956 0.3607
-5.5007 -8.3179 -1.6397 0.3428
13.1850 6.8093 -1.4960 0.3505
6.4597 -7.5020 -1.5513 0.3507
-16.9619 2.7478 -1.8909 0.3395
27.9036 -1.7309 -1.5362 0.3838
20.2754 8.1914 -1.4383 0.3295
30.2992 4.0982 -1.5138 0.3641
18.2243 -9.9971 -1.4580 0.3755
-10.3116 -2.5448 -1.8421 0.3472
0.8316 -6.3938 -1.5934 0.3512
-1.7879 -4.3294 -1.6158 0.3606
-22.8507 -2.0209 -1.9298 0.3426
-0.3671 0.8277 -1.7536 0.3121
-4.2658 5.9676 -1.6347 0.3450
-24.7646 -8.2714 -1.8012 0.3829
25.8274 -1.1779 -1.5511 0.3614
-16.3675 7.0144 -1.7296 0.3515
5.0571 -1.3564 -1.7018 0.3651
22.0807 0.3859 -1.6136 0.3471
11.2689 5.5721 -1.5077 0.3506
-14.8389 4.2579 -1.8733 0.3414
12.0927 0.2000 -1.6416 0.3596
20.4558 9.3419 -1.4370 0.3393
26.2859 -9.2757 -1.3838 0.3437
-5.8808 -8.9098 -1.6414 0.3676
-22.9647 -1.4528 -1.9304 0.3461
11.4769 -6.8430 -1.5098 0.3613
-11.4539 -5.6698 -1.6934 0.3630
21.8537 -6.9983 -1.4249 0.3485
15.7929 3.8474 -1.6189 0.3430
21.3912 -1.5746 -1.5796 0.3236
33.0519 6.6835 -1.3344 0.3281
10.0728 -4.9923 -1.5156 0.3622
29.2588 2.4685 -1.5252 0.3618
13.5136 -5.7312 -1.4904 0.3302
-14.0953 -9.7103 -1.7050 0.3579
22.9585 3.7784 -1.5684 0.3543
16.6219 -7.0896 -1.4685 0.3687
33.6764 3.8762 -1.4870 0.3933
-10.3941 3.8134 -1.8401 0.3615
-5.0125 3.3629 -1.7956 0.3362
24.2895 1.8392 -1.5609 0.3649
-21.2266 7.6984 -1.7700 0.3292
12.9920 -8.4873 -1.5019 0.3944
7.1286 8.6364 -1.5488 0.3255
-14.8707 -8.6806 -1.7136 0.3588
-15.0927 -0.0935 -1.8800 0.3500
23.6119 8.4647 -1.4087 0.3417
-24.0733 -4.6214 -1.7904 0.3405
19.8105 6.7581 -1.4418 0.3772
18.9600 1.8638 -1.5952 0.3613
13.9808 7.2237 -1.4906 0.3470
-0.4289 -9.0287 -1.6029 0.3846
-23.3008 1.1188 -1.9324 0.3476
23.1066 -6.2270 -1.4152 0.3647
-17.4576 -9.6386 -1.7352 0.3232
-8.1528 3.7791 -1.8218 0.3243
31.8070 4.9937 -1.3493 0.3642
-6.8883 4.7259 -1.6590 0.3562
-9.6917 4.5395 -1.6826 0.3929
33.4022 5.9988 -1.3336 0.3359
-19.8441 -0.6082 -1.9107 0.3635
-15.3586 -3.0485 -1.8793 0.3451
1.2991 5.4193 -1.5891 0.3670
22.2604 3.3292 -1.5735 0.3654
28.0615 -5.9999 -1.3763 0.3494
20.3381 -1.2941 -1.5863 0.3352
33.5705 -6.3565 -1.3312 0.3432
-23.9892 5.5781 -1.7910 0.3277
12.1704 -5.0574 -1.4991 0.3573
-18.0192 2.4539 -1.8983 0.2938
29.6218 4.7073 -1.3675 0.3384
31.1184 9.8321 -1.3418 0.3681
-6.8183 -1.3371 -1.8142 0.3676
24.6625 7.4492 -1.4009 0.3178
12.8165 3.2871 -1.6398 0.3617
-18.9707 -9.8310 -1.7491 0.3272
11.1661 -2.1744 -1.6505 0.3424
33.5634 -2.1176 -1.4913 0.3653
-6.5144 -7.6075 -1.6489 0.3305
-24.9316 -1.2582 -1.9430 0.3785
33.6075 -7.6708 -1.3273 0.3551
-0.1610 6.7077 -1.6013 0.3593
0.8560 -2.7621 -1.7420 0.3715
17.7567 -6.3376 -1.4580 0.3678
11.2631 2.0365 -1.6495 0.3661
-6.8808 7.1516 -1.6528 0.3368
-19.0013 8.6986 -1.7501 0.3278
24.6418 7.8857 -1.4004 0.3444
4.0026 7.6411 -1.5702 0.3595
15.3485 -3.0390 -1.6207 0.3243
26.6303 0.1084 -1.5460 0.3617
-23.9367 -2.5738 -1.9373 0.3575
26.5631 8.4452 -1.3829 0.3464
20.1077 -8.1435 -1.4398 0.3512
31.8093 1.0864 -1.5071 0.3513
-10.9846 -5.0619 -1.6915 0.3588
-5.6547 7.0075 -1.6436 0.3649
14.6887 -3.2156 -1.6258 0.4074
30.5476 7.2737 -1.3527 0.3534
34.5602 8.5609 -1.3178 0.3371
0.0043 -6.5606 -1.6000 0.3119
7.3538 5.0851 -1.5380 0.3218
-14.7669 -3.0004 -1.8752 0.3349
16.6385 -1.9345 -1.6105 0.3638
25.2422 -4.5124 -1.4012 0.3421
22.9190 2.3333 -1.5696 0.3581
-4.2494 -3.1367 -1.7891 0.3354
32.7958 4.8123 -1.3419 0.3591
-17.7792 5.5698 -1.7432 0.3674
4.6382 -2.0974 -1.7062 0.3420
8.2758 -9.9051 -1.5427 0.3587
7.1908 -8.6784 -1.5484 0.3412
20.4734 -4.5238 -1.4359 0.3254
11.5764 9.0775 -1.5150 0.3611
-20.3722 -2.1238 -1.9139 0.3583
-14.2089 4.8847 -1.7172 0.3619
6.9343 8.7216 -1.5505 0.3691
16.6729 -3.1664 -1.6116 0.3450
5.8505 1.2258 -1.6944 0.3465
-3.6695 7.0464 -1.6282 0.3443
-21.9319 2.2960 -1.9240 0.3569
22.1529 -7.7556 -1.4220 0.3472
4.8317 5.3915 -1.5596 0.3525
7.3273 8.0819 -1.5460 0.3356
3.1375 5.3755 -1.5737 0.3294
-9.0793 5.0508 -1.6762 0.3318
-8.4176 5.1139 -1.6706 0.3583
-21.1900 2.2508 -1.9191 0.3491
17.4559 -5.0438 -1.4585 0.3401
-8.6876 8.2168 -1.6641 0.3633
-7.0863 -7.4219 -1.6537 0.3792
34.6100 6.5459 -1.3224 0.3401
-1.8512 -2.8125 -1.7673 0.3283
5.6418 3.4764 -1.6991 0.3689
-1.8116 6.1019 -1.6146 0.3503
-7.5885 5.9718 -1.6616 0.3463
-24.6490 -6.7771 -1.7980 0.3704
26.2932 2.2184 -1.5470 0.3447
3.3892 -5.7087 -1.5721 0.3579
18.1934 -7.7579 -1.4562 0.3532
32.5194 0.2712 -1.5017 0.4149
-24.8301 9.7505 -1.8037 0.3473
15.5024 9.6333 -1.4825 0.3687
-17.8816 1.4680 -1.8980 0.3450
2.4779 5.4435 -1.5793 0.3590
25.8069 -5.0064 -1.3961 0.3461
-20.7102 -5.5128 -1.7658 0.3659
34.3768 4.1305 -1.4805 0.3481
9.8502 5.7200 -1.5195 0.3601
-1.3004 4.8367 -1.6112 0.3349
-23.8294 -7.9098 -1.7926 0.3341
10.2094 -2.8745 -1.6593 0.3124
4.6934 -9.1164 -1.5675 0.3573
-12.0810 5.7232 -1.6983 0.3370
4.4269 -3.7651 -1.7102 0.3939
-24.2326 -1.4053 -1.9385 0.3406
34.9687 1.5778 -1.4798 0.3749
-5.0731 -9.9889 -1.6340 0.3729
3.8133 -2.9176 -1.7147 0.3451
22.0867 4.5457 -1.4242 0.3353
17.7667 -4.2787 -1.6052 0.3473
28.3135 1.4095 -1.5336 0.3727
31.4795 9.5434 -1.3394 0.3957
-13.6493 -7.6369 -1.7057 0.3253
-1.5760 -4.6352 -1.6137 0.3503
16.2090 3.6793 -1.6156 0.3379
-22.2985 1.9676 -1.9263 0.3428
18.0167 9.5601 -1.4596 0.3841
-24.7070 -9.3079 -1.8021 0.3346
29.8453 7.5599 -1.3576 0.3179
18.0902 -0.2291 -1.6003 0.3540
8.9300 -5.4620 -1.5262 0.3576
0.7341 0.0673 -1.7428 0.3416
34.2815 -1.7561 -1.4856 0.3364
19.1907 -6.4133 -1.4466 0.3532
23.4376 -5.6121 -1.4132 0.3230
24.5231 -4.2372 -1.5568 0.3584
-23.6875 1.0440 -1.9349 0.3430
-21.7189 -8.3380 -1.7744 0.3777
-13.0981 -8.2231 -1.6996 0.3564
14.3131 -3.3651 -1.6288 0.3469
12.4370 4.1458 -1.6447 0.3454
-5.4902 9.5661 -1.6375 0.3113
33.3799 -9.7599 -1.3242 0.3475
-19.4136 9.4468 -1.7534 0.3459
21.6032 3.7208 -1.5779 0.3510
3.8526 8.0197 -1.5719 0.3462
0.1301 0.7268 -1.7487 0.3786
-23.4661 -0.7412 -1.9334 0.3446
18.6680 5.7032 -1.4501 0.3331
21.2945 1.0222 -1.5803 0.3167
-5.8626 7.9473 -1.6432 0.3411
6.0178 7.8613 -1.5555 0.3291
11.3865 0.6091 -1.6472 0.3240
-2.9413 1.4753 -1.7783 0.3438
11.9349 -0.8745 -1.6431 0.3728
1.0476 3.7881 -1.7405 0.3687
27.6842 3.6471 -1.5348 0.3244
18.1108 3.0119 -1.6015 0.3507
-18.3700 -8.7530 -1.7443 0.3585
22.9762 9.2717 -1.4137 0.3617
-4.7497 -3.2880 -1.7933 0.3821
31.1341 -5.0757 -1.3545 0.3266
11.2023 -5.7790 -1.5089 0.3323
-23.3453 -8.6143 -1.7891 0.3367
19.0618 -0.8592 -1.5942 0.3573
-17.1559 -9.1687 -1.7330 0.2956
27.6360 -6.7819 -1.3777 0.3454
31.8998 -9.8945 -1.3354 0.3144
16.7154 -6.5064 -1.4667 0.3500
6.9724 9.9049 -1.5524 0.3914
11.1238 0.8291 -1.6493 0.3680
0.7313 -8.6570 -1.5949 0.3255
-19.9850 1.2829 -1.9115 0.3416
30.7306 2.0158 -1.5146 0.3322
-5.2488 0.9545 -1.8003 0.3759
-6.2291 -3.2802 -1.8064 0.3060
-13.5205 3.1448 -1.8658 0.3412
34.5445 -7.1478 -1.3213 0.3361
31.5539 -5.6087 -1.3496 0.3265
-4.0341 9.8944 -1.6269 0.3832
-9.3997 -1.6882 -1.8360 0.3187
23.3222 -7.0442 -1.4126 0.3261
0.3566 -5.6595 -1.5970 0.3819
33.0673 4.4826 -1.3405 0.3480
29.0730 -7.6750 -1.3636 0.3465
20.5671 -2.9204 -1.5850 0.3375
-19.6045 -3.4321 -1.9084 0.3500
17.1277 -5.4404 -1.4616 0.3414
34.2353 -0.4632 -1.4870 0.3353
-2.6024 -7.7974 -1.6191 0.3220
27.8941 -0.8687 -1.5370 0.3508
-0.5115 -9.3476 -1.6035 0.3381
33.2794 9.4068 -1.3256 0.3406
14.2155 2.0975 -1.6275 0.3632
-19.2100 -8.4986 -1.7521 0.3399
3.7427 -6.1855 -1.5699 0.3478
-22.0163 4.7290 -1.7754 0.3835
-1.2955 4.6334 -1.6113 0.3577
29.9229 -2.7003 -1.5198 0.3392
-11.0679 -7.0313 -1.6863 0.3281
32.0341 0.7185 -1.5055 0.3473
-19.0046 -4.4721 -1.7535 0.3658
14.8887 -8.0638 -1.4850 0.3382
32.9411 -3.0800 -1.4949 0.3491
14.2492 5.0203 -1.4829 0.3377
28.9402 -2.9172 -1.5268 0.3418
34.4618 -9.1844 -1.3172 0.3245
13.5106 -7.5921 -1.4954 0.3542
21.9358 1.9269 -1.5761 0.3517
-23.0809 0.4431 -1.9309 0.3783
0.6386 3.4973 -1.7442 0.3509
-7.7041 1.4350 -1.8219 0.3344
24.4511 -0.0554 -1.5604 0.3777
15.6547 -0.4976 -1.6163 0.3560
11.8649 9.2308 -1.5130 0.3525
30.8935 7.2458 -1.3500 0.3484
-19.6679 -2.3424 -1.9092 0.3517
32.2305 3.0694 -1.5007 0.3314
-18.9541 -9.5913 -1.7490 0.3469
-4.1789 -9.5810 -1.6283 0.3442
12.8164 -3.6286 -1.6405 0.3557
-4.5114 5.0953 -1.6383 0.3709
15.9522 8.5092 -1.4767 0.3679
21.5251 3.6595 -1.5784 0.3588
24.7104 4.1278 -1.5556 0.3141
-14.2394 -9.3576 -1.7069 0.3399
-14.0754 8.6032 -1.7070 0.3121
-21.8612 -8.2641 -1.7757 0.3702
4.4511 8.9382 -1.5690 0.3462
-16.7480 -7.1659 -1.7324 0.3456
-5.8842 -9.3323 -1.6407 0.3349
25.4261 1.2722 -1.5537 0.3739
31.9195 -7.7270 -1.3404 0.3506
24.3246 -9.4237 -1.4013 0.3463
-24.9611 3.3565 -1.9451 0.3511
9.0815 4.7652 -1.5230 0.3526
-15.0004 -4.1412 -1.8748 0.3459
-2.4552 0.6702 -1.7739 0.3738
0.6751 1.7209 -1.7435 0.3736
31.5764 -6.7831 -1.3459 0.3505
13.0243 -1.1987 -1.6352 0.3330
-8.9407 2.7394 -1.8306 0.3551
13.5677 7.7138 -1.4952 0.3367
32.1119 -1.6228 -1.5041 0.3771
-21.4505 3.9867 -1.9211 0.3800
23.9593 0.0336 -1.5636 0.3630
-11.9861 4.1417 -1.8519 0.3254
-15.8135 5.7797 -1.7276 0.3393
28.9320 0.6110 -1.5296 0.3446
-24.8890 -8.7779 -1.8030 0.3318
19.4651 7.5081 -1.4451 0.3425
-19.7663 2.0199 -1.9100 0.3533
12.0797 2.0129 -1.6432 0.3592
12.2538 0.1893 -1.6404 0.3744
26.7666 -6.5206 -1.3853 0.3482
24.3564 -0.2765 -1.5610 0.3426
16.1099 0.7365 -1.6133 0.3229
-2.1671 -2.3247 -1.7705 0.3556
-15.0157 -7.0179 -1.7184 0.3396
13.1410 5.2447 -1.4920 0.3445
4.8182 -0.8682 -1.7037 0.3373
-20.3235 4.0132 -1.9132 0.3379
32.3337 -9.0604 -1.3337 0.3630
-6.1348 0.0876 -1.8086 0.3475
-24.8716 -8.5244 -1.8025 0.3799
29.1014 4.6708 -1.3716 0.3263
9.6231 1.6192 -1.7293 0.3737
18.9836 -0.9722 -1.5948 0.3388
-15.8400 9.4568 -1.7208 0.3475
-0.7237 -3.4797 -1.7566 0.3585
13.7037 -1.5422 -1.6305 0.3692
-9.9421 4.7506 -1.6840 0.3700
17.0899 0.5010 -1.6068 0.3696
-10.9831 3.1704 -1.8463 0.3445
-12.4523 9.5256 -1.6913 0.3849
-24.3025 3.9135 -1.9412 0.3610
-8.0856 -6.9858 -1.6627 0.2898
-10.1958 -5.8131 -1.6830 0.3498
20.8614 7.3971 -1.4331 0.3416
9.1826 -9.0405 -1.5340 0.3429
-14.3305 0.1835 -1.8747 0.3619
9.0876 8.1191 -1.5325 0.3553
-11.4734 5.5246 -1.6940 0.3357
0.5301 -7.6867 -1.5961 0.3793
28.2925 4.8093 -1.3775 0.3235
18.1554 -2.3586 -1.6007 0.3221
14.0660 8.0257 -1.4918 0.3275
-8.1110 1.4559 -1.8254 0.3581
-17.5251 0.9755 -1.8959 0.3565
20.1769 -9.8258 -1.4397 0.3330
9.0734 -5.0069 -1.5237 0.3373
12.3656 -1.7449 -1.6406 0.3491
33.5068 4.4784 -1.3369 0.3278
-4.1007 0.4010 -1.7897 0.3652
23.0449 7.0508 -1.4149 0.3805
8.5374 -9.3130 -1.5396 0.3456
-10.8844 -3.5422 -1.8447 0.3561
-21.8267 1.9518 -1.9232 0.3514
11.9607 3.1751 -1.6461 0.3766
-7.1430 0.0482 -1.8177 0.3880
16.7287 -2.0229 -1.6100 0.3421
17.0436 -8.5689 -1.4672 0.3499
2.3276 3.9248 -1.7291 0.3664
7.1838 8.0745 -1.5471 0.3561
12.5928 6.1768 -1.4990 0.3310
3.1163 4.0246 -1.7222 0.3130
27.6422 2.6832 -1.5368 0.3373
-20.4439 5.4408 -1.7637 0.3558
33.7891 5.5346 -1.3318 0.3413
-22.9929 -9.8612 -1.7868 0.3281
-12.5142 -2.8430 -1.8588 0.3376
17.4985 7.3611 -1.4616 0.3858
-19.9024 7.0157 -1.7589 0.3266
-9.2696 4.1991 -1.8300 0.3429
-15.7614 -3.8186 -1.8810 0.3389
18.4143 5.9582 -1.4523 0.3883
9.7360 -5.3689 -1.5194 0.3198
-21.1313 -5.5180 -1.7690 0.3335
2.6081 0.7147 -1.7246 0.3505
-12.4898 1.4268 -1.8607 0.3526
33.0619 -2.9734 -1.4941 0.3717
-18.5249 2.0755 -1.9019 0.3696
10.8833 4.1822 -1.6569 0.3352
3.9108 -6.3956 -1.5689 0.3555
9.6851 -4.2277 -1.6667 0.3458
32.3896 3.9968 -1.4973 0.3401
-4.5231 8.5450 -1.6321 0.3696
19.9260 7.6888 -1.4412 0.3543
1.8480 -7.4071 -1.5861 0.3811
14.6457 1.3945 -1.6237 0.3588
-3.0605 6.0035 -1.6249 0.3678
-11.3727 -5.2535 -1.6940 0.2950
-19.9830 2.8638 -1.9112 0.3510
-18.8949 -1.4472 -1.9046 0.3579
32.5658 3.2546 -1.4976 0.3598
22.3074 -9.3579 -1.4198 0.3802
-10.3024 -3.7409 -1.8395 0.3617
6.7488 -3.8534 -1.6902 0.3251
17.8540 -1.6265 -1.6022 0.3601
-3.8477 -7.7092 -1.6285 0.3661
1.3993 -1.2676 -1.7364 0.3371
18.1029 0.8300 -1.6003 0.3411
-11.3527 -9.4668 -1.6823 0.3651
6.5807 -3.9817 -1.6919 0.3494
-12.3947 -6.4542 -1.6987 0.3713
-24.8153 9.4433 -1.8032 0.3531
16.4158 -7.3957 -1.4707 0.3058
17.4359 2.5483 -1.6057 0.3506
34.7434 -1.9629 -1.4813 0.3415
-14.1391 -4.2534 -1.8681 0.3618
19.3748 7.0815 -1.4456 0.3579
31.8780 3.2817 -1.5031 0.3306
13.6748 2.4060 -1.6318 0.3534
32.7884 -8.1268 -1.3325 0.3602
34.6665 -4.8206 -1.3265 0.3584
23.0975 -4.4702 -1.4169 0.3690
34.9572 -1.3124 -1.4801 0.3290
12.5495 8.4294 -1.5054 0.3464
4.8233 -1.9269 -1.7044 0.3049
30.0582 -3.4396 -1.5172 0.3731
24.8574 -8.5813 -1.3975 0.3519
-18.3933 -2.3008 -1.9009 0.3478
-6.8366 -8.9528 -1.6483 0.3474
-9.3613 -2.6959 -1.8341 0.3596
26.3157 9.3557 -1.3835 0.3708
-11.0053 1.1212 -1.8495 0.3442
-6.7573 -5.8226 -1.6552 0.3582
6.1273 -4.0156 -1.6959 0.3580
-20.4328 1.4220 -1.9143 0.3060
32.6738 -9.6143 -1.3299 0.3358
4.4638 7.9914 -1.5674 0.3587
-13.5740 1.5628 -1.8685 0.3747
-8.7508 -0.1543 -1.8316 0.3772
22.8850 4.3247 -1.4185 0.3255
13.0404 -5.9948 -1.4949 0.3700
2.8776 -9.5671 -1.5807 0.3707
-5.1039 2.3044 -1.7978 0.3583
29.0411 -6.8000 -1.3662 0.3096
21.3539 -9.7552 -1.4286 0.3393
18.0867 8.5783 -1.4580 0.3522
1.7600 5.7684 -1.5855 0.3453
33.8696 -7.7160 -1.3251 0.3066
17.6042 7.9270 -1.4615 0.3448
0.4175 -8.6485 -1.5971 0.3314
32.6331 6.0598 -1.3396 0.3618
28.7435 -1.7106 -1.5301 0.3596
19.3979 0.3636 -1.5921 0.3605
21.0198 3.3666 -1.5819 0.3426
0.4176 -8.0248 -1.5970 0.3504
5.4410 8.1551 -1.5604 0.3483
-13.5072 -7.1272 -1.7058 0.3683
10.7238 8.8317 -1.5213 0.3393
-2.8050 -8.1703 -1.6202 0.3349
-4.1537 -6.5598 -1.6327 0.3692
31.8937 -8.8489 -1.3377 0.3664
-15.1130 -2.0443 -1.8789 0.3593
24.7984 1.8173 -1.5575 0.3816
-8.1119 2.5015 -1.8240 0.3918
-23.2807 6.5704 -1.7865 0.3746
-22.5722 0.5676 -1.9277 0.3351
0.7506 0.2022 -1.7426 0.3666
2.2677 -3.4771 -1.7293 0.3522
-5.7849 3.0221 -1.8029 0.3388
15.1268 8.1706 -1.4832 0.3352
4.1206 -2.8940 -1.7118 0.3554
-20.5532 -2.8729 -1.9150 0.3663
-4.1157 -3.1335 -1.7878 0.3776
-18.8822 -5.4517 -1.7518 0.3635
-21.2251 1.3342 -1.9193 0.3615
-12.5016 -7.8885 -1.6955 0.3459
17.0345 6.6959 -1.4644 0.3543
16.7601 -7.2449 -1.4676 0.3201
26.6833 -6.5214 -1.3860 0.3613
20.3852 -8.6285 -1.4375 0.3586
7.1297 -2.3731 -1.6842 0.3883
-6.2433 5.1529 -1.6526 0.3492
-24.6513 8.2019 -1.8001 0.3738
13.8282 -1.3144 -1.6294 0.3405
-7.6172 -5.2973 -1.6636 0.3839
-9.9940 4.5131 -1.6851 0.3790
33.4895 3.7629 -1.4888 0.3726
-14.5456 3.6329 -1.8724 0.3512
-23.0539 -1.1315 -1.9308 0.3456
31.9634 1.3060 -1.5056 0.3426
-6.6396 -8.7607 -1.6473 0.3305
-1.3948 -4.9997 -1.6119 0.3594
-20.1439 8.5389 -1.7604 0.3450
-0.7561 -9.1644 -1.6052 0.3577
33.3333 -3.9680 -1.4896 0.3534
16.6412 -5.4671 -1.4654 0.3285
3.4295 -7.3952 -1.5742 0.3712
-6.5517 8.4870 -1.6472 0.3519
-3.0374 -7.4821 -1.6227 0.3672
11.6737 -0.2126 -1.6448 0.3267
-9.7330 6.7902 -1.6764 0.3347
-15.8831 -9.9226 -1.7205 0.3422
16.7737 -7.8294 -1.4685 0.3549
27.1682 -3.1621 -1.5394 0.3479
29.0923 -7.0497 -1.3651 0.3773
25.4851 -6.3468 -1.3960 0.3707
6.8360 1.8231 -1.6861 0.3354
22.3299 -6.5874 -1.4212 0.4089
30.5813 2.7769 -1.5145 0.3483
-23.5982 8.3104 -1.7910 0.3758
-0.2741 -5.4114 -1.6023 0.3443
-12.7525 -5.7543 -1.7035 0.3625
34.8061 -9.7721 -1.3135 0.3690
30.7740 -9.7067 -1.3448 0.3199
23.1312 -2.0675 -1.5683 0.3849
-7.2472 -0.2192 -1.8186 0.3344
32.1261 -6.3438 -1.3428 0.3430
-23.2450 -3.5402 -1.9334 0.3379
-13.7176 -7.1938 -1.7073 0.3387
12.0124 3.6249 -1.6467 0.3396
22.5804 -2.1412 -1.5719 0.3261
28.0179 4.6867 -1.3799 0.3652
-6.9695 1.0063 -1.8158 0.3523
-1.5517 -2.4540 -1.7647 0.3472
2.2896 2.5273 -1.7284 0.3703
-23.3816 -9.8566 -1.7904 0.3853
26.8382 3.8073 -1.5407 0.3188
-4.7231 -2.5790 -1.7940 0.3825
-13.0433 0.2715 -1.8654 0.3495
-0.4482 0.4682 -1.7544 0.3230
17.6338 1.1682 -1.6035 0.3583
27.2549 4.0477 -1.5371 0.3477
-12.0774 -7.7871 -1.6923 0.3672
-14.6432 -0.2204 -1.8769 0.3529
31.6270 -8.3369 -1.3411 0.3571
8.0536 -5.3169 -1.5329 0.3413
-3.0537 -6.2147 -1.6245 0.3294
-13.0408 1.9742 -1.8641 0.3648
34.7149 2.1219 -1.4814 0.3395
18.1511 6.6180 -1.4552 0.3580
-11.9269 0.4367 -1.8571 0.3797
-19.5244 4.8936 -1.7571 0.3468
-13.0431 7.7816 -1.7003 0.3640
-10.1354 -7.3293 -1.6780 0.3494
-18.3349 4.4194 -1.7487 0.3427
-11.2209 -3.4413 -1.8475 0.3188
-17.9932 -4.4387 -1.7462 0.3492
-2.3361 9.2597 -1.6159 0.3467
4.1717 -5.8709 -1.5659 0.3326
2.3171 8.2911 -1.5834 0.3093
24.7526 6.4743 -1.4017 0.3166
-9.7603 7.5726 -1.6743 0.3857
28.2256 1.7197 -1.5339 0.3508
29.4874 1.6941 -1.5246 0.3213
32.5880 -1.9484 -1.4997 0.3380
-14.1410 -1.9816 -1.8721 0.3502
-10.2549 7.0133 -1.6799 0.3590
12.4299 -2.2449 -1.6408 0.3453
-16.5465 -0.2661 -1.8897 0.3904
-19.8627 9.9279 -1.7574 0.3914
-20.5782 -2.9137 -1.9151 0.3577
11.3690 6.4518 -1.5095 0.3427
23.2807 -4.4560 -1.4156 0.3577
-9.4669 -9.4985 -1.6672 0.3234
31.0120 1.8686 -1.5126 0.3700
22.5161 -0.4131 -1.6775 0.3534
-20.3524 5.7335 -1.7630 0.3259
-0.5618 -9.9169 -1.6037 0.3383
-20.9191 -8.5888 -1.7673 0.3615
29.9116 7.1936 -1.3581 0.3167
19.5681 -0.3834 -1.5910 0.3321
16.1927 0.1275 -1.6126 0.3407
15.9621 -5.4979 -1.4707 0.3695
-7.8891 8.5184 -1.6572 0.3843
31.0124 8.2884 -1.3461 0.3576
30.3666 0.3339 -1.5189 0.2868
19.3693 -5.6435 -1.4446 0.3277
3.1358 9.6558 -1.5790 0.4199
-22.1731 7.8491 -1.7782 0.3531
-23.3013 0.4282 -1.9323 0.2979
-16.7119 2.5280 -1.8894 0.3975
10.7459 -1.2066 -1.6526 0.3233
22.8860 -5.8788 -1.4173 0.3615
31.9079 3.6290 -1.5021 0.3271
-14.4783 3.3827 -1.8724 0.3940
-8.4683 0.9465 -1.8289 0.3217
-21.7540 6.2889 -1.7740 0.3383
34.3428 -0.9633 -1.4858 0.3710
21.8549 7.2183 -1.4248 0.3389
3.8428 -5.6596 -1.5682 0.3597
9.5339 9.2361 -1.5317 0.3666
8.7305 -5.8984 -1.5290 0.3535
-9.7384 -6.7976 -1.6764 0.3278
-13.8766 2.0680 -1.8701 0.3343
-7.1815 -8.1384 -1.6527 0.3423
-10.1708 -6.6414 -1.6803 0.3617
8.4517 4.5807 -1.5277 0.3662
-6.5078 -3.8370 -1.8078 0.3541
18.7367 6.0024 -1.4498 0.3640
9.0764 -6.8889 -1.5292 0.3182
6.9358 -2.2940 -1.6858 0.3560
32.0776 -2.2742 -1.5034 0.3487
-5.6554 -0.3921 -1.8042 0.3599
13.1162 -1.7922 -1.6351 0.3650
-24.9970 -2.2643 -1.9442 0.3290
19.2154 -3.4312 -1.5943 0.3478
5.1526 -9.6970 -1.5651 0.3767
-12.4969 2.3318 -1.8595 0.3561
-24.9094 -0.5302 -1.9426 0.3480
17.4166 -2.5343 -1.6058 0.3256
14.7620 -5.7717 -1.4807 0.3609
14.9244 7.8278 -1.4842 0.3222
1.2473 -5.2421 -1.5894 0.3464
13.3578 8.4185 -1.4987 0.3402
9.2801 -5.6547 -1.5239 0.3579
-10.6663 9.4285 -1.6768 0.3380
6.1261 -1.6030 -1.6922 0.3434
5.8756 0.6543 -1.6939 0.3318
24.4174 -4.0238 -1.5579 0.3450
1.0093 8.7836 -1.5930 0.3543
1.1651 -4.3486 -1.5897 0.3431
34.0643 4.6042 -1.3320 0.3437
28.6678 -9.5902 -1.3626 0.3533
-10.4628 1.1744 -1.8452 0.3700
29.6176 4.8315 -1.3672 0.3649
-16.7220 -0.5825 -1.8908 0.3241
26.2035 2.8663 -1.5468 0.3653
-14.0006 5.3611 -1.7144 0.3774
0.5362 0.0048 -1.7447 0.3641
34.0353 -5.6382 -1.3295 0.3017
-19.1771 -2.0646 -1.9062 0.3553
25.3873 4.6156 -1.3999 0.3777
4.6840 -4.5782 -1.5593 0.3410
-18.3405 2.6407 -1.9003 0.4080
32.1495 -7.0342 -1.3406 0.3064
7.9539 8.6059 -1.5425 0.3529
27.8385 2.0597 -1.5363 0.3645
27.1464 -0.6346 -1.5423 0.3534
-24.1219 6.2305 -1.7929 0.3531
-9.1096 5.9434 -1.6739 0.3292
-4.7847 -8.0535 -1.6349 0.3385
7.0918 -3.8587 -1.6873 0.3615
-20.6880 -0.8285 -1.9160 0.3077
-1.6620 -3.1892 -1.7654 0.3681
23.8783 -3.6540 -1.5621 0.3477
-14.6085 -2.9562 -1.8741 0.3610
17.0766 -7.1590 -1.4648 0.3669
2.6198 -7.6117 -1.5805 0.4246
-20.7577 -4.7938 -1.7662 0.3780
-14.3576 -8.5984 -1.7094 0.3260
-16.5382 0.2044 -1.8897 0.3932
12.1831 -6.9373 -1.5044 0.2957
-19.7605 -8.6487 -1.7569 0.3411
24.3828 6.7429 -1.4043 0.3535
23.3995 1.7502 -1.5667 0.3435
-20.1963 7.9672 -1.7610 0.3556
28.2918 9.6679 -1.3656 0.3466
32.5496 1.8706 -1.5002 0.3757
-22.3919 5.9195 -1.7789 0.3404
32.0198 -6.8092 -1.3423 0.3477
-8.2323 3.9674 -1.8221 0.3854
14.8857 0.9911 -1.6217 0.3694
-14.5111 3.5279 -1.8724 0.3466
24.0474 -7.9055 -1.4055 0.3594
25.5148 8.7163 -1.3915 0.3875
33.7005 -1.6503 -1.4908 0.3223
34.5520 5.5160 -1.3256 0.3283
-20.4485 9.8122 -1.7629 0.3385
14.4778 7.4662 -1.4871 0.3543
-8.6172 -3.7659 -1.8257 0.3694
-17.4653 -1.9605 -1.8950 0.3347
-16.0723 2.9731 -1.8845 0.3312
31.1862 0.7605 -1.5123 0.3238
16.0190 -1.7940 -1.6146 0.3312
-21.9723 3.0674 -1.9245 0.3369
34.0538 8.1906 -1.3225 0.3067
23.4687 -3.8101 -1.5648 0.3388
-6.4492 -7.4332 -1.6488 0.3290
3.2520 3.5150 -1.7204 0.3467
18.5946 1.7919 -1.5975 0.3840
15.5619 8.1118 -1.4793 0.3181
2.7849 4.8532 -1.5760 0.3703
5.7434 -2.0579 -1.6961 0.3834
-22.4075 2.6666 -1.9272 0.3693
5.0380 7.2473 -1.5617 0.3568
-4.5852 -3.0505 -1.7922 0.3763
-7.8969 -9.7235 -1.6548 0.3627
-8.8227 2.5268 -1.8300 0.3722
13.9368 -9.4815 -1.4960 0.3524
0.7555 8.7496 -1.5947 0.3288
0.5481 -6.6360 -1.5957 0.3733
-15.4488 -2.5147 -1.8807 0.4022
32.7118 8.9257 -1.3311 0.3432
-11.5644 -8.4014 -1.6865 0.3505
-0.6334 -9.9131 -1.6042 0.3522
-13.5877 -7.9273 -1.7044 0.3206
17.1886 9.7208 -1.4673 0.3330
1.1677 9.4346 -1.5921 0.3561
-0.1810 -2.3080 -1.7517 0.3481
27.5057 4.8577 -1.3834 0.3503
20.5688 4.7187 -1.4352 0.3505
6.1925 -8.0037 -1.5545 0.3477
3.1154 -5.2976 -1.5738 0.3347
32.5941 7.7796 -1.3349 0.3587
32.3877 -6.6861 -1.3397 0.3566
17.2863 0.4171 -1.6055 0.3324
20.6089 -5.1170 -1.4350 0.3583
28.9456 1.1523 -1.5292 0.3375
32.8585 -6.0694 -1.3378 0.3631
-20.0635 -5.6850 -1.7607 0.3491
34.8403 -9.0640 -1.3146 0.3579
17.1813 9.8034 -1.4675 0.3535
10.5647 -7.7381 -1.5198 0.3489
-0.2100 -1.6876 -1.7520 0.3565
-4.8166 -1.6488 -1.7958 0.3668
23.2526 -3.9275 -1.5662 0.3524
14.2661 5.8798 -1.4849 0.3521
-12.9577 -3.2462 -1.8614 0.3429
11.5947 2.5090 -1.6477 0.3136
-16.5300 0.8600 -1.8894 0.3507
4.8125 7.2806 -1.5635 0.3247
10.0075 6.3897 -1.5203 0.3387
13.1410 -5.6411 -1.4931 0.3327
-16.2843 5.0022 -1.7327 0.3356
-19.2641 5.8514 -1.7544 0.3369
-9.4775 8.3837 -1.6699 0.3597
11.4218 9.2644 -1.5167 0.3567
30.9010 4.7394 -1.3573 0.3522
21.7474 -1.0014 -1.6753 0.3742
19.7426 -4.1406 -1.5910 0.4112
-5.1861 7.2933 -1.6394 0.3601
-18.2976 8.3111 -1.7441 0.3682
28.5164 -8.0488 -1.3672 0.3556
5.0512 1.0865 -1.7016 0.3630
-18.9693 -7.4161 -1.7508 0.3175
7.0981 -4.9684 -1.5398 0.2959
15.5246 -2.3361 -1.6185 0.3077
-5.8060 -3.7767 -1.8018 0.3375
-24.4451 4.3200 -1.7927 0.3773
12.2964 -8.4207 -1.5075 0.3551
-22.5943 2.2755 -1.9283 0.3422
0.9676 1.6283 -1.7407 0.3614
24.4865 5.7439 -1.4049 0.3571
34.9309 -8.0664 -1.3161 0.3229
-2.7818 -3.3479 -1.7755 0.3594
-23.7924 3.9421 -1.9376 0.3666
4.5742 4.2337 -1.7097 0.3920
-8.4235 -1.0075 -1.8285 0.3484
28.5665 -0.7646 -1.5322 0.3839
17.6902 9.2992 -1.4623 0.3419
-0.7406 -3.4754 -1.7568 0.3965
20.7217 -6.9977 -1.4343 0.3381
-4.5276 9.0568 -1.6314 0.3629
6.3058 6.1922 -1.5493 0.3557
30.3671 -5.2587 -1.3601 0.3798
-12.9906 7.1451 -1.7015 0.3771
-6.2165 -4.9540 -1.6529 0.3292
28.1356 6.5489 -1.3742 0.3433
2.7127 2.5713 -1.7245 0.3925
-5.9267 -0.3484 -1.8067 0.3520
-22.7621 8.5615 -1.7838 0.3663
0.1372 6.1874 -1.5989 0.3286
5.0361 -7.4015 -1.5620 0.3451
-0.6200 4.1114 -1.7555 0.3358
-8.3524 5.7900 -1.6682 0.3685
-2.8522 0.8226 -1.7777 0.3648
13.5467 -4.4786 -1.4869 0.3745
28.4768 -5.3105 -1.3748 0.3283
13.9805 9.4829 -1.4956 0.3610
13.7697 -1.2641 -1.6298 0.3504
24.0125 0.3765 -1.5632 0.3011
-15.0914 1.9633 -1.8789 0.3593
-6.9341 -7.9874 -1.6512 0.3758
-21.9645 -8.3741 -1.7766 0.3814
-4.0217 -6.0373 -1.6326 0.3493
34.9294 -8.6934 -1.3147 0.3666
-5.2413 7.9694 -1.6385 0.3609
26.5864 -7.0395 -1.3856 0.3348
-19.8533 -5.4686 -1.7592 0.3321
2.5827 0.7462 -1.7249 0.3490
-3.9122 7.9241 -1.6286 0.3453
-12.9050 -9.0194 -1.6962 0.3518
-2.6496 -5.6805 -1.6219 0.3416
14.0767 4.3470 -1.4826 0.3542
4.4185 0.3836 -1.7073 0.3287
25.6600 1.8904 -1.5517 0.3805
29.2968 -9.6609 -1.3571 0.3136
3.9136 7.3361 -1.5704 0.3484
33.9036 1.5748 -1.4891 0.3459
-20.6788 6.6874 -1.7654 0.3473
-8.4196 9.2749 -1.6596 0.3331
0.0027 4.6432 -1.6000 0.3198
9.9621 -9.3798 -1.5287 0.3548
7.7558 4.2306 -1.6825 0.3459
9.0786 1.2694 -1.6662 0.3577
28.7750 -7.9292 -1.3654 0.3170
-8.3461 -4.5915 -1.6714 0.3843
24.0112 -6.6232 -1.4075 0.3484
8.4800 8.4968 -1.5382 0.2892
4.4294 5.9057 -1.5639 0.3538
-7.0352 4.0171 -1.8119 0.3406
-6.7559 5.2664 -1.6566 0.3273
-1.6912 2.0249 -1.7662 0.3746
20.8106 7.1053 -1.4336 0.3686
3.6040 -5.4278 -1.5699 0.3568
-15.7700 -4.9899 -1.7288 0.3515
20.5918 1.8350 -1.5847 0.3601
14.8028 6.2027 -1.4814 0.3184
31.9543 6.7158 -1.3431 0.3538
6.7648 9.5251 -1.5533 0.3748
14.2653 5.2457 -1.4833 0.3708
3.7598 -5.3451 -1.5684 0.3290
15.8468 -5.3870 -1.4714 0.3537
1.1670 -1.0882 -1.7387 0.3275
-16.7286 3.0030 -1.8890 0.3531
34.2010 0.2598 -1.4873 0.3350
18.2218 -8.6505 -1.4569 0.3326
11.5175 -0.3620 -1.6461 0.3572
3.8852 6.3420 -1.5690 0.3355
17.6857 -5.1937 -1.4570 0.3341
-17.3935 2.7007 -1.8939 0.3570
-5.4332 -4.6056 -1.6470 0.3204
-17.5180 1.1134 -1.8958 0.3436
-17.4385 4.0196 -1.8927 0.3193
-23.7191 -5.8556 -1.7892 0.3229
20.3536 4.7909 -1.4368 0.3734
-11.3615 3.5304 -1.8484 0.3417
24.9205 -3.7448 -1.5546 0.3357
29.2661 7.8995 -1.3614 0.3670
-14.8860 5.6103 -1.7207 0.3823
17.5318 0.4227 -1.6039 0.3550
2.6183 -8.3463 -1.5813 0.3704
30.1377 -1.1876 -1.5202 0.3390
4.0650 -3.4030 -1.7129 0.3511
-2.2676 -4.7511 -1.6196 0.3501
-7.3261 2.8715 -1.8167 0.3565
29.2173 8.4346 -1.3604 0.3693
-11.4292 -7.0689 -1.6891 0.3206
24.6629 4.8327 -1.4050 0.3322
-13.3488 2.4343 -1.8657 0.3403
13.6038 3.3406 -1.6340 0.3306
2.0639 6.9037 -1.5841 0.3546
-18.7235 -2.4909 -1.9030 0.3543
-17.4440 1.5911 -1.8951 0.3512
-8.1095 -4.4635 -1.6698 0.3419
20.9991 -4.3158 -1.4321 0.3770
18.7364 0.2656 -1.5962 0.3543
-12.6928 -9.8540 -1.6927 0.3470
3.5721 -5.0377 -1.5695 0.3513
-19.1808 -6.9674 -1.7529 0.3649
17.9568 -7.6026 -1.4580 0.3543
22.5981 -2.3074 -1.5717 0.3327
28.6107 -7.9128 -1.3668 0.3853
28.1448 -6.9142 -1.3732 0.3592
-4.7265 3.3743 -1.7930 0.3270
-9.7280 3.0268 -1.8365 0.3137
28.7954 8.9004 -1.3629 0.3638
-16.2396 8.4055 -1.7260 0.3759
-21.4394 7.4788 -1.7718 0.3590
-6.1454 3.8191 -1.8047 0.3623
20.6180 -4.6682 -1.4348 0.3628
16.6520 -6.4368 -1.4671 0.3501
34.2233 8.9884 -1.3194 0.3164
-3.4280 9.1926 -1.6235 0.3360
-8.4492 0.0887 -1.8290 0.3659
-2.3075 0.9683 -1.7724 0.3617
21.9354 -9.8925 -1.4231 0.3461
-12.1420 -7.0283 -1.6950 0.3390
31.8649 0.9199 -1.5067 0.3535
5.7530 -6.3641 -1.5542 0.3431
21.9887 -0.4254 -1.7622 0.3484
24.6357 5.8983 -1.4035 0.3526
3.7289 6.0156 -1.5697 0.3345
19.4823 7.2332 -1.4448 0.3660
-3.1183 -5.2858 -1.6263 0.3467
23.6557 -1.3621 -1.5652 0.3598
24.4342 2.5369 -1.5594 0.3513
8.9723 1.6217 -1.6675 0.3808
-11.9111 9.9815 -1.6859 0.3609
33.2134 -4.4744 -1.3393 0.3582
31.8188 -8.5732 -1.3390 0.3574
12.1892 -2.2428 -1.6427 0.3917
34.0329 0.3603 -1.4888 0.3491
5.1678 -2.2552 -1.7016 0.3533
-2.4709 -3.6127 -1.7725 0.3521
2.6302 -4.8548 -1.5773 0.3107
-22.2456 -1.4503 -1.9258 0.3519
7.9473 3.7840 -1.6799 0.3703
14.9739 -7.0227 -1.4819 0.3603
-18.4288 7.3107 -1.7463 0.3802
-9.6641 2.8224 -1.8364 0.3657
18.2710 -7.8526 -1.4556 0.3600
22.6154 -9.5296 -1.4169 0.3678
34.1520 -8.9729 -1.3199 0.3573
-9.8066 -8.1926 -1.6730 0.3444
25.4864 2.8708 -1.5518 0.3474
-14.6738 8.8171 -1.7117 0.3023
-17.1473 -7.3339 -1.7355 0.3819
18.7522 -4.3134 -1.4482 0.3460
1.7523 7.3170 -1.5868 0.3291
22.6354 0.1135 -1.6113 0.3427
-8.0461 -1.4573 -1.8248 0.3851
-12.2084 -0.5354 -1.8592 0.3514
7.9279 -7.9776 -1.5412 0.3551
-18.0814 -5.6082 -1.7455 0.3917
-8.2750 9.2403 -1.6586 0.3667
-15.0258 2.8685 -1.8772 0.3442
-5.7972 -4.2743 -1.8008 0.3160
20.9299 8.9396 -1.4326 0.3628
-17.7555 -2.0501 -1.8969 0.3364
11.7121 -7.1827 -1.5089 0.3632
10.0860 9.3063 -1.5275 0.3490
7.2878 3.3186 -1.6845 0.3582
4.0549 5.0563 -1.5655 0.3679
14.8316 -9.5498 -1.4883 0.3154
26.1086 -4.3371 -1.3951 0.3526
-15.2778 8.9086 -1.7167 0.3496
23.8479 -6.8895 -1.4085 0.3558
-21.3115 7.4696 -1.7707 0.3601
3.9275 5.4094 -1.5671 0.3530
5.6879 -2.4296 -1.6971 0.3370
-13.1448 7.7345 -1.7012 0.3274
-19.6196 8.4541 -1.7557 0.3182
-20.5053 7.3373 -1.7638 0.3524
-22.7660 -1.8504 -1.9292 0.3605
9.4156 1.7427 -1.6844 0.3432
-15.6715 -3.8774 -1.8802 0.3666
23.5223 -7.4009 -1.4106 0.3477
28.9372 8.0422 -1.3637 0.3483
-7.4555 9.6231 -1.6516 0.3212
-15.1320 -8.8283 -1.7156 0.3411
-0.4233 3.7548 -1.7538 0.3684
27.8942 8.9850 -1.3704 0.3780
-1.0108 2.1584 -1.7596 0.3462
-18.4998 -9.0581 -1.7452 0.3673
34.0801 -9.7017 -1.3190 0.3783
4.9805 0.0820 -1.7020 0.3313
-4.4577 8.7989 -1.6313 0.3563
28.6172 -4.4227 -1.3760 0.3538
30.6442 -2.9935 -1.5136 0.3715
4.8083 5.9199 -1.5608 0.3333
-6.5970 6.0332 -1.6534 0.3563
3.9580 8.8728 -1.5724 0.3448
-11.8431 6.7734 -1.6933 0.3585
3.6943 1.8784 -1.7148 0.3744
-11.2341 8.7751 -1.6829 0.3795
12.3322 2.2884 -1.6416 0.3746
20.5934 2.0316 -1.5847 0.3302
33.1657 -9.6899 -1.3260 0.3405
25.5542 -0.8909 -1.5530 0.3701
-19.8319 -9.1410 -1.7573 0.3621
-12.3086 7.9754 -1.6937 0.3447
6.9015 -9.7906 -1.5527 0.3317
-9.5445 -3.8600 -1.8331 0.2719
-24.1381 9.9013 -1.7975 0.3181
20.2875 5.9013 -1.4376 0.3439
-3.5337 5.1534 -1.6300 0.3442
-21.0340 4.2576 -1.9182 0.3582
5.5302 -8.9752 -1.5613 0.3620
33.6325 -4.2360 -1.4865 0.3952
15.7123 5.9691 -1.4736 0.3346
-15.4740 7.9110 -1.7203 0.3110
5.8577 -2.9989 -1.6964 0.3314
29.1033 -4.8117 -1.3712 0.3835
-21.7454 -5.2821 -1.7736 0.3503
13.2736 0.9613 -1.6332 0.3702
18.2764 -4.1703 -1.6014 0.3387
17.2407 -9.5733 -1.4667 0.3400
-15.9898 -2.1850 -1.8849 0.3157
29.4367 1.0747 -1.5256 0.3434
-5.6637 2.6849 -1.8024 0.3502
-21.8955 -3.1409 -1.9240 0.3674
-20.0067 -3.7222 -1.9111 0.3612
2.4546 -4.3225 -1.5783 0.3897
-22.6011 2.4665 -1.9284 0.3469
21.7732 -4.3275 -1.4265 0.3549
26.9494 8.3371 -1.3798 0.3497
-24.1976 -4.3663 -1.7910 0.3361
23.6008 5.8187 -1.4117 0.3582
33.8724 -3.6054 -1.4860 0.3445
-23.1779 2.6948 -1.9323 0.3833
18.4980 3.9803 -1.5997 0.3342
34.9456 -6.5125 -1.3198 0.3432
22.8271 -2.4007 -1.5701 0.3251
5.3214 -7.4484 -1.5599 0.3568
28.0894 0.2131 -1.5358 0.3234
17.4759 8.1884 -1.4629 0.3498
-7.4529 1.9247 -1.8192 0.3266
-11.5408 4.0332 -1.8486 0.3303
5.7527 -4.3389 -1.5497 0.3347
-2.6206 -0.6355 -1.7755 0.3646
-5.2319 4.8156 -1.6449 0.3481
-14.3245 -7.3740 -1.7119 0.3475
25.7172 -7.5658 -1.3918 0.3612
17.3009 -5.5113 -1.4604 0.3368
-5.1207 -5.2640 -1.6431 0.3107
-10.7400 9.2480 -1.6778 0.3280
-17.3117 -6.8278 -1.7376 0.3443
-18.2492 -7.8969 -1.7441 0.3490
12.5287 -7.2463 -1.5025 0.3612
-18.4710 -5.9418 -1.7481 0.3471
32.6128 -2.6256 -1.4985 0.3703
-8.2519 -6.0569 -1.6667 0.3572
-23.4517 -8.2440 -1.7897 0.3218
26.3198 -7.2676 -1.3873 0.2991
-2.9448 5.7934 -1.6242 0.3299
-4.4220 0.4015 -1.7927 0.3528
-17.8828 4.9176 -1.7448 0.3574
14.6253 -6.4660 -1.4834 0.3479
-3.4724 -3.8965 -1.7811 0.3524
24.3797 9.6461 -1.4006 0.3764
12.8371 -8.2866 -1.5027 0.3503
27.7947 -1.2266 -1.5374 0.3570
12.3537 -4.0846 -1.6452 0.3819
21.7567 -9.8533 -1.4248 0.3138
16.7924 1.0490 -1.6089 0.3842
2.7555 1.0001 -1.7233 0.2988
16.3204 -3.5908 -1.6147 0.3335
14.8170 -0.5548 -1.6220 0.3388
-24.5978 -2.1610 -1.9414 0.3173
16.9183 -0.7159 -1.6079 0.3467
-9.2704 6.9610 -1.6722 0.3490
7.5094 4.2795 -1.6847 0.3648
-18.3201 -4.3951 -1.7487 0.3642
-23.6187 -5.2092 -1.7877 0.3535
-24.0928 4.5044 -1.7904 0.3724
-15.5083 -5.5097 -1.7257 0.3629
-23.8064 8.1517 -1.7927 0.3435
-17.0562 6.6563 -1.7358 0.3524
8.5504 -4.9496 -1.5278 0.3373
-0.9836 6.0300 -1.6080 0.3255
33.8449 -6.1730 -1.3295 0.3586
23.5217 -9.5028 -1.4086 0.3200
-16.1935 9.2224 -1.7243 0.3463
0.0074 5.2270 -1.5999 0.3040
0.8582 -0.2195 -1.7416 0.3514
-3.2730 6.8642 -1.6254 0.3355
4.7354 -8.4836 -1.5662 0.3614
15.1925 4.7936 -1.4751 0.3456
13.4534 9.1265 -1.4994 0.3474
-3.5741 6.3718 -1.6285 0.3510
17.3027 -1.3665 -1.6057 0.3378
-7.6309 -3.0738 -1.8189 0.3387
25.1281 7.8483 -1.3963 0.3387
32.8623 -4.1699 -1.4930 0.3475
-7.3158 8.7490 -1.6524 0.3389
22.0813 -3.6030 -1.5746 0.3590
23.8055 -7.4997 -1.4081 0.3146
4.4458 -5.2822 -1.5626 0.3200
-19.7352 0.3897 -1.9100 0.3878
22.1709 -7.3779 -1.4220 0.3413
-0.5513 -2.4009 -1.7552 0.3297
-12.5157 8.1171 -1.6951 0.3495
12.5990 -8.1222 -1.5043 0.3653
1.2163 2.2909 -1.7384 0.3628
-19.7457 -1.9247 -1.9099 0.3350
34.0205 2.9491 -1.4861 0.3397
-10.3203 -0.2078 -1.8445 0.3433
5.6579 7.5341 -1.5575 0.3562
15.0373 -1.9500 -1.6215 0.3509
-18.0946 0.1686 -1.8997 0.3317
19.3646 -7.3973 -1.4459 0.3398
13.8973 -0.1939 -1.6284 0.3447
4.6252 -7.7054 -1.5657 0.3796
6.6998 1.6626 -1.6871 0.3465
32.2877 -1.4521 -1.5028 0.4162
29.6539 5.6674 -1.3645 0.3446
-18.2810 -1.6305 -1.9005 0.3163
-2.8749 2.6119 -1.7770 0.3570
6.0063 -8.8202 -1.5575 0.3709
30.1986 4.2004 -1.5143 0.3595
23.9938 9.1487 -1.4046 0.3539
-1.8110 -1.0444 -1.7676 0.3424
28.1726 -9.8030 -1.3664 0.3443
-2.3105 2.0729 -1.7720 0.3035
-8.7284 -7.0965 -1.6675 0.3672
11.5936 -0.6406 -1.6456 0.3424
-3.6459 -9.3509 -1.6248 0.3729
12.3445 -1.1438 -1.6402 0.3393
-0.4190 7.4897 -1.6031 0.3489
22.7461 -7.2923 -1.4172 0.3750
32.2587 -0.0335 -1.5038 0.3767
-8.7814 -4.9226 -1.6741 0.3668
5.6006 -4.7794 -1.5519 0.3126
18.4659 2.8661 -1.5990 0.3245
-15.4889 4.9655 -1.7267 0.3640
22.7544 7.4657 -1.4170 0.3360
9.9783 -4.4351 -1.5148 0.3515
-16.0156 -8.5845 -1.7237 0.3541
27.0938 -1.1544 -1.5424 0.3551
0.6021 1.6918 -1.7442 0.3289
-14.4028 4.7916 -1.7189 0.3705
-13.2762 5.1214 -1.7093 0.3395
22.1304 7.2723 -1.4224 0.3618
31.1430 -9.3767 -1.3425 0.3459
-2.3050 9.6200 -1.6154 0.3884
-20.2703 9.3363 -1.7613 0.3790
-18.9506 -9.2891 -1.7492 0.3926
14.2687 -3.7341 -1.6298 0.3831
-2.7549 5.3109 -1.6232 0.3473
0.5679 -0.4298 -1.7444 0.3393
-4.7772 -9.9072 -1.6320 0.3273
2.9323 -2.9057 -1.7227 0.3553
13.6130 1.5788 -1.6312 0.3505
7.4683 7.5916 -1.5437 0.3491
-15.1455 6.5850 -1.7205 0.3334
4.4773 8.9264 -1.5688 0.3572
2.6368 -0.6414 -1.7243 0.3424
7.7442 5.9655 -1.5372 0.3403
-18.3598 -7.9853 -1.7450 0.3533
-15.7884 0.3692 -1.8847 0.3484
6.8147 8.3316 -1.5505 0.3215
-8.4739 6.7770 -1.6664 0.3342
12.7419 3.1122 -1.6400 0.3607
-2.6349 -7.0159 -1.6202 0.3490
-11.7559 -6.3584 -1.6938 0.3111
14.3837 3.5730 -1.6287 0.3640
-1.3655 -3.4886 -1.7625 0.3490
-15.5433 -3.4110 -1.8801 0.3288
23.5285 6.9525 -1.4110 0.3366
0.9055 -9.5907 -1.5940 0.3533
29.9042 -2.1496 -1.5208 0.3058
-13.3959 -5.2356 -1.7100 0.3584
27.5810 -9.4580 -1.3722 0.3697
23.9546 -5.6685 -1.4092 0.3678
-18.7651 -6.3151 -1.7501 0.3731
6.9009 0.0895 -1.6845 0.3344
14.2210 -1.2962 -1.6266 0.3707
4.7289 -0.5660 -1.7044 0.3554
-1.5842 7.5582 -1.6118 0.3333
31.6305 -0.1114 -1.5089 0.3593
17.0493 2.7801 -1.6085 0.3587
32.9522 2.9497 -1.4950 0.3808
25.7738 0.3375 -1.5517 0.3739
24.0279 -3.9045 -1.5608 0.3362
18.5379 8.0632 -1.4535 0.3568
13.7648 -1.2365 -1.6298 0.3566
28.2117 1.4226 -1.5343 0.3550
11.8046 1.1829 -1.6443 0.3439
-20.4827 6.5528 -1.7638 0.3851
9.9538 0.6924 -1.7366 0.3375
-18.8299 -0.8619 -1.9043 0.3833
31.9581 -0.7988 -1.5061 0.3215
13.8001 5.5990 -1.4878 0.3424
8.3388 -3.4005 -1.6758 0.3653
-13.1307 8.6970 -1.6988 0.3289
5.9460 6.9321 -1.5539 0.3353
-4.4481 -7.2330 -1.6338 0.3607
15.5232 -3.6552 -1.6205 0.3154
11.2646 8.1124 -1.5151 0.3721
4.9584 -4.4326 -1.5567 0.3796
-9.8355 -3.6468 -1.8360 0.3804
6.5446 -5.6509 -1.5461 0.3565
2.7018 -8.9121 -1.5813 0.3414
26.0760 -0.4309 -1.5497 0.3428
28.6602 5.0971 -1.3739 0.3557
20.5549 3.1999 -1.5851 0.3526
-5.8216 -9.4475 -1.6400 0.3424
-22.7146 0.4677 -1.9286 0.3817
30.5202 -3.3942 -1.5137 0.3451
34.5207 2.8358 -1.4820 0.3787
-17.3788 -1.8968 -1.8945 0.3520
16.1370 9.6106 -1.4768 0.3508
0.5088 6.5690 -1.5960 0.3604
-16.0888 4.0074 -1.8830 0.3601
34.8861 0.3133 -1.4813 0.3471
30.9937 1.8223 -1.5128 0.3613
33.9565 -1.1573 -1.4890 0.3638
-16.3662 5.8931 -1.7317 0.3831
4.5155 8.1647 -1.5673 0.3514
28.7465 9.9819 -1.3612 0.3344
15.5095 1.9766 -1.6182 0.3364
1.0761 3.6377 -1.7402 0.3974
6.0017 -2.0027 -1.6937 0.3124
-22.6839 -9.8305 -1.7839 0.3262
11.6910 4.0647 -1.6503 0.3505
26.5829 8.6807 -1.3823 0.3377
-24.8324 7.1925 -1.8001 0.3664
-15.4021 7.5724 -1.7204 0.3646
6.0794 -1.9575 -1.6930 0.3393
8.6579 4.2710 -1.6752 0.3801
-4.3989 2.7686 -1.7909 0.3279
-23.3239 0.8187 -1.9325 0.3353
19.6160 -6.9676 -1.4435 0.3814
-10.4245 1.5088 -1.8446 0.3239
13.6746 -4.0282 -1.6349 0.3569
8.5488 4.0718 -1.6756 0.3814
0.8503 8.8970 -1.5941 0.2980
10.4174 4.5532 -1.5116 0.3432
16.7023 -4.8094 -1.4638 0.3690
9.3347 -0.6950 -1.6637 0.3446
8.4515 1.2973 -1.6715 0.3512
1.1647 4.5231 -1.5898 0.3538
0.8021 -7.0430 -1.5939 0.3563
4.4580 0.5119 -1.7070 0.3339
2.1247 7.2027 -1.5839 0.3653
1.3415 -9.4482 -1.5910 0.3551
-12.3778 4.5516 -1.7039 0.3271
18.4903 7.6087 -1.4535 0.3407
-17.0229 5.9153 -1.7368 0.3217
29.5226 8.6368 -1.3574 0.3543
12.4908 5.6542 -1.4983 0.3598
-22.0660 0.3605 -1.9245 0.3542
14.5399 -0.4613 -1.6239 0.3610
-3.3091 -9.3632 -1.6225 0.3527
30.7859 -9.6280 -1.3448 0.3652
31.1645 2.7894 -1.5099 0.3474
25.7557 -4.4919 -1.3974 0.3640
9.0709 -3.8581 -1.6707 0.3243
30.1507 6.1413 -1.3592 0.3221
13.9885 -7.7746 -1.4919 0.3517
27.5077 -4.3233 -1.3846 0.3637
-15.3968 3.7008 -1.8785 0.3445
29.2508 -9.3887 -1.3580 0.3628
14.6954 0.3958 -1.6228 0.3562
-6.8036 -8.2908 -1.6495 0.3090
34.8688 5.2331 -1.3238 0.3965
16.2130 2.6916 -1.6142 0.3248
29.5050 2.1710 -1.5238 0.3311
-24.6649 -5.5743 -1.7962 0.3730
8.1403 4.4940 -1.5300 0.3504
17.7520 -3.9664 -1.6050 0.3346
-24.1758 1.4163 -1.9382 0.3406
20.7536 -8.1594 -1.4341 0.3324
14.0869 -8.0783 -1.4918 0.3340
-8.5144 -6.1202 -1.6686 0.3658
16.3367 -5.6799 -1.4682 0.3400
-17.1459 -7.4714 -1.7353 0.3286
24.4422 -7.6350 -1.4025 0.3348
26.9735 7.5806 -1.3812 0.3469
4.1286 1.0927 -1.7103 0.3350
5.4465 2.4435 -1.6993 0.3438
-0.8767 -4.2436 -1.7578 0.3570
-4.2800 -8.8903 -1.6299 0.3404
27.3739 9.3655 -1.3741 0.3328
-6.7076 -8.9194 -1.6475 0.3361
-0.8290 6.4525 -1.6066 0.3778
-7.0050 3.3017 -1.8131 0.3935
14.4028 -1.8496 -1.6259 0.3509
23.8531 4.9319 -1.4109 0.3645
-15.1399 5.2946 -1.7234 0.3312
-9.7154 7.5658 -1.6740 0.3382
-18.7535 0.8985 -1.9038 0.3590
-15.3890 -5.7259 -1.7243 0.3027
-0.5871 1.4516 -1.7557 0.3655
21.5526 -8.0137 -1.4271 0.3387
7.4971 -2.4754 -1.6812 0.3284
-21.8034 2.2073 -1.9231 0.3578
12.5052 -4.9623 -1.4962 0.3788
22.7183 7.3017 -1.4175 0.3437
-1.3919 9.5210 -1.6093 0.3558
-10.2992 -8.4818 -1.6761 0.3591
20.8363 -5.8821 -1.4333 0.3548
-23.5656 -0.5398 -1.9340 0.3301
23.9355 -9.2412 -1.4050 0.3545
23.2556 -8.1415 -1.4121 0.3537
28.2792 8.0128 -1.3693 0.2954
-19.6312 -9.0894 -1.7555 0.3672
-18.5345 -5.0503 -1.7496 0.3199
27.3652 -1.5273 -1.5402 0.3526
3.5158 -9.5908 -1.5763 0.3804
-1.4597 6.2119 -1.6117 0.3451
9.3976 6.6002 -1.5258 0.3291
-21.4850 -2.1066 -1.9210 0.3612
13.6230 -5.9643 -1.4902 0.3780
31.7050 7.8472 -1.3418 0.3278
15.5432 3.5711 -1.6202 0.3028
2.8721 0.4772 -1.7220 0.3737
32.6529 -2.1520 -1.4989 0.3671
16.3110 0.7855 -1.6120 0.3577
-21.5824 -5.0098 -1.7723 0.3140
15.2028 -1.0080 -1.6196 0.3620
-21.4182 3.7180 -1.9208 0.3707
-6.5662 -1.7728 -1.8116 0.3931
11.9410 3.6991 -1.6474 0.3444
-12.0630 4.7745 -1.7008 0.3532
-22.7086 5.0742 -1.7807 0.3069
12.0772 1.3836 -1.6424 0.3694
-7.8486 -6.3122 -1.6627 0.3689
6.9779 4.0112 -1.6886 0.3581
-9.3313 6.3856 -1.6743 0.3738
16.1857 -8.1142 -1.4740 0.3344
28.7421 7.9193 -1.3657 0.3456
-19.8061 8.8260 -1.7572 0.3464
22.1791 3.3647 -1.5740 0.3720
-15.6343 -7.7787 -1.7219 0.3724
-5.2354 3.0738 -1.7980 0.3564
-3.5581 -2.8786 -1.7831 0.3553
-12.6214 -3.9271 -1.8573 0.3610
-20.4859 -9.2647 -1.7633 0.3433
21.1092 4.4967 -1.4313 0.3772
22.6177 1.3336 -1.5719 0.3410
34.8100 -0.9841 -1.4817 0.3586
31.0763 -2.2262 -1.5116 0.3381
1.0785 -1.7630 -1.7396 0.3689
-16.9967 -0.9381 -1.8925 0.3480
-24.3580 -0.4502 -1.9390 0.3913
6.8911 -8.0464 -1.5493 0.3475
26.6340 -2.3936 -1.5444 0.3687
-8.9258 -8.7193 -1.6647 0.3374
-13.0635 5.5186 -1.7066 0.3439
1.3372 0.4448 -1.7369 0.3492
28.6120 5.9903 -1.3719 0.3570
2.1004 -1.4136 -1.7297 0.3351
18.3628 -6.9380 -1.4538 0.3386
2.7516 -4.0085 -1.7254 0.3518
-2.6225 -5.3228 -1.6221 0.3580
1.4547 -1.2019 -1.7359 0.3493
21.1040 5.7782 -1.4312 0.3464
20.2644 -7.6673 -1.4383 0.3235
0.9055 -1.9980 -1.7413 0.3600
-8.9430 -8.1642 -1.6662 0.3669
-16.6524 -2.1709 -1.8894 0.3692
-24.9178 1.6504 -1.9432 0.3530
-18.2045 -8.6205 -1.7430 0.3379
-15.1207 -8.6672 -1.7158 0.3436
16.3963 4.6102 -1.4658 0.3531
24.0750 -1.8500 -1.5623 0.3496
19.2167 -2.9724 -1.5940 0.3331
18.3940 3.7264 -1.6002 0.3164
34.6592 -8.3047 -1.3176 0.3389
32.7559 7.1943 -1.3353 0.3445
-8.8692 5.5085 -1.6732 0.3562
-16.2940 -2.2071 -1.8869 0.3418
-15.8021 -0.6259 -1.8847 0.3450
28.7364 -2.0457 -1.5297 0.3522
-18.8592 5.7046 -1.7514 0.3813
-4.5914 -9.4201 -1.6313 0.3467
6.8208 3.4278 -1.6887 0.3190
11.8070 -3.9490 -1.6491 0.3363
10.7440 5.5909 -1.5120 0.3862
22.1845 9.6782 -1.4209 0.3787
9.3016 -4.4204 -1.5203 0.3688
26.0628 -1.0830 -1.5495 0.3640
-19.9222 0.9518 -1.9112 0.3643
26.5379 1.0210 -1.5463 0.3452
10.4002 -6.8686 -1.5185 0.3673
-11.6240 1.6649 -1.8538 0.3681
33.6646 4.4783 -1.3356 0.3669
31.3841 8.8806 -1.3417 0.3380
25.7435 4.5076 -1.3974 0.3435
29.6958 2.0661 -1.5225 0.3372
-2.0715 -5.3350 -1.6174 0.3699
-11.3317 -8.0416 -1.6856 0.3561
-14.0258 2.6867 -1.8703 0.3578
27.4256 2.5037 -1.5386 0.3615
24.5979 6.7872 -1.4024 0.3218
33.8563 -1.0780 -1.4900 0.3676
25.8951 -6.5591 -1.3923 0.3392
12.9420 -5.5055 -1.4943 0.3410
-16.4631 -0.4720 -1.8891 0.3333
-15.1091 -3.7589 -1.8763 0.3516
3.4220 -6.3947 -1.5728 0.3487
21.0677 -7.8430 -1.4314 0.3222
-14.6035 -1.7530 -1.8757 0.3142
29.9311 -3.2496 -1.5186 0.3459
16.0274 9.3055 -1.4773 0.3663
-6.2615 7.1283 -1.6481 0.3643
28.1456 -6.3302 -1.3747 0.3700
10.9178 5.0671 -1.5091 0.3460
18.9895 -0.3960 -1.5946 0.3429
-1.8735 8.5220 -1.6132 0.3478
-1.3870 2.1641 -1.7632 0.3661
-24.2429 -5.9201 -1.7934 0.3823
7.2741 -6.0806 -1.5413 0.3408
20.6478 9.3460 -1.4352 0.3447
33.1295 8.3655 -1.3292 0.3506
28.5336 -0.3428 -1.5326 0.3447
-19.7805 1.2788 -1.9102 0.3384
33.8312 0.9420 -1.4903 0.3475
-16.0312 5.2695 -1.7303 0.3342
-22.5331 -0.5103 -1.9275 0.3645
19.9358 -7.5474 -1.4411 0.3795
29.3532 -3.5143 -1.5225 0.3443
31.9870 1.3655 -1.5054 0.3833
24.4986 -2.9785 -1.5585 0.3478
-12.7056 6.2710 -1.7017 0.3361
-15.7598 8.9581 -1.7209 0.3637
-21.4619 -5.1600 -1.7714 0.3315
9.9181 7.7829 -1.5250 0.3625
4.2333 4.3141 -1.5628 0.3551
-18.4430 1.7391 -1.9015 0.3419
2.8896 -7.3922 -1.5783 0.3398
9.0394 -1.7810 -1.6671 0.3325
18.3773 9.9071 -1.4565 0.3706
-0.1481 2.9670 -1.7514 0.3455
-5.8989 1.8337 -1.8055 0.3562
14.9408 -9.2877 -1.4869 0.3498
16.0534 -3.5822 -1.6166 0.3458
-8.7743 -0.2369 -1.8318 0.3565
-23.8106 2.8333 -1.9367 0.3602
31.7414 7.1423 -1.3435 0.3528
20.3172 -0.8386 -1.5864 0.3462
-12.9337 -4.5109 -1.7083 0.3283
8.9399 -4.3744 -1.5231 0.3379
10.6969 -7.2438 -1.5173 0.3439
-17.4407 -7.0892 -1.7383 0.3503
-13.5006 -3.8936 -1.8641 0.3152
32.4024 5.3317 -1.3436 0.3624
5.4807 -1.7356 -1.6982 0.3564
-13.5135 7.1913 -1.7057 0.3384
22.8545 8.9831 -1.4150 0.3317
3.2344 -8.4916 -1.5771 0.3363
13.3047 4.2165 -1.6382 0.3235
-7.1499 -8.2947 -1.6521 0.3432
-21.5258 -8.5654 -1.7728 0.3464
-15.1033 -4.4846 -1.7248 0.3684
33.3822 -7.9679 -1.3282 0.3595
12.4153 3.2594 -1.6428 0.3749
24.8651 4.3224 -1.4042 0.3522
-23.7088 2.7853 -1.9360 0.3318
20.9277 1.5071 -1.5826 0.3848
4.0971 5.6248 -1.5661 0.3436
14.9185 5.4516 -1.4787 0.3191
-3.5077 7.4051 -1.6264 0.3544
12.2521 3.8639 -1.6454 0.3182
-22.8628 -2.8825 -1.9303 0.3483
-22.2647 0.4936 -1.9258 0.3405
22.9302 -0.1880 -1.5917 0.3605
-17.5321 -7.8427 -1.7380 0.3691
-24.1610 6.2349 -1.7932 0.3435
29.7474 8.2571 -1.3565 0.3421
-9.0681 9.6882 -1.6637 0.3652
9.9429 -5.0406 -1.5168 0.3347
25.3350 -8.0872 -1.3941 0.3513
19.7544 -7.7792 -1.4427 0.3608
-22.2023 6.0859 -1.7775 0.3342
8.6569 2.6348 -1.6716 0.3440
7.5079 5.1224 -1.5368 0.3520
-3.9952 8.1039 -1.6290 0.3766
20.2138 -5.4746 -1.4380 0.3258
32.8403 -2.7183 -1.4964 0.3470
-16.1688 5.8474 -1.7302 0.3771
-16.2866 -4.8122 -1.7331 0.3694
19.0842 0.1208 -1.5940 0.3445
2.2650 -1.1310 -1.7280 0.3486
22.7131 1.9061 -1.5711 0.3592
-16.5353 9.7641 -1.7266 0.3596
-22.6085 -7.9257 -1.7821 0.3776
16.8760 -0.3072 -1.6081 0.3726
34.6827 9.1797 -1.3155 0.3224
-19.3121 -3.0425 -1.9066 0.3181
26.8603 4.8119 -1.3885 0.3391
-1.8826 8.5854 -1.6132 0.3129
-23.9926 -5.1879 -1.7905 0.3762
5.6013 -8.3724 -1.5596 0.3201
-8.2687 -8.4861 -1.6602 0.3440
16.6042 -8.5401 -1.4711 0.3326
-7.7302 -2.9896 -1.8199 0.3183
3.9020 -7.4757 -1.5707 0.3736
-12.9661 -1.8995 -1.8637 0.3385
24.6861 5.0826 -1.4044 0.3881
30.5259 -4.0355 -1.5121 0.3781
-0.7999 -0.4116 -1.7578 0.3499
1.9328 -7.4526 -1.5855 0.3081
33.9610 3.9658 -1.4844 0.3432
-16.4731 -3.6465 -1.8864 0.3957
23.5172 -7.2955 -1.4107 0.3586
9.0367 9.0934 -1.5353 0.3467
27.8441 5.3924 -1.3795 0.3378
-7.4543 3.0466 -1.8174 0.3677
-7.2305 4.4600 -1.6625 0.3574
-5.4508 -1.4902 -1.8018 0.3557
-24.0021 -4.0334 -1.9392 0.3727
-14.8064 -0.0003 -1.8780 0.3716
34.6752 6.5052 -1.3220 0.3587
-10.0631 9.2759 -1.6724 0.3183
-23.8050 2.1056 -1.9361 0.3304
-8.2876 -2.4728 -1.8256 0.3377
-0.4966 4.3641 -1.6044 0.3493
7.8672 3.9414 -1.6809 0.3800
-20.8860 -5.0507 -1.7671 0.3911
22.4257 -1.2897 -1.6100 0.3578
24.5301 -7.3197 -1.4022 0.3610
-12.2104 -1.9544 -1.9557 0.3198
22.9051 5.2550 -1.4176 0.3415
-3.3144 -3.7219 -1.7799 0.3389
0.3866 2.6607 -1.7464 0.3373
31.1833 -3.4470 -1.5083 0.3616
28.5143 -7.0579 -1.3698 0.3410
-2.4934 4.8278 -1.6215 0.3121
4.2866 1.7862 -1.7092 0.3669
-7.8086 6.5092 -1.6618 0.3741
5.9261 3.5791 -1.6968 0.3558
15.9145 6.3438 -1.4728 0.3466
-19.4399 -6.9010 -1.7551 0.3320
30.1905 2.2917 -1.5184 0.3333
18.1324 -2.6524 -1.6011 0.3714
-19.1948 4.9301 -1.7546 0.3350
27.1393 1.6017 -1.5417 0.3903
19.6210 -8.9164 -1.4445 0.3690
-6.2124 0.6709 -1.8092 0.3568
6.2860 4.8858 -1.5464 0.4043
26.6078 -4.7442 -1.3905 0.3755
33.0875 3.0905 -1.4936 0.3414
-8.1354 6.8185 -1.6636 0.3295
14.0335 -8.6966 -1.4936 0.3415
26.6148 1.5604 -1.5454 0.3479
34.2900 7.7520 -1.3218 0.3348
-20.7569 -7.4716 -1.7660 0.3275
5.2173 -4.6150 -1.5548 0.3547
27.4199 2.5185 -1.5386 0.3678
-24.8105 1.7037 -1.9425 0.3872
1.2341 5.8679 -1.5899 0.3515
10.0519 2.5811 -1.6600 0.3620
6.5894 1.5169 -1.6880 0.3130
18.9664 -0.9630 -1.5949 0.3672
-21.0687 -8.4350 -1.7687 0.3298
22.1250 1.8218 -1.5749 0.3561
-8.0098 -6.8675 -1.6624 0.3491
24.4538 9.9170 -1.3996 0.3452
0.1693 -8.4300 -1.5988 0.3203
-22.4249 -8.4857 -1.7808 0.3349
32.8349 5.7466 -1.3389 0.3309
21.8330 -7.9767 -1.4247 0.3381
-4.1310 -1.8985 -1.7892 0.3736
-8.7984 8.5500 -1.6641 0.3429
10.3378 5.7576 -1.5157 0.3365
34.2377 -5.3432 -1.3286 0.3630
-7.5900 -4.9794 -1.6642 0.3565
31.8963 1.8454 -1.5055 0.3906
-5.1768 -0.2712 -1.7998 0.3702
17.2459 -7.6651 -1.4642 0.3102
-2.0959 -6.8271 -1.6163 0.3661
-19.8969 6.0579 -1.7593 0.3637
31.1714 -3.1042 -1.5092 0.3832
-15.1643 5.9802 -1.7220 0.3460
31.6815 -6.2035 -1.3468 0.3719
-18.8016 1.9887 -1.9037 0.3429
-8.9832 0.1022 -1.8336 0.3558
30.2554 -3.4723 -1.5156 0.3289
14.5125 2.1715 -1.6255 0.3225
-13.6310 -7.5093 -1.7058 0.3674
10.5256 7.1294 -1.5183 0.3501
-14.1765 4.8677 -1.7169 0.3244
27.4665 -4.2605 -1.5351 0.3663
-22.0103 1.6030 -1.9243 0.2953
6.7867 8.0434 -1.5501 0.3338
-21.1916 -1.5539 -1.9191 0.3168
16.7014 -2.7332 -1.6109 0.3740
31.1478 5.9789 -1.3517 0.3413
24.8640 -9.9763 -1.3958 0.3516
-2.6963 3.7275 -1.7744 0.3561
-10.7857 -5.6839 -1.6881 0.3662
-17.7383 3.8849 -1.8950 0.3639
27.4174 -1.2420 -1.5401 0.3660
-20.1335 -9.5941 -1.7600 0.3447
12.7298 7.4852 -1.5015 0.3671
-2.9640 0.9308 -1.7787 0.3369
34.7467 -3.7280 -1.4783 0.3420
5.5294 4.0676 -1.7011 0.3193
7.9275 -0.0812 -1.6754 0.3835
30.0733 -9.3010 -1.3514 0.3301
33.1782 3.0051 -1.4930 0.3782
10.0182 9.3906 -1.5282 0.3607
22.7709 -5.5604 -1.4184 0.3540
13.0860 7.2585 -1.4980 0.3573
0.6440 2.4199 -1.7439 0.3287
-21.5611 -8.4420 -1.7731 0.3821
18.0646 4.5995 -1.4534 0.3428
17.0158 -1.1702 -1.6075 0.3703
-17.9979 5.8747 -1.7445 0.3391
-11.1959 2.7149 -1.8489 0.3214
18.9277 -9.9443 -1.4514 0.3897
-16.0173 -7.4741 -1.7258 0.3379
16.4561 -2.9512 -1.6128 0.3592
18.0786 -0.3629 -1.6004 0.2894
-3.7994 8.6425 -1.6268 0.3486
-9.5091 6.4394 -1.6756 0.3621
-2.6176 6.0323 -1.6212 0.3529
-3.4482 0.7915 -1.7834 0.3480
11.4212 -8.1427 -1.5140 0.3458
19.6309 4.9162 -1.4422 0.3674
26.7052 -8.2690 -1.3820 0.3241
-23.2005 -8.1710 -1.7874 0.3453
18.5931 -4.8983 -1.4498 0.3787
-6.1488 8.4513 -1.6443 0.3203
25.3185 4.9984 -1.3998 0.3479
-20.4570 -8.4669 -1.7632 0.3279
8.0705 8.3782 -1.5411 0.3560
7.9204 5.6675 -1.5349 0.3507
-5.4093 2.0729 -1.8008 0.3311
33.2184 -7.4608 -1.3309 0.3505
-18.5846 -3.5975 -1.9013 0.3513
-16.8162 -3.9864 -1.8883 0.3378
13.6556 2.8009 -1.6326 0.3417
5.8580 1.7574 -1.6948 0.3370
-9.1320 -4.4552 -1.6782 0.3044
-6.7437 -3.7780 -1.8099 0.3685
-15.5786 0.3688 -1.8832 0.3739
27.0658 6.9081 -1.3820 0.3150
9.1711 -7.4755 -1.5301 0.3742
-10.3099 4.5148 -1.6876 0.3580
-1.3948 9.9135 -1.6092 0.3280
29.4011 4.9947 -1.3684 0.3458
28.2105 -1.1686 -1.5345 0.3359
-20.8536 4.6335 -1.7669 0.3685
14.2460 7.2137 -1.4884 0.3316
-15.8217 5.3700 -1.7285 0.3925
-12.3470 -9.7449 -1.6900 0.3732
26.8525 -7.3701 -1.3827 0.3255
28.7114 -7.8571 -1.3661 0.3828
-20.0385 -9.3635 -1.7592 0.3646
27.4354 4.2905 -1.5353 0.3470
18.7096 -4.6525 -1.4488 0.3635
21.5426 4.4391 -1.4281 0.3685
22.5089 3.3220 -1.5718 0.3348
5.4340 0.4722 -1.6979 0.3667
31.8145 -8.8057 -1.3384 0.3413
-12.9784 -3.8939 -1.8601 0.3663
5.2979 -9.4577 -1.5637 0.3473
-5.8868 8.2004 -1.6428 0.3299
24.3459 -3.8273 -1.5586 0.3626
-20.0380 -8.1010 -1.7596 0.3424
1.0207 -9.9496 -1.5933 0.3531
21.4087 2.2303 -1.5794 0.3582
-6.2595 2.4194 -1.8080 0.3794
-10.5714 9.8985 -1.6751 0.3413
-9.2471 -4.2278 -1.8298 0.3330
17.8154 -9.0695 -1.4610 0.3829
-7.7930 5.5876 -1.6643 0.3501
-0.8390 -3.9084 -1.7576 0.3391
7.7401 -3.3868 -1.6808 0.3572
31.4456 8.1547 -1.3430 0.3431
22.6609 1.5074 -1.5716 0.3446
-13.8831 -1.9930 -1.8703 0.4015
27.9851 9.0112 -1.3695 0.3302
25.6860 -4.6942 -1.3975 0.3212
19.7135 -9.5704 -1.4439 0.3745
6.0144 -5.3825 -1.5498 0.3424
-20.8111 -9.1175 -1.7663 0.3564
17.6903 -1.8451 -1.6034 0.3628
6.1005 6.6213 -1.5520 0.3150
-6.4135 9.5036 -1.6442 0.3728
-24.4037 4.0064 -1.9420 0.3388
-11.1371 8.5223 -1.6828 0.3880
11.3414 -1.8294 -1.6486 0.3341
-18.2616 -3.9458 -1.8987 0.3813
14.3251 -6.9155 -1.4870 0.3849
24.1803 0.0176 -1.5622 0.3402
-5.9093 -3.4612 -1.8033 0.3462
-20.0809 -7.8492 -1.7601 0.3437
-16.6181 8.6383 -1.7289 0.3804
-3.5255 -7.5259 -1.6264 0.3536
23.8061 4.7948 -1.4114 0.3607
13.0567 -8.6385 -1.5017 0.3471
27.0733 0.5423 -1.5429 0.3594
34.6656 3.4961 -1.4795 0.3607
-12.8460 -5.3093 -1.7055 0.3381
16.6893 -8.4870 -1.4702 0.3854
2.9910 1.8673 -1.7214 0.3459
4.6087 2.0581 -1.7065 0.3706
-5.4651 -3.7603 -1.7989 0.3248
-4.4493 -2.4761 -1.7916 0.3637
15.5769 -9.0879 -1.4810 0.3713
12.2482 -4.0842 -1.6460 0.3553
-5.8898 7.6520 -1.6440 0.3715
-17.8851 -6.5741 -1.7427 0.3359
9.6945 -0.6390 -1.6607 0.3595
19.3638 3.5365 -1.5933 0.3196
8.5173 6.0576 -1.5312 0.3530
-24.7810 -8.3770 -1.8015 0.3341
-8.0611 1.8367 -1.8245 0.3486
21.7148 2.5458 -1.5774 0.3776
19.5529 -6.0524 -1.4434 0.3848
-24.3754 -9.3830 -1.7991 0.3244
3.2178 6.8873 -1.5751 0.3749
1.2391 -1.1986 -1.7380 0.3780
14.1369 -8.7844 -1.4929 0.3565
-17.5012 1.5606 -1.8955 0.3772
12.2849 -2.4617 -1.6423 0.3417
31.8151 -8.3960 -1.3394 0.3397
-2.6950 -4.2578 -1.7738 0.3398
-4.7586 -3.4634 -1.7932 0.3643
-23.3036 1.4981 -1.9326 0.3481
-21.5563 -1.9333 -1.9215 0.3357
30.8943 -7.8602 -1.3483 0.3366
33.5301 2.7067 -1.4906 0.3500
-24.6615 4.5760 -1.7947 0.3330
29.0408 0.1461 -1.5289 0.3634
-14.5624 -8.7330 -1.7109 0.3739
8.6815 -7.9355 -1.5352 0.3695
15.6885 8.8929 -1.4797 0.4082
-3.4565 -6.2127 -1.6278 0.3582
6.7393 -3.8501 -1.6903 0.3839
12.6525 3.7503 -1.6421 0.3537
-13.3644 5.8367 -1.7081 0.3444
34.6554 8.2204 -1.3178 0.3524
-12.7671 -2.0963 -1.8619 0.3533
-24.3797 9.8458 -1.7996 0.3475
31.6571 -7.9222 -1.3420 0.3283
0.7477 6.5307 -1.5941 0.3304
-1.0828 -4.5579 -1.6095 0.3727
-8.4597 8.7418 -1.6611 0.3667
-23.4501 7.3839 -1.7888 0.3856
-9.1259 5.2454 -1.6760 0.3421
-1.4020 2.0749 -1.7634 0.3403
6.2198 -5.7109 -1.5489 0.3270
2.4587 -0.7615 -1.7261 0.3711
27.7422 -9.3043 -1.3711 0.3322
29.6798 4.1881 -1.5184 0.3494
-5.9707 -7.6824 -1.6446 0.3563
32.5733 -4.8342 -1.3436 0.3187
26.8960 -5.0990 -1.3876 0.3655
30.6581 5.7590 -1.3563 0.3702
17.3799 -1.9870 -1.6056 0.3555
-13.1037 0.6908 -1.8657 0.3483
-13.2863 -5.8276 -1.7075 0.3494
29.5191 -3.3180 -1.5216 0.3780
5.4227 0.2380 -1.6979 0.3511
28.4280 -6.1159 -1.3730 0.3496
18.2329 3.7963 -1.6014 0.3363
-12.2493 -1.0147 -1.8592 0.2940
-1.9144 9.6730 -1.6128 0.3719
33.0695 -5.0694 -1.3389 0.3499
-23.8250 -2.0788 -1.9362 0.3325
17.8750 8.4933 -1.4598 0.3922
33.7268 7.7199 -1.3262 0.3588
-18.7512 -0.3166 -1.9039 0.3459
-8.6804 -7.5281 -1.6659 0.3704
7.8208 -1.8244 -1.6775 0.3574
25.6259 1.7466 -1.5520 0.3570
5.3907 -4.9154 -1.5540 0.3378
-21.4242 -6.1773 -1.7714 0.3639
-17.3689 0.6288 -1.8950 0.3688
-2.4434 -6.4795 -1.6193 0.3379
-5.6476 7.4907 -1.6425 0.3121
-11.8193 -8.5152 -1.6883 0.3690
25.4077 9.7480 -1.3911 0.3626
-23.3871 0.7589 -1.9329 0.3668
24.7607 9.6712 -1.3970 0.3509
30.3008 5.0303 -1.3612 0.3693
12.8067 -6.9420 -1.4994 0.3369
12.5210 -5.4512 -1.4975 0.3463
-16.0589 -7.8611 -1.7254 0.3291
9.0991 4.5817 -1.5224 0.3731
-2.4895 -6.6268 -1.6195 0.3491
-11.2570 4.2916 -1.8457 0.3546
9.9998 7.1900 -1.5227 0.3587
-24.9286 -1.7657 -1.9433 0.3452
-8.4152 3.2208 -1.8252 0.3664
14.3625 7.9039 -1.4890 0.3832
2.3024 5.0625 -1.5804 0.3696
-16.2616 -7.3848 -1.7280 0.3155
-24.9209 -4.1498 -1.9459 0.3522
-8.7736 0.7128 -1.8316 0.3531
7.9436 -4.7146 -1.5322 0.3748
7.0727 0.1185 -1.6829 0.3390
-17.1357 9.0566 -1.7329 0.3292
11.8218 -0.9367 -1.6440 0.3667
34.9355 -4.7666 -1.3244 0.3496
10.0920 -7.0684 -1.5216 0.3375
6.6583 8.0219 -1.5510 0.3448
12.3580 -5.4041 -1.4986 0.3218
27.7803 -6.1276 -1.3782 0.3534
31.7600 1.0227 -1.5075 0.3439
-22.5380 -0.7658 -1.9275 0.3607
-12.7004 -2.2867 -1.8611 0.3459
-18.0542 1.5730 -1.8991 0.3507
21.3412 1.3881 -1.5799 0.3409
-22.2662 -8.6319 -1.7794 0.3449
29.1581 -1.7016 -1.5270 0.3274
-23.7667 4.4197 -1.7879 0.3706
11.1528 -2.3664 -1.6509 0.3492
-8.4654 9.9532 -1.6586 0.3102
3.2338 -5.2923 -1.5728 0.3183
1.5132 -0.0727 -1.7352 0.3708
19.9336 3.4786 -1.5894 0.3491
4.7985 0.9573 -1.7039 0.3496
0.2732 -9.2185 -1.5981 0.3499
18.8166 0.2733 -1.5957 0.3597
30.5484 9.3285 -1.3474 0.3806
22.6353 -1.8667 -1.5716 0.3589
19.2030 -7.6764 -1.4474 0.3561
4.2633 -9.5748 -1.5711 0.3386
29.0129 -1.7547 -1.5281 0.3191
4.1788 -6.2941 -1.5666 0.3595
30.8171 6.6940 -1.3522 0.3611
23.1753 9.0451 -1.4121 0.3720
-15.9844 8.8106 -1.7231 0.3842
-22.1805 -2.5094 -1.9257 0.3268
19.4513 -0.9049 -1.5918 0.3377
16.1504 -3.6984 -1.6160 0.3634
11.1253 -7.4190 -1.5143 0.3500
33.5744 1.1808 -1.4923 0.3789
7.7242 -6.2759 -1.5382 0.3461
-4.1260 -8.8118 -1.6289 0.3900
8.8980 6.9887 -1.5309 0.3511
-23.2953 5.9703 -1.7860 0.3826
9.7559 8.5256 -1.5283 0.3019
29.1458 -3.4519 -1.5242 0.3597
-24.7402 7.4144 -1.7997 0.3505
25.7182 -2.0310 -1.5511 0.3081
23.1157 -8.5444 -1.4130 0.3497
-18.6338 -0.8432 -1.9031 0.3252
25.8098 1.0757 -1.5512 0.3396
20.8127 -1.3581 -1.5833 0.3561
4.4628 5.7087 -1.5632 0.3475
-10.2872 -2.9634 -1.8411 0.3571
-7.7140 8.4212 -1.6561 0.3531
11.7365 -8.5167 -1.5124 0.3971
-10.2218 4.4081 -1.6872 0.3552
-5.4787 8.5796 -1.6391 0.3523
30.8503 1.0632 -1.5147 0.3584
18.7597 7.5736 -1.4511 0.3495
19.1644 3.8366 -1.5949 0.3183
32.3562 -9.7094 -1.3322 0.3638
-24.6524 3.4249 -1.9431 0.3758
-10.3308 3.1312 -1.8412 0.3811
14.4784 -9.9995 -1.4921 0.3638
1.2963 -1.8168 -1.7375 0.3446
-18.2317 -9.2240 -1.7427 0.3553
21.8740 -4.1400 -1.5759 0.3857
-22.1756 9.7316 -1.7791 0.3455
7.6311 8.8057 -1.5454 0.3261
8.7479 3.6972 -1.6730 0.3942
13.1577 -2.6630 -1.6361 0.3296
-6.0624 -2.0710 -1.8067 0.3186
-23.5839 -9.2357 -1.7918 0.3564
28.3390 -3.2343 -1.5307 0.3582
30.7523 5.6877 -1.3558 0.3592
3.9193 0.3871 -1.7120 0.3676
-23.7616 -0.4664 -1.9352 0.3468
9.8523 -8.1780 -1.5266 0.3471
-6.0442 8.3800 -1.6436 0.3385
-14.0509 -4.3385 -1.7172 0.3527
-14.8628 -2.3419 -1.8768 0.3608
-14.2447 -3.3858 -1.8707 0.3681
-5.1495 -3.4253 -1.7967 0.3320
-8.1628 1.9865 -1.8252 0.3251
25.1855 2.5406 -1.5543 0.3677
4.7189 1.9712 -1.7054 0.3394
0.6588 -8.6300 -1.5954 0.3303
-16.2500 9.3907 -1.7246 0.3130
27.5534 4.2798 -1.5344 0.3781
-21.7107 7.6546 -1.7741 0.3555
-10.6281 -6.8066 -1.6835 0.3609
12.2883 8.6422 -1.5081 0.3587
17.1387 4.4336 -1.4600 0.3543
23.0694 0.0143 -1.5692 0.3495
-0.3825 -9.5373 -1.6026 0.3486
-4.1956 -4.9363 -1.6359 0.3305
-7.6869 6.7748 -1.6602 0.3147
9.0857 -2.4164 -1.6677 0.3949
-4.0819 3.5655 -1.7870 0.3508
-5.3143 4.6159 -1.6460 0.3412
-23.9865 5.5130 -1.7909 0.3340
31.8990 -2.3530 -1.5048 0.3710
-21.3643 8.1967 -1.7713 0.3529
-8.7477 -4.1560 -1.8259 0.3327
30.2852 6.7213 -1.3564 0.3439
19.1209 -1.5053 -1.5940 0.3562
9.6884 -5.3154 -1.5196 0.3423
14.6488 -3.1310 -1.6259 0.3663
-19.1764 5.9913 -1.7536 0.3925
23.5188 2.2974 -1.5656 0.3416
-9.9936 -7.2664 -1.6770 0.3443
32.3728 -7.5207 -1.3374 0.3334
-11.1175 3.7440 -1.8460 0.3469
12.5219 -5.2102 -1.4968 0.3108
7.7195 -5.8268 -1.5370 0.3720
-16.4138 4.9900 -1.7337 0.3233
-3.2244 -3.5469 -1.7793 0.3339
21.8776 -8.6339 -1.4241 0.3517
-12.2447 -1.5033 -1.9318 0.3775
32.7714 1.3836 -1.4989 0.3329
-7.2710 2.0298 -1.8175 0.3463
12.6033 -8.8299 -1.5059 0.3559
12.1320 -0.9288 -1.6416 0.3366
3.2467 -2.8088 -1.7197 0.3476
14.3216 -1.0213 -1.6257 0.3182
19.6146 -9.1661 -1.4447 0.3394
12.1402 -4.0879 -1.6468 0.3746
8.5997 2.8692 -1.6725 0.3663
11.3976 -7.4817 -1.5123 0.3411
-0.8826 9.1844 -1.6060 0.3297
-20.7476 9.8782 -1.7657 0.3458
-15.4181 -2.7912 -1.8801 0.3207
11.4022 3.6191 -1.6514 0.3461
30.6304 2.7069 -1.5142 0.3418
-23.4556 -6.6567 -1.7881 0.3411
7.6421 -2.2361 -1.6796 0.3472
-9.8763 9.6129 -1.6702 0.3607
8.7044 -7.4465 -1.5337 0.3292
19.9794 1.5035 -1.5886 0.3692
19.1272 1.9836 -1.5941 0.3725
18.4931 -6.6495 -1.4524 0.3940
21.7354 0.7050 -1.5775 0.3559
-20.6434 8.3492 -1.7649 0.3795
5.5747 -7.6869 -1.5585 0.3695
-9.2933 -6.2051 -1.6746 0.3538
30.2762 -4.8874 -1.3618 0.3257
21.9728 5.0196 -1.4248 0.3679
-18.5473 1.5450 -1.9023 0.3548
-10.4052 0.0709 -1.8452 0.3857
2.3132 5.8413 -1.5810 0.3648
32.7745 9.5653 -1.3292 0.3711
-18.4196 -6.0808 -1.7476 0.3384
9.0783 6.2410 -1.5272 0.3549
-4.5227 -2.5982 -1.7922 0.3115
13.7804 -7.0802 -1.4918 0.3611
13.9224 -4.8696 -1.4850 0.3744
-10.5645 -2.0141 -1.8450 0.3778
22.1486 7.9832 -1.4219 0.3429
-19.5243 -0.4318 -1.9087 0.3137
24.0883 2.2861 -1.5619 0.3392
-12.2820 -9.3353 -1.6903 0.3484
10.3748 -8.7199 -1.5239 0.3582
-4.1614 8.7667 -1.6292 0.3094
11.5868 6.7664 -1.5087 0.3479
-8.9549 -0.2072 -1.8333 0.3293
9.1378 -5.9920 -1.5260 0.3789
-24.5081 -9.1965 -1.8001 0.3033
-2.5327 9.5070 -1.6171 0.3703
24.5834 -9.8866 -1.3984 0.3468
2.7804 -5.2470 -1.5765 0.3091
4.9557 3.6781 -1.7054 0.3835
12.2946 8.7580 -1.5083 0.3770
1.0526 -7.6588 -1.5922 0.3750
27.0246 5.4778 -1.3857 0.3519
-0.8005 -3.3646 -1.7574 0.3366
31.5531 3.5944 -1.5050 0.3513
27.6163 -8.0673 -1.3747 0.3609
0.2653 7.2963 -1.5980 0.3392
-3.0519 4.1445 -1.7771 0.3328
15.5977 9.1120 -1.4808 0.3599
20.3184 0.0484 -1.5863 0.3539
-13.8483 7.7538 -1.7070 0.3685
-10.5373 0.8080 -1.8461 0.3805
-16.2248 0.2558 -1.8876 0.3671
20.6415 -8.1078 -1.4351 0.3270
17.8641 6.2834 -1.4571 0.3497
-13.6568 -1.7559 -1.8689 0.3577
7.2125 2.0005 -1.6830 0.3662
20.8544 3.0138 -1.5830 0.3672
31.8217 5.4962 -1.3478 0.3488
-14.2886 1.5069 -1.8737 0.3402
-6.7402 2.3982 -1.8123 0.3702
-4.0996 0.4151 -1.7897 0.3576
12.4986 2.2790 -1.6404 0.3556
-16.8149 -1.1154 -1.8912 0.3359
-13.3943 5.5282 -1.7092 0.3920
21.8262 6.2101 -1.4254 0.3550
7.5232 0.3422 -1.6790 0.3483
-15.3768 -7.0674 -1.7213 0.3550
-1.6940 -2.5300 -1.7660 0.3474
-16.9303 6.7988 -1.7346 0.3242
-3.2386 8.3350 -1.6232 0.3560
-0.9880 -4.6589 -1.6086 0.3210
-18.2734 8.8221 -1.7434 0.3521
-21.4100 -4.4657 -1.7709 0.3181
27.8961 8.3775 -1.3716 0.3069
28.2589 8.7087 -1.3678 0.3623
-24.8453 0.0966 -1.9421 0.3279
13.4722 9.0110 -1.4990 0.3587
-19.3793 0.9854 -1.9077 0.3534
23.6085 -2.4222 -1.5650 0.3529
27.7737 6.2032 -1.3780 0.3375
11.9969 -7.8296 -1.5084 0.3474
11.7893 -5.6669 -1.5039 0.3369
-2.7111 -5.7350 -1.6223 0.3689
-10.0319 2.4415 -1.8401 0.3403
4.9562 4.1775 -1.7063 0.3450
-16.9770 6.7485 -1.7350 0.3649
15.3335 7.9972 -1.4811 0.3376
3.2052 7.5010 -1.5760 0.3142
-14.3439 3.6399 -1.8709 0.3288
10.2989 8.2965 -1.5234 0.3711
22.7197 -4.4891 -1.4196 0.3517
10.3280 4.5055 -1.5122 0.3558
6.7797 -8.4667 -1.5511 0.3559
25.8630 -7.4954 -1.3907 0.3858
-24.3547 -5.4776 -1.7937 0.3085
12.0049 -7.9465 -1.5087 0.3474
-0.4185 9.3133 -1.6028 0.3506
-13.3860 -0.6751 -1.8678 0.3496
33.7747 8.1341 -1.3248 0.3660
-0.7712 -0.4674 -1.7575 0.3665
-4.8842 3.9935 -1.7934 0.3457
-14.8595 -3.5657 -1.8748 0.3162
34.8660 9.0133 -1.3145 0.4002
26.3631 -9.3021 -1.3831 0.3499
-20.8017 3.9481 -1.9166 0.3517
8.9452 9.0076 -1.5358 0.3752
-16.1559 5.7630 -1.7303 0.3421
17.9469 6.5519 -1.4568 0.3758
4.0450 -4.0167 -1.7140 0.3439
-18.3767 -0.9630 -1.9014 0.3866
8.4223 -7.2764 -1.5354 0.3591
29.6405 -2.4719 -1.5223 0.3365
-4.5283 -9.8313 -1.6304 0.3936
-21.9517 5.5754 -1.7753 0.3620
31.7124 9.0602 -1.3386 0.3378
-16.4920 4.0170 -1.8859 0.3219
3.5031 6.2060 -1.5719 0.3640
7.6806 0.2694 -1.6776 0.3777
-10.7748 -6.1666 -1.6865 0.3577
-14.3549 4.4163 -1.7193 0.3566
-18.2117 -4.0143 -1.8983 0.3812
-20.8027 -0.8095 -1.9167 0.3620
5.4876 8.0134 -1.5598 0.3368
25.5212 -2.5413 -1.5520 0.3377
-17.3945 -4.2126 -1.8922 0.3611
17.0371 -9.3661 -1.4683 0.3600
-0.2428 4.0291 -1.7522 0.3718
-22.8865 -5.6956 -1.7826 0.3574
7.1583 2.7883 -1.6846 0.3636
-9.8795 -2.6679 -1.8384 0.3570
11.3152 5.7535 -1.5079 0.3693
-4.0406 7.7979 -1.6298 0.3649
14.9871 -5.2859 -1.4778 0.3448
30.1102 5.8462 -1.3604 0.3462
-10.3273 -6.9437 -1.6806 0.3565
31.3904 -7.1815 -1.3462 0.3522
-12.7415 -1.4311 -1.8625 0.3763
-20.7583 -3.5098 -1.9163 0.3542
-13.4379 9.7432 -1.6993 0.3215
23.8950 6.0796 -1.4091 0.3264
15.6534 7.8047 -1.4779 0.3452
33.2500 -7.2800 -1.3312 0.3644
17.5896 4.2792 -1.6065 0.3355
-0.2421 2.0857 -1.7523 0.3630
28.5459 -8.0152 -1.3671 0.3347
32.4877 5.8733 -1.3413 0.3532
22.4993 7.0756 -1.4195 0.3583
8.3984 8.2819 -1.5383 0.3271
24.5459 8.7964 -1.4000 0.3579
-14.2573 -7.8438 -1.7102 0.3823
29.0210 7.6434 -1.3641 0.3460
34.9735 8.9072 -1.3139 0.3515
14.9084 3.8159 -1.6253 0.3551
-13.2467 -6.3230 -1.7059 0.3518
-16.3338 -1.9832 -1.8874 0.3505
32.5649 -8.1978 -1.3340 0.3489
27.2812 -9.9151 -1.3741 0.3187
19.9207 8.4012 -1.4416 0.3591
31.9472 9.4468 -1.3359 0.3285
5.2042 8.3859 -1.5626 0.3575
28.2648 -4.9207 -1.3775 0.3640
-15.2308 2.4222 -1.8793 0.3581
-14.0314 -0.0060 -1.8726 0.3323
5.7406 -0.0790 -1.6950 0.3563
-5.0494 -1.4333 -1.7981 0.3457
0.9512 8.8236 -1.5934 0.3382
22.8918 5.8178 -1.4173 0.3913
-21.7956 6.9374 -1.7746 0.3320
18.2506 -9.3078 -1.4572 0.3599
-19.7062 -1.7610 -1.9097 0.3805
25.8501 1.9596 -1.5503 0.3577
-12.8860 3.1744 -1.8610 0.3377
19.0963 7.8976 -1.4485 0.3390
10.5128 -6.6599 -1.5170 0.3221
-1.8627 -8.1993 -1.6134 0.3519
-8.9478 7.8640 -1.6671 0.3526
-21.5524 0.1324 -1.9213 0.3450
-3.7972 0.7843 -1.7867 0.3785
-12.9683 7.8000 -1.6996 0.3493
-16.8452 4.9962 -1.7370 0.3190
19.3099 4.6151 -1.4443 0.3803
-12.2491 -6.2794 -1.6980 0.3270
-11.6105 2.4282 -1.8526 0.3610
-4.5711 -0.9986 -1.7939 0.3636
2.7592 2.2208 -1.7238 0.3492
5.8228 1.5135 -1.6949 0.3695
14.8728 -9.4744 -1.4878 0.3524
10.3113 -3.1225 -1.6590 0.3437
3.9010 -0.8439 -1.7123 0.3092
-1.3636 0.0044 -1.7633 0.3162
-9.0528 -8.0106 -1.6675 0.4059
17.5966 7.9708 -1.4616 0.3656
-5.9499 -3.3137 -1.8039 0.3760
25.9749 -0.2116 -1.5504 0.4012
10.1697 3.2745 -1.6605 0.3437
13.0367 4.3816 -1.4906 0.3481
5.5274 -2.4394 -1.6985 0.3180
30.7134 -7.4177 -1.3510 0.3452
0.2957 -5.8536 -1.5976 0.3447
0.6181 -6.6990 -1.5952 0.3432
28.5809 -5.1172 -1.3745 0.3720
11.2944 2.0729 -1.6493 0.3653
1.9489 0.7152 -1.7310 0.3694
-9.2709 -6.6274 -1.6732 0.3266
-10.2973 3.6303 -1.8398 0.3516
23.0861 -8.7259 -1.4131 0.3578
-8.2320 8.1921 -1.6607 0.3883
-24.6557 1.3238 -1.9412 0.3533
-23.8324 1.8083 -1.9361 0.3477
33.7042 -4.2821 -1.4858 0.3727
8.5903 0.2327 -1.6698 0.3458
4.3415 -1.4749 -1.7085 0.3604
30.0726 9.0149 -1.3520 0.3598
-3.8988 -8.4756 -1.6277 0.3406
22.6999 -0.8253 -1.6311 0.3371
18.3086 5.8303 -1.4530 0.3494
3.6258 0.8915 -1.7149 0.3413
21.4779 1.3044 -1.5791 0.3200
32.9467 8.2243 -1.3310 0.3644
-12.9636 -2.4861 -1.8628 0.3614
-23.9494 -9.9587 -1.7958 0.3351
24.2873 8.5134 -1.4026 0.3332
-0.7848 -9.3388 -1.6053 0.3598
7.6641 5.9481 -1.5378 0.3850
-11.6523 -7.2081 -1.6905 0.3704
25.5073 -9.5863 -1.3904 0.3740
18.2724 -2.9066 -1.6003 0.3439
32.2020 7.2811 -1.3394 0.3583
3.5151 -9.2612 -1.5760 0.3474
33.5939 -4.7464 -1.3355 0.3355
5.6513 -4.4190 -1.5507 0.3539
12.2853 -8.1039 -1.5068 0.3326
15.4476 -8.1488 -1.4804 0.3351
4.3863 8.1636 -1.5682 0.3411
8.7668 3.9059 -1.6734 0.3432
-11.6016 -3.7772 -1.8497 0.3494
-3.2582 -5.2336 -1.6275 0.3087
17.1196 -9.1424 -1.4673 0.3314
-22.6607 -2.8243 -1.9290 0.3814
17.0248 -3.9773 -1.6102 0.3498
-6.7735 8.3416 -1.6492 0.3612
-8.6898 -5.5898 -1.6715 0.3583
16.6093 -1.8971 -1.6107 0.3478
-12.1033 3.6403 -1.8540 0.3323
32.7010 -3.5764 -1.4958 0.3390
34.4407 5.6357 -1.3262 0.3892
2.4860 4.5251 -1.5783 0.3393
-0.9149 -9.2906 -1.6062 0.3844
-20.2578 7.1166 -1.7618 0.3417
21.6931 -2.7220 -1.5775 0.3436
-15.2366 -8.0829 -1.7180 0.3515
30.9829 3.9669 -1.5087 0.3465
34.4356 4.9429 -1.3281 0.3312
-17.6554 -8.5798 -1.7382 0.3497
15.9804 -2.9216 -1.6161 0.3206
2.9595 7.9096 -1.5784 0.3573
7.4688 3.3888 -1.6831 0.3545
-14.2255 0.6784 -1.8738 0.3646
18.4113 0.0823 -1.5983 0.3401
-15.0032 2.1683 -1.8780 0.3648
28.1180 3.0604 -1.5327 0.3586
2.2385 -8.6233 -1.5843 0.3526
13.0921 -3.3170 -1.6378 0.3895
30.3075 0.5330 -1.5193 0.3594
19.2764 4.6068 -1.4446 0.3407
7.4509 4.8555 -1.5366 0.3807
-0.8393 2.1102 -1.7580 0.3602
2.7281 1.7305 -1.7238 0.3856
-4.4996 -2.6450 -1.7919 0.3129
31.7710 6.6940 -1.3446 0.3440
-9.8285 8.3280 -1.6728 0.3440
-0.4392 6.9263 -1.6034 0.3122
21.6934 7.4384 -1.4261 0.3533
-3.1395 8.1762 -1.6226 0.3426
28.1967 -5.9587 -1.3753 0.3100
-10.4156 0.2775 -1.8453 0.3347
-23.1193 0.6908 -1.9312 0.3777
12.7251 -0.2915 -1.6369 0.3682
5.4952 6.9698 -1.5575 0.3358
30.9835 -3.4992 -1.5098 0.3352
0.3879 -6.7737 -1.5970 0.3672
-16.8646 -4.5140 -1.7379 0.3107
-5.2153 -7.1374 -1.6399 0.3619
-1.4073 -1.9042 -1.7635 0.3134
9.9879 -7.6638 -1.5241 0.3828
-8.5300 -8.2485 -1.6628 0.3632
8.0188 -0.9799 -1.6750 0.3131
29.4828 2.0228 -1.5242 0.3424
0.4238 2.1528 -1.7460 0.3563
14.0942 -8.1543 -1.4919 0.3103
-11.2661 9.4315 -1.6817 0.3491
23.0796 -7.5651 -1.4142 0.3596
-8.8198 3.2093 -1.8286 0.3086
9.7882 7.7728 -1.5260 0.3649
-6.9852 7.6953 -1.6523 0.3475
-20.9559 0.2426 -1.9176 0.3683
-5.8202 -4.4509 -1.6506 0.3453
-12.2782 6.5574 -1.6974 0.3289
28.5604 2.2518 -1.5307 0.3269
-9.0303 5.8209 -1.6736 0.3438
33.4654 -2.0002 -1.4923 0.3462
4.5407 8.2686 -1.5673 0.3713
-11.7361 8.5919 -1.6875 0.3444
-1.5194 4.7469 -1.6132 0.3188
-13.9941 8.8513 -1.7057 0.3408
25.0210 -0.9300 -1.5565 0.3195
-17.8018 -6.1107 -1.7426 0.3570
27.4117 3.1181 -1.5377 0.3616
-22.2450 3.0673 -1.9263 0.3650
-7.0235 -0.1736 -1.8166 0.3439
-16.6068 -4.7876 -1.7355 0.3360
16.1159 2.4869 -1.6146 0.3398
5.7393 -6.3844 -1.5543 0.3482
31.3604 5.0660 -1.3527 0.3398
-3.0292 8.1362 -1.6219 0.3822
-22.5551 -6.6676 -1.7807 0.3427
20.6995 6.4054 -1.4344 0.3480
9.7700 -6.0306 -1.5211 0.3350
24.6461 0.0085 -1.5592 0.3354
0.5683 8.5849 -1.5960 0.3245
19.2909 -8.3458 -1.4471 0.3294
-14.7361 -8.2047 -1.7134 0.3874
34.9716 9.1745 -1.3134 0.3609
-14.5812 -6.8230 -1.7153 0.3432
24.7880 -3.1590 -1.5563 0.3369
-12.2537 -0.8201 -1.8594 0.3747
21.9505 -9.8661 -1.4230 0.3333
26.6751 -6.2384 -1.3867 0.3159
27.5985 6.5681 -1.3785 0.3595
3.5431 0.3771 -1.7156 0.3315
0.7288 -2.1220 -1.7430 0.3243
25.0275 3.6394 -1.5540 0.3282
9.7694 -3.5046 -1.6642 0.3583
12.2766 -1.2292 -1.6408 0.3479
-10.8360 9.8745 -1.6773 0.3303
1.7694 5.4857 -1.5852 0.3594
-2.8331 1.0795 -1.7774 0.3334
14.9193 0.5349 -1.6213 0.3173
-13.2110 6.8854 -1.7040 0.3238
-0.6549 2.0173 -1.7563 0.3504
25.9239 -3.2144 -1.5483 0.3343
7.7867 -1.6442 -1.6776 0.3521
28.7626 -6.3322 -1.3698 0.3722
-11.0484 9.1904 -1.6804 0.3374
1.3942 3.0441 -1.7370 0.4033
5.0250 -2.0286 -1.7026 0.3555
-0.9660 -2.8022 -1.7591 0.3465
16.0696 8.1398 -1.4750 0.3233
-16.0768 -2.7937 -1.8847 0.3430
6.1640 5.1273 -1.5480 0.3450
-16.6737 6.7085 -1.7326 0.3652
12.7518 8.1960 -1.5032 0.3381
24.8149 -2.5390 -1.5568 0.3586
-23.8002 5.3065 -1.7892 0.3508
2.4162 -3.4624 -1.7279 0.3695
4.5622 8.8804 -1.5681 0.3711
18.2153 -9.7768 -1.4579 0.3567
-20.5168 1.4038 -1.9149 0.3653
-0.6388 0.1990 -1.7563 0.3725
22.1289 7.5524 -1.4223 0.3607
6.9287 -5.6738 -1.5430 0.3556
19.9908 -8.2542 -1.4409 0.3582
-3.1594 6.9288 -1.6244 0.3822
30.2053 -2.9980 -1.5170 0.3523
-20.3593 -3.5016 -1.9135 0.3646
-19.5301 -7.8938 -1.7553 0.3365
6.7092 8.4012 -1.5514 0.3800
3.2494 2.6592 -1.7196 0.3590
13.3081 3.8437 -1.6373 0.3431
-11.2566 7.9588 -1.6852 0.3486
-11.4383 6.8771 -1.6897 0.3456
19.9466 -0.9637 -1.5887 0.3501
-7.4941 -6.8046 -1.6585 0.3542
18.6375 3.4463 -1.5982 0.3461
13.4424 3.0143 -1.6346 0.3182
-20.0004 -9.0584 -1.7589 0.3855
17.6678 7.9880 -1.4610 0.3553
27.7709 -3.2952 -1.5348 0.3554
23.9988 -1.4244 -1.5630 0.3490
-24.4683 0.2756 -1.9397 0.3682
7.3828 8.2404 -1.5460 0.3510
29.8002 -6.5902 -1.3607 0.3438
10.9235 -2.6262 -1.6531 0.3451
-7.5804 0.0268 -1.8215 0.3750
-13.3273 9.8380 -1.6981 0.3540
16.0969 -1.2050 -1.6136 0.3493
21.2752 -2.0292 -1.5803 0.3413
29.7551 8.7005 -1.3554 0.3436
29.3430 3.2299 -1.5232 0.3716
-4.6432 -6.7285 -1.6363 0.3317
11.2326 -6.4840 -1.5107 0.3634
-18.9088 2.8891 -1.9040 0.3641
-19.3322 -0.6589 -1.9075 0.3543
-20.7119 -9.8206 -1.7654 0.3462
30.6287 -1.0282 -1.5165 0.3204
-15.8541 8.7939 -1.7220 0.3633
3.9396 4.9476 -1.5663 0.3181
0.9843 1.1721 -1.7404 0.3533
-5.5137 -6.0961 -1.6445 0.3510
7.2638 -3.2872 -1.6846 0.3654
-24.8325 9.9328 -1.8039 0.3321
-2.1910 3.1811 -1.7702 0.3311
3.7606 -4.4742 -1.5671 0.3607
23.1983 4.7598 -1.4159 0.3466
17.0578 -8.1727 -1.4665 0.3097
25.9857 -2.5884 -1.5487 0.3499
-2.4221 -5.4174 -1.6203 0.3862
-16.5457 7.9202 -1.7294 0.3610
-0.9366 4.7029 -1.6081 0.3263
32.7836 -0.0500 -1.4995 0.3594
-12.1403 -1.8440 -1.9781 0.3697
-14.5147 7.1717 -1.7139 0.3155
31.6602 -6.0914 -1.3473 0.3443
31.9954 -8.5047 -1.3377 0.3760
-16.0458 7.0354 -1.7269 0.3195
21.1672 7.1299 -1.4306 0.3444
0.7846 -5.1385 -1.5933 0.3457
4.5329 -6.0943 -1.5634 0.3417
4.9213 4.4261 -1.5570 0.3775
33.1023 -7.1323 -1.3327 0.3744
-13.9203 2.4390 -1.8699 0.3440
21.3838 4.0247 -1.5794 0.3297
-24.6596 2.4396 -1.9421 0.3755
12.7166 -1.4614 -1.6377 0.3655
14.1607 6.3236 -1.4868 0.3497
20.2224 8.5997 -1.4389 0.3631
30.5577 4.1142 -1.5117 0.3630
20.2301 -1.6210 -1.5870 0.3325
18.9286 9.9140 -1.4514 0.3381
-9.7727 -1.0117 -1.8397 0.3501
34.5704 -7.6747 -1.3198 0.3113
3.1045 -6.3484 -1.5753 0.3431
0.0470 -3.0411 -1.7496 0.3342
5.1127 -6.5777 -1.5597 0.3534
-1.3566 5.5658 -1.6113 0.3275
10.6183 -9.7179 -1.5241 0.3586
-4.0225 -1.8823 -1.7882 0.3545
-10.6033 7.5641 -1.6810 0.3480
30.6797 -7.6453 -1.3506 0.3594
30.6697 1.5217 -1.5157 0.3618
4.7747 8.6770 -1.5662 0.3452
32.7288 -8.5681 -1.3318 0.3507
-0.0570 -3.0055 -1.7505 0.3364
-1.7573 -9.2468 -1.6119 0.3362
30.0144 3.6439 -1.5171 0.3816
12.9750 -1.6500 -1.6360 0.3460
20.7510 8.9464 -1.4342 0.3498
-0.2354 3.8258 -1.7521 0.3485
-0.5799 2.0388 -1.7555 0.3574
-20.0018 8.2064 -1.7592 0.3391
33.0046 -7.4068 -1.3327 0.3410
-11.3225 5.6689 -1.6924 0.3687
4.6560 4.5961 -1.5596 0.3203
-18.1234 3.4650 -1.8982 0.3537
13.8172 2.7615 -1.6314 0.3336
-1.5475 -7.5125 -1.6115 0.3098
21.0597 6.2809 -1.4315 0.3484
6.7027 2.7031 -1.6885 0.3269
-17.2312 5.4295 -1.7392 0.3233
-24.3556 7.5218 -1.7966 0.4019
-12.2531 0.8485 -1.8593 0.3608
18.4608 9.1377 -1.4552 0.3613
24.7108 -7.8160 -1.3999 0.3489
-4.5199 -9.9192 -1.6302 0.3261
7.1555 -3.4011 -1.6858 0.3467
-10.5992 -5.6690 -1.6866 0.3429
27.8266 1.0722 -1.5373 0.3115
32.9124 -4.3941 -1.3420 0.3858
20.1764 3.7628 -1.5878 0.3482
-19.6668 8.9066 -1.7559 0.3333
1.2271 5.3851 -1.5897 0.3525
34.4303 -1.5950 -1.4845 0.3224
-11.2369 9.7101 -1.6809 0.3312
15.2283 5.4236 -1.4762 0.3807
31.3138 6.2176 -1.3497 0.3396
21.3922 -5.9050 -1.4289 0.3496
11.5316 3.7380 -1.6507 0.3521
5.4023 -8.5873 -1.5615 0.3465
30.7289 -5.2938 -1.3571 0.3392
-1.3160 -9.6712 -1.6088 0.3954
29.0761 4.1047 -1.5232 0.3352
0.8632 -9.5811 -1.5942 0.3321
20.3927 -1.0165 -1.5859 0.3598
29.9428 2.9773 -1.5191 0.3243
8.0386 -3.9001 -1.6794 0.3704
-6.4072 -2.6544 -1.8090 0.3460
-21.9408 7.3632 -1.7760 0.3526
23.5556 8.0283 -1.4096 0.3559
12.3206 7.1740 -1.5040 0.3432
-9.2173 4.9987 -1.6775 0.3683
27.6447 -4.4494 -1.3833 0.3630
30.2182 -8.5065 -1.3520 0.3603
28.2300 -0.2261 -1.5348 0.3197
11.0911 8.4879 -1.5175 0.3430
33.5949 -5.5325 -1.3334 0.3478
27.4883 -5.8090 -1.3813 0.3848
-18.7444 5.5930 -1.7506 0.3217
33.8664 1.8398 -1.4891 0.3372
7.9284 -1.9140 -1.6767 0.3716
30.2022 7.2534 -1.3555 0.3312
20.6205 1.6506 -1.5845 0.3368
13.8540 8.4054 -1.4945 0.3835
-5.3997 -2.6370 -1.8001 0.3573
-23.3782 -1.1185 -1.9329 0.3672
-8.3958 -8.5139 -1.6611 0.3645
16.1492 -2.6462 -1.6146 0.3523
26.7869 -6.4057 -1.3854 0.3518
-24.8592 -9.3434 -1.8035 0.3677
-12.5216 -4.8848 -1.7041 0.3331
15.3841 -0.1875 -1.6180 0.3847
-7.9819 -5.0528 -1.6672 0.3393
-16.4978 -7.8182 -1.7292 0.3705
-20.0838 -0.9693 -1.9122 0.3601
13.2727 -7.0431 -1.4959 0.3391
10.6916 -8.2801 -1.5202 0.3597
26.5168 9.2037 -1.3819 0.3525
-6.1097 -0.4809 -1.8083 0.3147
12.9421 -1.7798 -1.5646 0.8500
12.6438 -2.6958 -0.5844 0.8500
12.4749 -3.3333 -0.8176 0.8500
14.6573 -2.3064 -1.3635 0.8500
15.6106 -2.2701 -1.4520 0.8500
16.1466 -2.2881 -0.5680 0.8500
12.7461 -2.8672 -1.0743 0.8500
14.7666 -3.3570 -1.4931 0.8500
12.1446 -3.3421 -0.6269 0.8500
12.8518 -1.9979 -1.1927 0.8500
15.5285 -2.4440 -1.1800 0.8500
15.9427 -2.9119 -1.4851 0.8500
16.0709 -1.7538 -1.0084 0.8500
13.8437 -1.8082 -0.3216 0.8500
15.0376 -1.9309 -0.3957 0.8500
13.4242 -2.2807 -1.1365 0.8500
14.8844 -2.2930 -1.1705 0.8500
12.4696 -2.4446 -0.3871 0.8500
12.3373 -3.0702 -0.5646 0.8500
16.1288 -2.0908 -1.3147 0.8500
13.1707 -2.4627 -0.3424 0.8500
15.7475 -2.4172 -0.3232 0.8500
11.9000 -2.1608 -1.1234 0.8500
15.4585 -2.7304 -0.3500 0.8500
15.9214 -2.1321 -0.6709 0.8500
11.8684 -2.9533 -0.3741 0.8500
13.5128 -1.8421 -1.0604 0.8500
15.3564 -1.6251 -1.0426 0.8500
11.8197 -2.3347 -0.8961 0.8500
13.1414 -2.7131 -1.2310 0.8500
12.9362 -2.8810 -0.8477 0.8500
12.3884 -1.7931 -0.8872 0.8500
12.1871 -2.8119 -1.3367 0.8500
12.8955 -1.9347 -0.3462 0.8500
12.6798 -2.6646 -1.4536 0.8500
16.0874 -1.8165 -0.3648 0.8500
11.8973 -2.6227 -0.8470 0.8500
12.3699 -2.3597 -0.9251 0.8500
15.3514 -3.1792 -0.3981 0.8500
15.1550 -1.6440 -0.9655 0.8500
13.8603 -2.3866 -1.1759 0.8500
13.4952 -2.2852 -1.3789 0.8500
13.3239 -3.1742 -0.6370 0.8500
16.0833 -2.1570 -0.4337 0.8500
15.6148 -2.6324 -0.8857 0.8500
12.9517 -2.6383 -1.2045 0.8500
13.8290 -2.5481 -0.2828 0.8500
15.0822 -2.4353 -0.6948 0.8500
15.4292 -1.9537 -0.8372 0.8500
12.3367 -2.7845 -0.4910 0.8500
16.0056 -1.8147 -1.1323 0.8500
15.4052 -3.2005 -0.5692 0.8500
14.0156 -2.4450 -1.1090 0.8500
14.0027 -2.1795 -1.2387 0.8500
14.0312 -1.6533 -1.2742 0.8500
15.3895 -2.6833 -0.3630 0.8500
14.2044 -2.1787 -0.4723 0.8500
15.3752 -1.9846 -1.3085 0.8500
15.5996 -1.9014 -1.5017 0.8500
14.8909 -1.7495 -1.3836 0.8500
12.0063 -2.7774 -1.1694 0.8500
13.7705 -1.8836 -0.7462 0.8500
12.9248 -1.6776 -0.6684 0.8500
11.9913 -2.5551 -1.4405 0.8500
14.6538 -2.1558 -0.9635 0.8500
14.0565 -2.8186 -0.8706 0.8500
12.0689 -2.9386 -1.2371 0.8500
14.5359 -2.8997 -0.5783 0.8500
12.6362 -3.3074 -0.7667 0.8500
15.9239 -2.3588 -0.5768 0.8500
14.8674 -1.8488 -0.6221 0.8500
11.8165 -2.8832 -0.3443 0.8500
15.6342 -3.3429 -0.6577 0.8500
12.0863 -2.8904 -0.4798 0.8500
11.8511 -2.0104 -0.8868 0.8500
13.5390 -2.5943 -1.2679 0.8500
12.4851 -2.0192 -1.4728 0.8500
15.3987 -3.0094 -0.9148 0.8500
15.9566 -2.2445 -0.4823 0.8500
15.2470 -2.0842 -0.7833 0.8500
13.4201 -1.9434 -1.5639 0.8500
13.0854 -2.1687 -1.2651 0.8500
13.3076 -1.7606 -0.9825 0.8500
12.1809 -3.1732 -1.0369 0.8500
15.7758 -2.4088 -0.6238 0.8500
12.8738 -2.5904 -1.3540 0.8500
12.9008 -1.6013 -1.0823 0.8500
14.9499 -2.4112 -0.8496 0.8500
14.5180 -2.1665 -0.2228 0.8500
16.0189 -1.7457 -0.3047 0.8500
16.1176 -3.1435 -1.0656 0.8500
13.6360 -2.7893 -1.1323 0.8500
15.8521 -2.8180 -0.2704 0.8500
16.0026 -3.1895 -0.3938 0.8500
15.5669 -2.3920 -0.6057 0.8500
15.9031 -2.8482 -0.7297 0.8500
14.4400 -3.1027 -0.5796 0.8500
12.3030 -3.3606 -0.6064 0.8500
15.5821 -3.3549 -0.4286 0.8500
13.1532 -2.6966 -0.5870 0.8500
15.8706 -2.3003 -0.6897 0.8500
14.0847 -3.0174 -0.2885 0.8500
13.9547 -1.7618 -0.2830 0.8500
15.4578 -3.0217 -1.0164 0.8500
13.5084 -2.9132 -0.2021 0.8500
12.2674 -2.8525 -1.0496 0.8500
15.2484 -3.1160 -1.2514 0.8500
13.0787 -1.6016 -1.3097 0.8500
15.5220 -2.1095 -1.4335 0.8500
15.8296 -2.8593 -1.0891 0.8500
13.5244 -1.6483 -0.2447 0.8500
14.7498 -2.2574 -1.1457 0.8500
11.8775 -2.0152 -0.3126 0.8500
15.2937 -2.7813 -1.4499 0.8500
13.8212 -3.0099 -1.3950 0.8500
12.9632 -2.5903 -1.3717 0.8500
15.6512 -2.6499 -0.8307 0.8500
13.6009 -1.6278 -0.2114 0.8500
15.4230 -3.1388 -1.3144 0.8500
13.6505 -3.1567 -1.1327 0.8500
15.9778 -2.2819 -0.4053 0.8500
14.7498 -2.3886 -0.8563 0.8500
14.7357 -2.4168 -1.1172 0.8500
12.3446 -2.6583 -1.0082 0.8500
15.0891 -2.7500 -0.5709 0.8500
14.0891 -3.2432 -1.0927 0.8500
14.9608 -1.9735 -0.6727 0.8500
15.6168 -2.5963 -0.4787 0.8500
14.8940 -1.7849 -1.5204 0.8500
13.9962 -2.5079 -0.5502 0.8500
15.5491 -1.7736 -0.2780 0.8500
15.0479 -1.7368 -1.4875 0.8500
15.1649 -2.3934 -1.4856 0.8500
15.8107 -1.9646 -0.7384 0.8500
12.4077 -3.2129 -0.6530 0.8500
13.9957 -3.1890 -0.9528 0.8500
12.3452 -2.1395 -0.2902 0.8500
15.0984 -3.3085 -1.4227 0.8500
13.7008 -2.1194 -1.4341 0.8500
14.9695 -2.9848 -1.5856 0.8500
12.3357 -2.9774 -0.4491 0.8500
14.5289 -2.7516 -1.4738 0.8500
12.2965 -1.7360 -0.7553 0.8500
13.3539 -2.1209 -0.2985 0.8500
14.1570 -2.0473 -1.5263 0.8500
14.8431 -1.9905 -1.4357 0.8500
14.0048 -1.9031 -0.3805 0.8500
15.0153 -3.0934 -1.2114 0.8500
12.5650 -1.7047 -1.0087 0.8500
14.6246 -2.6854 -0.7876 0.8500
13.4974 -2.3889 -0.5968 0.8500
12.4786 -1.9415 -1.3425 0.8500
15.5549 -1.8654 -0.3768 0.8500
16.0939 -2.4890 -0.5162 0.8500
12.8542 -2.4195 -1.4732 0.8500
12.4932 -2.6627 -1.4485 0.8500
15.1637 -3.3109 -0.6099 0.8500
16.1588 -2.2343 -0.9382 0.8500
13.6417 -2.1810 -0.9665 0.8500
15.2800 -2.5486 -1.2954 0.8500
12.4475 -3.3134 -0.6027 0.8500
12.8035 -2.3815 -1.4403 0.8500
12.4200 -3.2145 -1.0774 0.8500
14.7310 -2.5827 -0.5889 0.8500
14.3850 -1.9628 -0.2271 0.8500
14.7123 -2.9914 -1.3027 0.8500
12.5431 -1.7460 -0.7097 0.8500
12.1574 -2.1251 -1.5102 0.8500
14.1495 -2.9365 -1.2262 0.8500
14.1311 -2.9864 -1.4649 0.8500
13.6550 -3.2657 -0.4370 0.8500
14.8050 -1.8270 -1.0147 0.8500
13.6426 -3.2866 -0.3520 0.8500
15.5685 -2.2727 -1.5437 0.8500
15.2219 -2.0474 -0.6223 0.8500
13.2774 -2.9408 -0.8798 0.8500
15.7345 -2.7153 -0.6291 0.8500
13.9650 -2.8711 -0.2465 0.8500
13.8434 -1.9569 -0.2382 0.8500
14.9724 -1.6083 -0.4370 0.8500
16.0077 -1.6529 -1.3051 0.8500
11.9465 -3.2749 -0.5369 0.8500
12.5710 -2.1799 -0.2598 0.8500
15.3433 -2.3471 -1.1152 0.8500
13.7438 -1.7259 -1.1109 0.8500
15.5782 -2.3597 -0.9309 0.8500
13.3464 -2.5766 -0.6269 0.8500
16.0923 -2.5919 -1.2531 0.8500
12.7502 -1.8635 -1.3786 0.8500
15.9752 -2.1902 -1.1989 0.8500
15.2748 -3.2667 -0.6962 0.8500
16.0861 -1.7197 -1.5411 0.8500
12.5118 -2.1783 -0.3014 0.8500
13.3544 -3.1209 -0.8194 0.8500
12.6694 -2.5552 -1.4513 0.8500
15.4509 -2.9488 -0.5876 0.8500
12.9806 -2.3355 -1.1986 0.8500
14.1135 -2.3988 -0.5268 0.8500
12.6503 -1.6535 -0.3677 0.8500
14.9126 -3.3007 -0.8948 0.8500
15.0693 -2.5894 -1.3416 0.8500
12.3066 -3.0708 -0.9385 0.8500
14.8179 -3.3604 -0.8003 0.8500
12.5281 -1.9993 -1.0964 0.8500
15.9985 -2.0362 -0.5229 0.8500
15.6717 -1.7184 -1.2200 0.8500
12.6869 -2.3410 -0.4220 0.8500
13.2962 -2.9396 -0.9875 0.8500
14.4214 -2.7466 -0.7789 0.8500
15.3500 -2.3118 -1.5216 0.8500
15.9505 -2.2682 -1.3058 0.8500
13.6437 -3.3233 -0.9860 0.8500
13.9509 -1.7607 -0.5655 0.8500
12.4889 -1.7331 -0.2402 0.8500
13.3376 -1.9627 -1.4984 0.8500
16.1646 -2.9504 -0.2883 0.8500
15.9248 -2.7735 -1.1687 0.8500
13.6207 -2.1356 -0.2242 0.8500
12.7826 -2.8497 -1.5374 0.8500
14.3210 -2.7021 -0.8875 0.8500
13.6624 -2.1972 -0.5115 0.8500
15.1114 -3.3388 -1.1094 0.8500
14.5716 -3.1519 -0.2367 0.8500
14.7074 -3.3352 -0.3053 0.8500
13.4470 -2.9217 -1.1363 0.8500
14.5154 -2.5340 -1.5943 0.8500
14.8342 -1.8806 -1.3545 0.8500
14.6512 -3.0780 -1.5544 0.8500
14.8602 -2.7576 -0.6484 0.8500
15.7169 -3.3830 -1.4026 0.8500
12.9800 -2.5658 -0.9284 0.8500
12.4876 -3.3544 -1.3376 0.8500
11.9525 -2.8199 -0.3863 0.8500
14.8803 -1.9045 -1.1877 0.8500
13.2758 -1.7151 -0.6230 0.8500
14.0259 -2.7390 -0.7797 0.8500
12.1227 -2.8905 -1.0743 0.8500
15.8785 -2.0346 -0.5362 0.8500
14.3894 -2.1437 -1.4398 0.8500
12.3486 -2.7194 -0.6046 0.8500
13.5879 -1.7704 -1.3488 0.8500
13.1766 -2.5834 -1.4854 0.8500
15.6134 -1.7154 -0.2449 0.8500
15.6553 -1.8091 -1.3592 0.8500
15.2781 -1.6928 -1.2294 0.8500
13.5079 -3.2041 -1.5857 0.8500
15.9500 -2.9193 -0.6522 0.8500
13.0113 -2.7320 -0.5361 0.8500
14.7107 -2.0619 -1.5711 0.8500
14.1032 -2.8714 -0.8761 0.8500
13.7258 -3.0274 -0.4127 0.8500
12.6293 -2.7813 -0.4980 0.8500
12.8556 -2.8403 -0.4746 0.8500
15.4158 -1.9337 -1.5045 0.8500
14.7423 -1.6183 -1.2038 0.8500
15.8972 -2.8530 -0.8705 0.8500
14.7977 -3.3067 -0.8848 0.8500
12.0674 -2.1009 -0.5394 0.8500
12.3117 -2.5350 -0.3124 0.8500
14.9834 -2.6192 -0.5965 0.8500
12.9041 -2.7678 -0.9257 0.8500
12.8941 -2.5533 -0.7734 0.8500
13.5878 -3.1550 -1.5947 0.8500
15.0791 -2.2981 -0.9691 0.8500
14.6108 -1.7263 -1.4409 0.8500
12.6548 -1.7455 -0.5758 0.8500
15.7436 -2.0714 -0.5062 0.8500
16.0779 -2.6991 -0.2005 0.8500
15.2846 -1.7418 -0.9520 0.8500
12.6495 -2.2124 -1.4781 0.8500
15.2923 -2.4933 -1.4057 0.8500
14.0951 -2.8887 -0.3293 0.8500
11.9256 -2.0406 -1.3258 0.8500
14.7371 -1.9648 -1.0917 0.8500
16.0986 -2.3938 -1.4132 0.8500
13.6990 -2.8851 -0.4535 0.8500
12.0785 -2.6996 -1.1783 0.8500
12.8147 -2.2779 -1.0788 0.8500
14.2573 -2.9986 -0.5606 0.8500
15.2808 -2.5523 -0.7636 0.8500
12.6163 -3.3241 -0.7664 0.8500
12.7653 -1.9506 -1.5291 0.8500
15.8583 -2.7129 -1.2944 0.8500
15.6795 -2.5986 -1.2142 0.8500
15.8290 -1.8064 -0.2071 0.8500
12.5734 -2.6867 -1.2854 0.8500
15.9039 -2.5447 -1.0774 0.8500
13.2957 -2.8682 -1.3304 0.8500
14.0742 -1.9473 -0.9364 0.8500
13.8082 -2.6148 -1.5999 0.8500
16.1025 -2.5326 -0.4751 0.8500
12.9557 -2.5137 -0.3641 0.8500
16.0142 -2.1823 -0.9134 0.8500
16.0203 -2.4255 -0.4169 0.8500
15.8368 -2.6174 -1.5930 0.8500
13.3718 -2.2214 -0.9877 0.8500
13.4501 -2.2525 -1.3617 0.8500
12.6979 -2.1211 -1.0534 0.8500
13.8922 -2.5547 -1.0091 0.8500
12.8940 -1.6349 -0.6496 0.8500
14.5593 -2.3642 -0.4769 0.8500
15.6178 -1.9636 -0.2815 0.8500
15.9785 -2.5615 -1.1805 0.8500
13.7255 -2.7934 -0.6351 0.8500
13.6988 -2.4561 -0.4276 0.8500
14.0641 -2.3610 -1.0400 0.8500
15.8113 -2.8444 -0.8150 0.8500
12.1463 -2.0423 -0.6385 0.8500
13.1476 -2.6301 -1.4894 0.8500
12.6673 -2.2110 -0.7299 0.8500
15.2109 -2.8814 -0.8401 0.8500
13.4644 -2.5283 -1.1679 0.8500
16.0430 -2.7656 -0.2070 0.8500
16.1085 -2.6460 -1.4857 0.8500
15.6758 -2.1833 -0.2691 0.8500
14.0394 -3.1184 -0.7074 0.8500
15.8961 -2.9582 -1.5169 0.8500
13.4584 -2.7524 -1.3468 0.8500
13.5284 -2.9084 -0.5053 0.8500
13.8809 -3.0859 -1.3256 0.8500
14.8675 -1.9295 -1.5346 0.8500
12.0793 -3.1077 -0.8339 0.8500
14.1578 -2.2449 -0.2020 0.8500
16.0497 -2.5877 -1.0689 0.8500
12.0962 -3.1058 -0.9813 0.8500
12.1797 -2.8663 -0.5165 0.8500
15.9527 -3.2030 -0.7617 0.8500
15.4573 -3.2275 -1.2217 0.8500
11.8028 -2.7540 -0.8333 0.8500
13.7860 -2.0408 -0.9557 0.8500
13.1619 -2.6842 -1.5772 0.8500
12.5373 -2.3759 -1.4495 0.8500
12.0300 -3.1694 -0.7531 0.8500
12.8996 -1.8135 -1.3916 0.8500
14.6720 -2.8053 -0.5233 0.8500
13.1372 -3.0592 -0.9124 0.8500
13.1536 -2.7635 -1.4797 0.8500
12.9550 -1.6547 -0.2676 0.8500
12.2273 -2.2660 -0.4263 0.8500
14.4092 -3.1822 -0.7055 0.8500
15.0180 -3.1085 -0.5562 0.8500
16.1121 -2.0271 -0.6687 0.8500
12.7970 -1.8783 -1.5819 0.8500
12.5169 -3.2516 -0.7311 0.8500
14.9120 -2.8712 -1.2575 0.8500
13.2220 -3.3149 -0.2730 0.8500
14.0377 -3.1763 -1.0273 0.8500
14.9175 -3.1519 -0.6134 0.8500
13.6461 -2.6131 -1.3916 0.8500
13.4340 -3.3772 -0.9377 0.8500
13.7343 -2.1161 -1.4539 0.8500
13.8106 -2.6741 -1.0309 0.8500
11.8033 -2.6777 -0.8155 0.8500
12.6299 -1.6685 -0.7145 0.8500
14.4810 -2.8040 -1.0463 0.8500
11.8768 -3.3257 -1.3776 0.8500
13.0163 -2.6713 -0.6765 0.8500
13.7379 -2.5593 -1.5833 0.8500
13.7440 -2.5530 -0.4679 0.8500
12.0103 -2.5653 -0.6546 0.8500
15.6516 -2.7983 -0.5161 0.8500
12.1981 -2.4168 -0.2369 0.8500
15.6532 -1.8328 -1.1421 0.8500
16.1596 -2.7551 -0.8542 0.8500
12.5860 -2.4370 -0.7144 0.8500
12.1105 -1.8744 -0.7798 0.8500
12.3329 -2.6825 -0.7128 0.8500
15.5512 -3.1546 -0.2812 0.8500
16.0784 -2.6216 -0.9225 0.8500
14.4025 -2.4917 -0.3936 0.8500
15.9679 -1.8365 -0.7163 0.8500
15.1866 -1.8646 -0.5045 0.8500
14.3023 -2.0167 -1.1409 0.8500
15.8229 -2.7112 -1.1392 0.8500
13.8603 -2.9015 -0.2906 0.8500
13.6112 -2.6054 -0.4338 0.8500
14.9676 -2.8247 -0.8912 0.8500
15.0941 -1.6361 -0.9550 0.8500
13.3598 -3.2481 -1.2484 0.8500
13.8926 -2.4896 -1.3095 0.8500
12.7496 -2.7086 -1.2841 0.8500
12.3271 -2.0097 -0.2816 0.8500
13.3480 -2.3265 -1.2268 0.8500
13.9683 -3.2917 -0.9751 0.8500
12.4921 -2.1881 -0.6453 0.8500
12.5173 -2.5133 -0.6963 0.8500
12.3455 -2.2908 -0.5206 0.8500
15.6533 -3.2352 -1.0692 0.8500
14.8540 -2.4824 -1.1346 0.8500
12.4403 -2.4490 -0.8963 0.8500
14.7096 -3.1368 -0.7114 0.8500
13.9376 -2.2936 -0.2076 0.8500
14.2883 -1.7639 -0.7776 0.8500
15.4459 -3.3543 -0.5252 0.8500
13.8945 -2.9448 -0.3057 0.8500
13.0677 -2.8076 -1.5953 0.8500
15.2326 -2.4204 -1.2444 0.8500
12.5014 -2.0678 -1.5955 0.8500
15.8688 -2.2102 -0.3352 0.8500
15.9427 -2.5687 -1.0576 0.8500
13.3177 -1.6721 -0.7879 0.8500
15.1979 -2.7847 -0.9233 0.8500
15.8568 -1.9887 -0.5454 0.8500
15.8446 -1.9130 -1.0845 0.8500
12.3033 -3.2183 -1.5829 0.8500
12.5382 -3.3211 -1.0975 0.8500
13.9578 -1.6246 -0.9415 0.8500
14.2292 -2.7548 -1.0324 0.8500
13.3140 -2.1970 -1.2178 0.8500
12.1371 -3.3473 -1.4649 0.8500
13.6897 -2.0251 -1.5607 0.8500
13.0370 -2.7661 -0.3246 0.8500
13.7697 -2.3536 -1.5077 0.8500
13.0025 -3.3136 -1.0442 0.8500
13.7180 -3.2058 -1.4904 0.8500
14.3877 -1.9184 -1.4444 0.8500
13.3856 -2.4025 -0.6936 0.8500
12.7269 -2.0014 -0.3066 0.8500
13.5450 -3.1097 -1.1125 0.8500
12.9462 -2.8100 -0.5561 0.8500
12.0825 -1.8679 -0.5073 0.8500
14.5888 -2.3453 -0.7035 0.8500
14.5890 -2.1957 -0.3838 0.8500
13.1993 -3.0284 -1.3386 0.8500
16.0207 -2.3995 -1.4948 0.8500
15.2717 -2.0788 -0.9615 0.8500
15.7706 -3.0891 -0.8524 0.8500
13.8654 -2.8611 -1.0792 0.8500
14.1046 -3.3840 -0.3093 0.8500
14.8422 -1.6667 -1.4272 0.8500
14.3876 -1.7875 -0.2939 0.8500
14.7402 -3.2340 -1.0085 0.8500
13.7027 -1.9019 -0.4334 0.8500
12.3845 -2.4172 -1.0710 0.8500
15.3730 -1.6639 -0.8888 0.8500
13.5043 -2.4829 -0.6366 0.8500
14.4768 -3.0278 -0.9367 0.8500
13.4237 -1.8588 -0.3763 0.8500
13.9216 -1.7115 -0.8481 0.8500
14.6114 -2.4448 -1.5746 0.8500
14.3454 -2.6661 -0.4820 0.8500
12.4201 -2.0048 -0.9082 0.8500
12.8358 -3.2485 -0.6572 0.8500
12.5651 -1.8831 -1.1471 0.8500
14.3339 -1.8505 -0.6215 0.8500
13.5361 -2.8675 -0.5887 0.8500
12.8843 -3.3797 -0.2020 0.8500
11.9940 -3.3823 -1.0893 0.8500
15.1772 -1.6395 -1.2925 0.8500
12.0378 -1.9952 -0.9254 0.8500
13.4753 -2.7543 -0.6315 0.8500
13.8054 -1.7991 -0.9256 0.8500
13.7934 -1.7939 -0.3936 0.8500
12.4094 -1.7652 -0.2516 0.8500
14.9216 -2.4968 -0.2281 0.8500
12.7995 -1.9232 -1.4237 0.8500
14.5679 -3.3323 -1.2591 0.8500
13.4633 -3.1120 -1.1876 0.8500
14.0931 -2.2616 -0.2999 0.8500
13.7898 -3.2128 -0.5063 0.8500
16.0031 -3.3220 -1.4301 0.8500
13.3245 -3.2049 -0.9863 0.8500
12.4732 -2.5820 -0.2991 0.8500
13.3876 -2.5210 -1.3113 0.8500
13.9958 -1.7332 -0.8251 0.8500
12.0915 -2.6408 -0.6351 0.8500
15.8412 -2.4741 -1.5093 0.8500
12.6744 -1.9308 -0.9954 0.8500
15.8947 -1.9335 -0.3146 0.8500
13.5784 -2.8122 -1.5835 0.8500
14.2438 -2.0958 -0.7133 0.8500
14.8053 -1.8054 -0.3763 0.8500
12.0858 -1.9179 -0.9981 0.8500
13.6213 -2.8090 -1.2374 0.8500
13.0391 -2.0680 -0.5827 0.8500
12.5415 -2.0720 -1.0863 0.8500
14.7436 -2.9644 -1.1318 0.8500
12.5287 -2.1945 -1.2354 0.8500
14.3647 -3.2417 -0.2549 0.8500
13.5179 -2.9065 -0.5565 0.8500
16.0954 -3.3490 -1.4059 0.8500
15.7890 -3.1643 -1.1836 0.8500
11.8333 -3.2084 -0.3447 0.8500
15.3677 -1.6958 -0.4385 0.8500
12.5421 -3.1051 -1.1070 0.8500
13.8702 -3.2694 -0.6072 0.8500
15.3728 -2.0495 -1.4589 0.8500
13.0649 -2.2327 -1.3915 0.8500
15.0289 -2.2550 -0.3388 0.8500
12.8601 -1.7945 -0.8393 0.8500
15.6411 -2.2004 -1.4093 0.8500
13.7317 -2.1971 -0.9132 0.8500
12.6769 -2.5775 -0.9504 0.8500
12.0349 -2.3818 -0.2044 0.8500
14.4687 -2.0213 -1.5795 0.8500
14.8047 -2.7536 -0.5645 0.8500
14.7943 -3.3351 -0.5411 0.8500
13.9891 -2.6324 -0.5149 0.8500
13.5721 -2.7216 -0.5114 0.8500
14.5237 -3.0728 -0.6065 0.8500
11.9466 -2.1242 -1.0067 0.8500
12.8536 -1.9519 -1.5308 0.8500
12.9243 -3.1146 -0.2454 0.8500
15.2251 -2.5338 -1.2609 0.8500
13.7419 -2.8130 -1.1727 0.8500
12.0016 -2.3777 -1.3862 0.8500
15.7383 -3.2309 -1.1355 0.8500
13.4957 -1.7186 -1.1411 0.8500
12.1387 -3.2854 -1.0964 0.8500
13.6412 -1.9195 -1.0350 0.8500
15.9780 -3.0498 -0.6650 0.8500
15.3264 -2.0124 -0.2408 0.8500
14.4114 -2.8922 -0.8686 0.8500
15.1401 -1.9784 -0.2083 0.8500
14.0723 -1.7518 -1.5229 0.8500
15.3375 -1.7158 -1.0740 0.8500
15.4968 -1.8456 -1.5578 0.8500
13.2845 -2.6344 -0.7638 0.8500
13.7597 -2.6283 -0.2292 0.8500
12.7965 -1.6855 -1.3029 0.8500
14.8141 -1.7957 -0.5953 0.8500
12.4030 -2.5271 -0.5316 0.8500
13.8770 -2.6837 -1.4550 0.8500
16.0528 -3.2304 -0.9942 0.8500
13.8502 -2.7493 -1.4044 0.8500
12.1005 -2.5521 -1.1069 0.8500
11.8807 -1.9048 -0.4704 0.8500
15.9806 -2.8167 -1.1931 0.8500
14.9115 -2.8553 -0.2933 0.8500
14.9223 -3.3524 -0.5133 0.8500
13.4276 -3.3287 -1.2315 0.8500
14.0050 -1.9455 -1.0033 0.8500
14.2570 -3.1045 -0.7352 0.8500
15.1749 -1.6605 -0.7506 0.8500
14.0413 -3.2917 -0.8118 0.8500
13.1496 -1.9487 -1.0733 0.8500
14.1433 -3.1928 -0.2783 0.8500
14.7974 -2.2572 -1.4769 0.8500
12.0548 -2.0378 -0.7137 0.8500
13.8839 -2.9930 -1.5502 0.8500
13.3162 -2.3903 -0.8220 0.8500
15.7430 -1.9947 -1.3420 0.8500
13.5089 -3.0926 -1.4820 0.8500
14.5673 -2.4596 -1.5261 0.8500
13.8042 -2.4413 -0.2622 0.8500
15.3783 -2.0181 -1.4202 0.8500
15.8910 -2.7494 -1.0968 0.8500
12.1679 -2.2385 -0.9416 0.8500
11.8865 -1.6899 -1.5659 0.8500
14.9004 -2.1239 -0.3055 0.8500
14.5786 -3.3677 -1.5786 0.8500
14.2395 -3.1284 -0.3239 0.8500
13.6954 -2.6834 -1.5555 0.8500
15.0990 -2.6721 -1.0256 0.8500
14.8961 -2.8049 -0.5039 0.8500
13.6332 -2.6024 -1.5653 0.8500
13.2299 -1.7019 -0.4663 0.8500
16.0323 -1.9519 -0.9414 0.8500
13.5854 -3.1500 -0.9402 0.8500
12.7196 -2.6003 -1.3394 0.8500
16.0246 -2.1731 -1.2730 0.8500
14.9074 -3.1052 -0.4820 0.8500
14.2568 -3.3088 -1.5854 0.8500
15.1780 -1.6761 -1.1537 0.8500
12.7766 -1.9876 -1.1515 0.8500
14.2552 -1.8066 -1.2208 0.8500
13.0036 -1.9935 -1.1649 0.8500
15.5970 -2.1778 -1.4284 0.8500
12.4016 -2.0228 -1.3666 0.8500
12.7570 -2.4545 -0.8200 0.8500
12.8726 -2.9372 -0.8136 0.8500
13.7256 -3.2300 -0.2985 0.8500
12.3853 -2.3245 -0.8549 0.8500
14.1955 -3.0051 -0.9870 0.8500
15.0243 -1.9185 -1.4668 0.8500
11.8357 -2.4369 -0.5695 0.8500
15.7038 -1.6083 -0.9755 0.8500
15.5498 -2.7063 -0.5372 0.8500
12.0236 -2.6452 -1.3291 0.8500
12.1008 -2.9149 -0.7387 0.8500
14.3252 -2.8852 -0.5861 0.8500
13.1797 -2.5406 -1.0936 0.8500
13.9579 -3.2838 -0.9281 0.8500
14.2968 -1.8999 -1.5099 0.8500
14.6062 -3.2224 -1.2216 0.8500
15.0191 -1.7682 -1.3697 0.8500
15.5710 -2.6817 -1.0755 0.8500
14.4693 -2.5723 -1.4751 0.8500
12.2622 -1.6645 -0.4400 0.8500
12.3993 -2.0698 -0.5730 0.8500
14.5004 -2.8981 -0.3882 0.8500
14.9187 -2.8499 -0.2731 0.8500
15.1180 -3.1303 -0.8102 0.8500
14.0821 -2.2501 -0.5568 0.8500
14.4417 -2.2104 -0.9138 0.8500
16.0880 -1.7993 -0.4999 0.8500
13.3322 -2.8885 -0.8486 0.8500
12.7423 -3.2789 -0.5692 0.8500
16.0636 -3.0040 -1.2150 0.8500
15.8426 -1.6664 -0.6383 0.8500
11.8312 -1.6212 -0.7900 0.8500
13.5683 -2.7639 -1.2502 0.8500
15.0333 -2.5182 -0.6401 0.8500
12.5808 -1.8767 -1.0816 0.8500
11.9404 -2.5400 -0.7194 0.8500
11.9603 -1.6739 -0.6784 0.8500
14.2851 -1.8923 -0.6603 0.8500
12.8132 -2.0654 -0.6430 0.8500
12.9347 -2.2686 -1.0157 0.8500
11.8667 -3.0285 -0.7254 0.8500
14.9940 -3.0708 -0.3306 0.8500
15.5120 -1.8402 -1.5046 0.8500
15.0275 -2.9664 -0.5035 0.8500
12.3996 -2.9616 -1.4197 0.8500
16.0118 -1.8771 -0.9482 0.8500
16.0334 -3.3166 -1.3703 0.8500
12.9402 -2.1080 -0.5046 0.8500
16.1255 -2.2914 -1.5480 0.8500
13.7544 -3.3317 -0.6184 0.8500
11.9834 -3.0738 -1.0379 0.8500
14.3318 -2.8601 -1.2289 0.8500
14.1175 -2.9912 -0.2554 0.8500
15.5765 -3.0954 -1.1911 0.8500
13.3650 -1.8632 -1.3036 0.8500
15.1732 -1.7352 -0.9959 0.8500
15.2616 -3.0848 -1.1769 0.8500
11.9538 -2.3591 -0.5811 0.8500
14.7618 -2.6202 -1.5578 0.8500
13.9097 -2.7226 -0.6311 0.8500
12.6907 -1.6844 -1.0090 0.8500
13.6343 -3.3176 -0.5025 0.8500
15.5718 -1.6456 -1.1325 0.8500
14.8350 -2.8283 -1.5746 0.8500
14.5597 -2.3749 -0.5314 0.8500
12.1587 -1.7236 -1.4144 0.8500
14.7334 -2.2387 -0.9311 0.8500
15.1375 -2.0192 -0.4338 0.8500
15.9799 -3.2257 -0.3050 0.8500
15.3114 -2.3743 -1.2556 0.8500
12.1517 -2.8409 -0.4266 0.8500
15.9515 -2.6450 -0.5134 0.8500
15.2845 -2.9726 -0.3070 0.8500
11.8147 -2.2918 -0.4588 0.8500
14.9358 -2.4354 -1.4747 0.8500
13.1375 -3.1691 -0.2779 0.8500
14.4621 -2.0871 -1.5654 0.8500
13.0443 -2.8881 -1.1190 0.8500
15.0122 -2.3441 -1.0551 0.8500
12.6216 -1.8370 -0.9206 0.8500
15.4719 -2.6842 -1.2707 0.8500
12.1208 -2.2486 -1.4267 0.8500
11.9060 -1.8480 -0.4281 0.8500
12.3805 -2.2798 -0.7015 0.8500
13.4920 -1.6306 -0.9351 0.8500
14.6894 -3.2536 -0.5156 0.8500
13.9146 -2.7471 -0.3188 0.8500
13.8931 -2.1353 -1.2865 0.8500
15.6086 -2.5210 -1.1479 0.8500
14.2608 -2.9348 -0.2919 0.8500
14.0335 -2.7976 -0.8383 0.8500
13.6455 -2.0964 -1.2063 0.8500
16.1050 -1.9844 -1.3785 0.8500
12.8684 -2.2575 -0.2158 0.8500
12.4845 -1.8003 -0.8510 0.8500
13.9664 -2.4610 -0.3928 0.8500
14.7822 -1.9174 -0.7096 0.8500
11.8953 -3.2069 -0.9789 0.8500
15.5708 -1.6258 -0.3984 0.8500
13.0457 -1.8258 -1.1009 0.8500
14.6397 -1.7918 -0.5241 0.8500
12.5625 -1.8155 -0.9652 0.8500
15.6364 -1.8839 -0.3437 0.8500
13.3791 -3.2467 -0.8955 0.8500
12.6226 -1.7614 -1.1439 0.8500
11.8869 -3.0961 -0.5840 0.8500
13.1587 -1.8379 -0.3958 0.8500
13.4685 -2.3947 -0.4086 0.8500
11.9545 -2.8908 -0.9302 0.8500
14.2436 -2.8333 -0.9838 0.8500
13.8007 -2.9145 -1.3910 0.8500
13.9695 -2.0944 -1.5451 0.8500
12.3873 -2.0759 -0.2959 0.8500
13.4855 -2.6303 -0.5847 0.8500
16.0585 -2.6307 -0.7925 0.8500
13.3726 -3.0160 -0.7832 0.8500
15.2890 -2.6833 -1.5673 0.8500
12.3463 -2.2072 -0.9647 0.8500
12.3404 -2.2745 -0.3101 0.8500
16.1953 -3.1663 -0.9531 0.8500
14.6528 -2.0834 -0.7869 0.8500
14.7253 -1.6184 -1.0721 0.8500
13.6741 -1.9404 -1.4530 0.8500
15.1490 -3.3857 -1.1470 0.8500
15.8840 -1.9202 -1.4809 0.8500
12.1608 -3.3460 -0.7900 0.8500
12.5586 -3.1583 -0.2255 0.8500
15.6107 -2.9635 -1.0922 0.8500
12.1482 -2.5143 -0.3982 0.8500
13.3802 -1.8797 -1.5401 0.8500
12.1661 -1.9347 -0.8930 0.8500
13.5951 -2.7296 -0.6837 0.8500
13.7675 -2.5469 -1.1531 0.8500
12.5926 -3.0933 -1.4623 0.8500
12.1592 -1.6866 -1.2949 0.8500
13.6365 -2.9083 -1.5020 0.8500
14.0638 -3.0311 -0.3565 0.8500
15.0429 -1.6225 -1.5936 0.8500
14.9944 -3.0190 -1.5029 0.8500
12.1076 -3.0730 -0.4860 0.8500
13.7270 -1.6308 -1.1804 0.8500
15.5126 -3.2622 -1.0893 0.8500
14.4268 -3.3403 -1.1706 0.8500
15.5614 -2.5794 -0.3530 0.8500
15.9838 -2.8660 -0.2998 0.8500
13.2708 -1.8339 -0.2997 0.8500
12.3850 -2.0771 -1.1697 0.8500
12.1693 -2.4268 -1.3195 0.8500
12.3562 -3.3819 -0.4408 0.8500
14.8029 -2.9220 -0.4114 0.8500
12.3261 -1.7971 -1.1040 0.8500
15.9906 -2.9530 -0.7908 0.8500
14.6995 -3.3502 -1.0530 0.8500
16.0043 -2.9841 -1.5790 0.8500
14.2794 -2.0381 -1.0251 0.8500
12.6902 -1.8525 -0.3471 0.8500
12.5400 -2.8865 -0.3989 0.8500
15.1787 -2.9820 -1.4547 0.8500
11.8005 -1.8926 -1.1703 0.8500
15.6513 -3.0468 -1.4966 0.8500
11.9298 -2.7460 -1.1828 0.8500
14.4595 -2.7149 -1.1832 0.8500
13.5110 -2.6872 -1.5255 0.8500
14.4909 -3.2650 -0.3467 0.8500
15.2415 -1.8811 -0.4242 0.8500
12.2926 -3.0129 -0.3002 0.8500
15.9637 -2.7395 -0.5579 0.8500
14.4214 -2.2528 -0.5359 0.8500
13.4806 -1.9535 -0.4979 0.8500
16.1080 -2.3433 -0.6547 0.8500
15.3711 -2.7490 -1.3537 0.8500
12.5131 -3.3905 -1.3512 0.8500
12.1896 -2.5088 -0.8995 0.8500
15.8607 -2.3880 -0.6332 0.8500
14.3734 -2.7529 -1.5584 0.8500
13.8391 -2.2669 -0.8350 0.8500
12.1401 -1.9819 -0.3580 0.8500
14.1838 -3.3360 -1.4236 0.8500
12.9945 -1.9394 -1.1619 0.8500
12.6496 -2.3371 -0.2185 0.8500
13.5207 -2.8140 -1.1396 0.8500
11.9570 -2.1510 -1.5598 0.8500
14.4306 -2.1331 -0.6429 0.8500
14.5329 -2.0357 -0.2243 0.8500
14.8580 -2.6572 -1.2771 0.8500
11.9005 -2.3624 -1.2975 0.8500
12.5726 -2.5425 -0.9954 0.8500
15.1983 -2.7449 -0.8497 0.8500
14.3286 -3.1674 -0.4594 0.8500
11.8398 -1.7457 -0.2091 0.8500
15.0151 -3.1707 -0.4618 0.8500
13.6330 -2.2324 -1.1927 0.8500
12.9575 -2.6801 -0.4994 0.8500
15.1187 -1.9214 -0.7168 0.8500
13.3856 -2.5515 -0.9127 0.8500
13.7959 -3.0644 -0.7115 0.8500
15.5874 -3.1288 -0.9843 0.8500
12.4586 -2.6952 -0.7149 0.8500
14.2889 -2.4372 -0.5684 0.8500
12.2574 -2.2670 -1.5808 0.8500
16.1026 -1.8721 -0.7373 0.8500
13.1722 -2.7262 -1.3857 0.8500
15.8050 -1.9938 -1.1287 0.8500
13.4148 -2.9953 -0.9789 0.8500
15.5232 -1.8191 -0.2389 0.8500
15.1643 -3.2248 -1.1442 0.8500
12.8232 -1.9532 -0.4530 0.8500
14.6465 -2.9175 -1.1281 0.8500
12.8267 -2.2179 -1.2789 0.8500
11.8835 -2.4209 -0.9924 0.8500
13.1221 -2.3594 -1.4742 0.8500
14.9265 -1.6352 -0.4530 0.8500
12.5856 -2.3227 -0.9024 0.8500
14.5623 -3.0127 -0.6374 0.8500
15.1655 -2.6610 -0.4832 0.8500
13.1655 -3.2260 -1.0275 0.8500
12.2491 -2.7962 -0.9690 0.8500
14.4250 -2.8727 -1.2450 0.8500
12.3780 -2.2414 -0.6000 0.8500
11.8114 -1.7551 -0.4348 0.8500
12.3752 -2.8935 -0.7962 0.8500
12.9733 -1.8744 -1.5460 0.8500
14.7805 -1.8231 -0.6037 0.8500
13.2634 -2.2613 -0.6664 0.8500
15.8417 -2.1421 -1.1204 0.8500
15.0660 -1.9632 -1.0271 0.8500
16.1449 -2.7301 -0.9067 0.8500
14.7273 -1.6244 -0.4929 0.8500
11.8941 -2.7128 -0.6471 0.8500
12.4551 -3.2473 -0.8761 0.8500
12.9862 -2.0809 -0.4723 0.8500
14.8947 -2.7970 -0.3972 0.8500
14.6392 -3.3501 -1.5275 0.8500
12.7030 -3.0777 -1.5023 0.8500
14.8715 -2.7352 -0.9341 0.8500
13.0278 -3.0170 -0.5057 0.8500
14.7412 -3.1545 -1.4463 0.8500
13.1675 -3.1074 -0.3913 0.8500
12.7254 -2.2723 -1.4079 0.8500
13.9773 -3.1689 -0.6263 0.8500
16.1153 -1.9900 -0.4754 0.8500
14.6450 -1.8849 -1.5363 0.8500
13.3472 -2.0977 -0.4118 0.8500
14.0812 -2.9588 -0.4219 0.8500
13.7299 -2.3624 -1.3957 0.8500
11.9379 -3.2901 -1.3073 0.8500
14.7669 -1.7031 -0.3956 0.8500
12.7042 -3.3867 -0.2481 0.8500
14.1506 -3.0013 -0.9220 0.8500
12.1120 -3.2506 -1.4241 0.8500
15.2773 -1.6095 -1.2086 0.8500
11.8767 -3.3267 -1.1264 0.8500
13.2144 -3.3969 -0.7164 0.8500
13.4866 -3.2188 -0.5896 0.8500
15.1984 -1.8137 -0.7505 0.8500
16.0838 -2.6787 -0.3535 0.8500
12.6419 -1.6995 -1.5852 0.8500
12.4119 -1.6729 -1.0541 0.8500
14.5355 -2.0930 -1.1915 0.8500
12.7561 -3.0960 -0.5476 0.8500
11.9066 -1.6521 -0.6468 0.8500
12.8200 -2.6113 -0.3527 0.8500
12.8319 -2.5639 -1.1614 0.8500
14.2267 -2.2537 -0.4022 0.8500
13.7801 -2.1110 -0.8463 0.8500
13.2672 -1.6675 -1.3853 0.8500
13.0720 -1.6523 -0.4393 0.8500
12.9786 -2.6555 -1.2730 0.8500
15.5917 -3.1442 -0.5356 0.8500
13.8276 -1.7519 -0.8484 0.8500
15.5617 -3.1859 -0.8792 0.8500
16.1813 -2.4052 -0.8511 0.8500
13.9807 -3.1009 -0.2343 0.8500
15.8854 -2.7551 -0.7815 0.8500
12.5682 -2.4465 -1.5381 0.8500
13.1631 -2.1310 -0.2617 0.8500
14.6992 -1.6446 -1.2057 0.8500
12.8473 -1.7465 -0.9417 0.8500
14.4038 -2.4632 -0.4476 0.8500
15.7554 -2.8376 -1.4816 0.8500
16.0839 -2.4335 -1.2744 0.8500
14.1535 -2.7400 -0.3724 0.8500
15.0416 -2.5729 -1.4359 0.8500
14.4542 -1.7542 -0.8766 0.8500
13.6476 -2.4743 -1.3398 0.8500
13.3686 -3.3250 -1.1044 0.8500
14.5023 -2.1687 -0.4934 0.8500
13.3208 -2.8942 -0.2573 0.8500
15.0956 -3.0151 -0.7965 0.8500
12.3552 -2.0203 -1.0933 0.8500
14.9618 -3.1020 -1.4878 0.8500
14.0487 -2.3033 -1.0379 0.8500
12.1598 -1.9291 -0.4606 0.8500
15.4941 -2.8590 -0.5407 0.8500
14.2194 -2.5500 -1.1011 0.8500
15.0334 -2.3602 -1.3621 0.8500
12.3444 -2.2460 -0.8388 0.8500
12.4827 -1.6505 -0.4351 0.8500
15.6660 -1.8001 -0.8127 0.8500
13.8540 -3.0238 -0.8416 0.8500
13.1019 -2.4176 -0.6106 0.8500
14.0831 -3.1159 -1.4188 0.8500
13.4346 -3.2920 -0.7339 0.8500
16.0848 -2.7374 -1.4907 0.8500
12.6667 -2.8244 -1.3764 0.8500
14.1323 -2.3732 -1.5280 0.8500
13.2626 -2.2457 -0.7401 0.8500
12.5265 -2.7059 -0.2501 0.8500
14.7986 -1.8390 -1.3923 0.8500
12.4027 -1.8849 -0.9412 0.8500
13.0079 -2.1019 -0.3485 0.8500
13.9444 -2.7687 -0.4100 0.8500
13.6646 -2.9641 -1.0075 0.8500
15.8064 -3.1911 -0.5574 0.8500
14.6643 -2.9492 -1.5395 0.8500
12.1054 -1.6736 -0.5408 0.8500
12.4301 -2.6482 -0.5842 0.8500
14.3794 -2.6517 -0.7840 0.8500
12.7921 -2.5527 -1.4400 0.8500
12.6611 -2.2336 -1.1853 0.8500
16.1452 -1.7440 -1.3596 0.8500
14.9217 -3.1946 -1.5175 0.8500
13.1309 -1.9235 -0.3411 0.8500
11.9224 -2.5919 -1.3457 0.8500
15.2985 -2.9055 -1.3107 0.8500
14.3398 -2.4211 -0.6189 0.8500
13.1699 -2.4273 -1.1491 0.8500
14.1202 -3.1599 -1.0331 0.8500
15.7446 -3.2254 -1.5208 0.8500
12.0792 -2.2716 -0.3025 0.8500
15.0208 -2.0763 -0.2050 0.8500
15.5961 -2.2933 -1.0844 0.8500
14.0902 -2.7648 -1.2981 0.8500
16.0280 -2.3995 -0.6119 0.8500
12.8194 -1.7686 -0.5392 0.8500
14.9734 -1.7370 -1.3849 0.8500
13.6694 -2.9819 -0.9183 0.8500
13.4679 -3.2289 -1.3263 0.8500
14.5997 -2.2241 -1.2728 0.8500
14.4816 -3.0861 -0.9087 0.8500
13.4156 -1.9581 -1.0405 0.8500
13.4522 -2.8945 -0.9350 0.8500
13.9115 -3.1291 -1.0620 0.8500
16.1685 -1.9310 -1.4977 0.8500
15.3134 -3.0247 -1.4933 0.8500
13.4117 -3.3841 -1.2333 0.8500
13.3980 -1.9208 -0.8679 0.8500
15.7457 -3.2311 -1.3019 0.8500
15.2287 -2.6445 -0.7243 0.8500
14.6756 -2.6875 -0.5336 0.8500
14.9422 -3.1426 -0.3509 0.8500
12.0508 -3.3367 -0.2788 0.8500
12.2076 -3.2476 -1.0893 0.8500
13.1892 -2.6305 -0.2798 0.8500
13.8794 -1.6772 -0.3745 0.8500
14.9284 -2.0951 -1.1580 0.8500
15.2414 -2.1134 -1.0821 0.8500
15.6931 -2.1945 -1.3649 0.8500
12.9921 -2.0156 -0.3833 0.8500
15.0912 -2.4470 -0.8587 0.8500
16.1766 -1.6259 -1.3118 0.8500
12.7160 -2.3061 -0.4669 0.8500
12.1067 -2.2644 -0.4095 0.8500
15.7447 -3.3619 -0.7045 0.8500
12.3935 -2.0416 -1.0479 0.8500
14.9670 -2.7594 -1.2919 0.8500
13.5042 -2.0072 -0.5271 0.8500
13.3643 -1.8746 -0.5213 0.8500
15.9386 -3.3599 -0.8848 0.8500
13.3450 -2.7074 -0.5602 0.8500
13.5937 -1.7711 -1.3203 0.8500
11.8691 -3.1697 -0.8586 0.8500
12.6076 -2.0602 -1.1448 0.8500
13.3905 -2.8182 -0.2117 0.8500
14.7301 -2.4832 -1.0059 0.8500
12.0813 -1.7735 -1.3121 0.8500
13.3378 -2.2607 -1.3254 0.8500
13.4072 -2.6194 -0.2061 0.8500
15.2805 -2.1452 -0.2011 0.8500
13.0099 -2.9988 -0.4805 0.8500
15.7244 -3.3779 -0.9273 0.8500
15.9535 -2.2865 -0.6679 0.8500
12.7750 -1.8500 -0.6173 0.8500
13.4621 -2.1408 -1.4175 0.8500
15.0272 -2.4651 -1.3986 0.8500
12.9820 -3.1420 -1.0484 0.8500
15.4345 -3.2471 -1.0753 0.8500
16.0851 -2.8962 -0.9447 0.8500
14.5780 -1.6662 -1.1762 0.8500
12.5097 -2.5686 -0.7348 0.8500
11.8085 -1.9516 -0.5431 0.8500
13.6035 -3.3767 -0.3801 0.8500
12.7983 -2.5494 -1.0269 0.8500
15.2052 -2.9556 -1.1912 0.8500
13.8671 -1.6851 -1.3900 0.8500
14.5818 -3.0424 -0.8157 0.8500
14.4675 -3.3105 -1.5465 0.8500
11.9597 -3.1084 -0.3996 0.8500
14.9152 -3.2865 -0.9323 0.8500
15.4331 -2.8323 -0.7471 0.8500
13.8734 -1.6077 -1.0399 0.8500
14.3610 -1.7250 -1.5949 0.8500
12.4326 -2.3705 -0.4956 0.8500
14.6984 -1.9042 -0.9367 0.8500
15.9344 -2.6802 -1.0308 0.8500
14.9326 -1.7962 -0.5374 0.8500
11.8637 -3.0218 -1.1135 0.8500
13.1615 -2.6743 -0.6935 0.8500
15.9973 -3.1829 -0.5840 0.8500
14.7403 -1.7141 -0.2246 0.8500
13.2286 -2.7913 -0.5243 0.8500
14.4420 -2.9572 -1.5670 0.8500
12.5185 -3.0007 -0.7250 0.8500
15.8684 -2.5469 -0.7373 0.8500
13.5159 -2.4927 -1.4273 0.8500
12.6452 -2.1890 -0.5497 0.8500
12.1296 -1.9435 -1.0752 0.8500
11.9539 -2.1352 -0.7267 0.8500
14.6383 -2.5134 -1.2241 0.8500
14.7983 -2.4358 -1.3520 0.8500
14.6976 -1.6443 -1.0456 0.8500
13.1822 -2.5952 -1.3110 0.8500
15.2871 -2.8213 -0.2185 0.8500
15.4956 -2.2378 -0.5824 0.8500
14.4535 -2.1890 -1.5475 0.8500
14.5082 -1.7127 -1.0617 0.8500
12.6468 -2.7661 -0.3220 0.8500
15.5756 -2.4826 -0.7660 0.8500
12.1723 -2.2762 -0.9212 0.8500
15.3303 -2.1242 -0.8482 0.8500
13.6421 -3.3279 -1.1746 0.8500
12.2318 -1.7794 -1.0563 0.8500
12.0702 -3.0803 -1.3241 0.8500
16.1493 -2.9946 -0.6053 0.8500
14.3038 -2.1501 -1.2690 0.8500
13.7553 -3.0421 -1.0053 0.8500
15.8719 -3.1596 -0.3025 0.8500
13.8373 -1.6912 -1.0318 0.8500
15.5268 -2.2425 -1.1281 0.8500
15.5562 -1.6947 -1.0082 0.8500
15.1003 -3.2864 -1.2512 0.8500
12.2185 -3.3362 -0.5744 0.8500
16.0005 -2.8971 -0.6498 0.8500
14.5602 -3.3309 -1.2463 0.8500
13.5974 -2.6106 -1.0117 0.8500
15.1723 -1.6692 -0.8554 0.8500
12.1253 -2.7576 -0.3856 0.8500
12.5853 -2.0820 -1.1305 0.8500
14.7815 -2.2364 -0.7905 0.8500
14.5701 -3.3420 -0.2840 0.8500
14.1073 -2.9823 -1.2345 0.8500
14.7683 -2.2659 -0.5804 0.8500
15.9796 -3.2343 -0.6827 0.8500
12.3733 -2.5768 -1.3905 0.8500
13.3085 -2.1803 -0.2214 0.8500
13.0912 -2.7883 -0.5047 0.8500
15.9150 -2.8382 -0.9999 0.8500
12.6237 -2.0982 -0.8162 0.8500
13.4183 -2.6461 -1.0948 0.8500
15.7858 -2.4424 -1.2335 0.8500
14.7482 -3.0404 -0.3454 0.8500
11.9371 -1.9787 -0.7810 0.8500
16.0249 -2.3205 -1.0828 0.8500
12.0646 -1.6487 -0.4081 0.8500
14.0963 -2.0392 -0.9808 0.8500
12.8654 -2.3211 -1.3413 0.8500
14.5802 -2.2940 -1.3864 0.8500
13.0479 -2.8006 -0.2828 0.8500
15.3973 -2.5982 -1.0646 0.8500
14.2868 -2.1881 -1.0464 0.8500
13.1768 -2.4729 -0.8473 0.8500
15.6087 -1.6823 -0.7931 0.8500
15.2198 -2.4039 -0.9950 0.8500
13.9698 -3.3771 -0.2899 0.8500
13.9614 -3.1728 -1.1366 0.8500
13.8587 -3.3169 -1.4417 0.8500
14.1763 -1.7744 -0.2064 0.8500
15.5759 -2.8327 -1.2924 0.8500
12.1246 -1.8949 -0.2775 0.8500
13.5091 -2.5980 -0.4160 0.8500
15.1006 -1.7431 -0.5114 0.8500
16.0419 -2.5320 -1.4140 0.8500
12.4739 -1.8518 -1.5513 0.8500
11.9913 -2.1909 -1.3608 0.8500
15.3424 -2.9208 -1.0376 0.8500
16.0698 -2.3622 -0.4911 0.8500
14.9446 -2.9176 -1.0502 0.8500
14.2378 -3.0402 -1.5562 0.8500
12.8269 -2.8254 -1.4996 0.8500
16.0168 -2.8660 -0.9552 0.8500
14.9780 -2.5062 -1.5598 0.8500
14.8541 -2.2533 -0.5420 0.8500
15.6806 -1.6586 -1.2570 0.8500
15.6529 -2.5555 -0.9179 0.8500
12.1550 -2.0303 -0.4907 0.8500
11.8878 -2.5161 -0.8266 0.8500
12.7799 -2.6191 -0.3639 0.8500
15.8053 -2.6578 -0.4142 0.8500
14.1481 -1.8237 -1.3574 0.8500
14.6491 -3.1368 -1.5686 0.8500
13.3223 -2.8777 -0.3900 0.8500
13.6693 -2.1024 -0.6819 0.8500
13.1201 -2.8676 -0.3135 0.8500
15.9376 -3.3960 -1.4835 0.8500
13.6130 -3.0099 -0.2183 0.8500
15.4779 -3.3471 -0.2218 0.8500
12.4838 -2.8737 -1.2246 0.8500
13.1959 -2.8119 -1.5178 0.8500
12.5984 -1.6842 -1.0791 0.8500
13.0911 -1.9456 -0.9920 0.8500
14.7375 -3.1798 -1.2236 0.8500
12.4224 -3.1789 -1.5243 0.8500
14.1583 -1.6054 -0.3864 0.8500
11.8137 -2.1912 -1.3041 0.8500
16.1257 -2.2741 -0.3775 0.8500
11.9566 -2.3407 -1.2379 0.8500
15.1193 -3.1305 -0.4101 0.8500
15.6247 -2.9241 -1.2041 0.8500
16.1834 -2.6217 -1.4589 0.8500
14.6605 -2.5966 -0.4482 0.8500
14.4689 -1.6526 -1.2114 0.8500
14.2533 -3.3212 -1.1676 0.8500
15.1643 -3.3735 -1.0290 0.8500
15.6312 -1.7532 -0.7519 0.8500
14.1219 -1.8204 -0.7094 0.8500
14.9687 -2.8787 -1.4939 0.8500
16.0346 -2.8216 -0.2656 0.8500
12.2922 -2.3343 -1.5271 0.8500
14.3948 -3.0363 -0.4298 0.8500
12.0964 -1.8242 -0.5984 0.8500
13.7168 -2.9148 -1.1947 0.8500
14.9951 -3.2921 -0.7640 0.8500
13.4733 -2.4411 -0.8305 0.8500
12.2405 -2.0798 -0.6663 0.8500
15.4516 -1.6788 -0.5672 0.8500
12.8736 -2.2752 -0.8792 0.8500
14.0103 -3.2167 -0.5973 0.8500
12.4592 -2.2078 -1.3227 0.8500
16.1531 -3.2335 -0.6304 0.8500
13.4839 -3.0505 -1.0012 0.8500
15.4154 -2.8661 -0.2825 0.8500
13.4920 -3.3001 -0.4023 0.8500
13.3385 -2.7414 -1.5981 0.8500
12.8582 -2.0194 -0.5352 0.8500
13.5800 -3.3033 -0.7565 0.8500
15.6511 -2.5075 -0.6001 0.8500
14.7113 -2.9927 -1.2384 0.8500
12.0336 -2.3805 -0.4818 0.8500
14.1808 -2.5138 -1.4031 0.8500
13.9902 -3.1011 -0.3416 0.8500
14.8226 -1.8653 -0.9918 0.8500
15.1234 -2.4992 -1.4511 0.8500
14.2892 -1.6258 -0.6190 0.8500
15.6540 -1.6276 -1.0585 0.8500
14.6249 -2.9481 -1.2437 0.8500
13.2873 -1.8105 -0.6633 0.8500
13.4558 -2.1048 -1.1331 0.8500
15.5776 -2.6220 -1.2963 0.8500
12.9432 -1.9328 -0.7560 0.8500
12.4272 -2.6433 -1.1094 0.8500
15.1102 -2.5137 -1.5261 0.8500
13.6809 -2.7307 -1.2823 0.8500
12.7973 -1.8816 -0.9688 0.8500
15.4502 -1.7679 -0.7958 0.8500
12.6138 -3.1277 -0.9189 0.8500
15.0227 -2.3383 -0.3137 0.8500
13.2968 -3.1896 -1.1217 0.8500
14.9344 -1.8063 -0.3858 0.8500
15.2007 -3.0036 -0.9299 0.8500
12.4920 -3.3351 -0.6461 0.8500
15.4292 -2.0579 -0.8438 0.8500
14.5212 -2.2008 -1.4477 0.8500
15.5799 -2.6601 -1.0085 0.8500
11.9384 -2.2855 -0.6547 0.8500
15.1301 -2.0118 -1.2136 0.8500
16.1380 -3.0938 -1.1377 0.8500
14.8927 -2.8518 -0.6184 0.8500
15.8383 -2.5260 -0.5729 0.8500
13.6249 -2.2603 -0.8492 0.8500
14.8871 -2.2954 -0.5691 0.8500
14.2957 -2.5114 -0.4213 0.8500
13.2749 -2.2094 -0.8876 0.8500
14.5421 -3.3622 -0.6262 0.8500
13.3877 -2.8176 -1.5828 0.8500
15.9772 -2.3696 -1.5590 0.8500
15.3096 -2.8488 -0.7562 0.8500
15.6318 -1.7052 -0.7100 0.8500
14.5971 -1.6655 -1.1887 0.8500
15.4980 -2.7315 -0.7353 0.8500
13.4141 -2.9832 -1.4576 0.8500
14.7103 -2.9964 -0.5229 0.8500
13.2686 -2.6009 -1.1057 0.8500
14.4157 -1.6764 -0.8000 0.8500
12.1143 -2.9743 -0.2291 0.8500
15.2850 -2.8041 -0.8768 0.8500
13.6556 -2.3935 -0.8627 0.8500
16.1294 -2.3742 -1.4556 0.8500
15.5763 -2.2074 -1.5379 0.8500
14.5032 -2.0897 -0.3083 0.8500
12.9698 -1.9756 -0.3870 0.8500
14.5715 -2.5158 -0.4654 0.8500
15.1295 -3.2719 -0.2081 0.8500
13.8778 -2.1827 -1.4645 0.8500
14.4069 -2.3334 -0.5280 0.8500
15.6557 -3.0146 -1.4434 0.8500
12.4037 -1.8630 -0.7113 0.8500
13.9977 -2.0653 -0.5949 0.8500
15.6097 -2.6406 -0.6291 0.8500
13.5211 -1.6562 -1.2292 0.8500
15.6900 -2.1818 -0.3634 0.8500
14.2561 -1.7261 -0.8075 0.8500
13.5660 -2.0883 -0.3211 0.8500
16.1629 -2.1211 -0.9775 0.8500
12.5123 -3.0078 -1.1198 0.8500
13.3281 -2.6455 -0.3420 0.8500
12.7671 -2.2553 -0.4580 0.8500
16.1254 -1.9091 -1.4795 0.8500
12.4610 -1.7598 -0.9858 0.8500
12.3251 -3.2528 -1.4940 0.8500
12.9612 -2.1133 -0.3817 0.8500
14.4778 -2.9211 -0.9303 0.8500
12.9650 -2.1221 -1.2339 0.8500
13.2393 -2.8287 -1.5016 0.8500
14.1501 -2.3723 -1.1897 0.8500
14.5988 -2.4518 -1.0894 0.8500
14.3511 -1.8303 -0.2414 0.8500
14.5059 -2.2231 -0.2138 0.8500
14.7520 -2.9627 -0.9520 0.8500
15.6599 -2.2679 -0.3207 0.8500
14.7704 -2.2466 -0.4818 0.8500
14.9722 -2.7442 -0.5227 0.8500
13.5447 -2.9270 -1.2237 0.8500
15.9565 -1.7626 -0.5605 0.8500
15.3563 -3.1229 -0.2125 0.8500
14.3642 -3.1449 -0.4241 0.8500
13.7731 -2.3395 -0.8410 0.8500
11.8832 -2.8449 -1.5987 0.8500
16.1406 -2.4924 -1.0725 0.8500
12.4226 -2.9180 -0.6843 0.8500
14.0400 -2.7374 -1.4061 0.8500
13.3039 -2.6652 -1.0321 0.8500
13.2346 -2.3884 -0.6056 0.8500
13.6456 -3.2582 -0.3521 0.8500
14.3188 -2.6221 -0.6180 0.8500
11.8440 -2.1628 -0.7451 0.8500
12.4780 -2.1235 -1.2837 0.8500
14.4980 -2.9123 -0.6606 0.8500
15.0531 -2.4218 -0.4261 0.8500
14.7704 -2.7084 -0.9870 0.8500
16.1604 -3.3337 -0.3553 0.8500
12.0100 -2.6227 -1.1257 0.8500
14.0669 -2.1875 -0.7143 0.8500
13.6413 -1.6982 -0.4223 0.8500
12.6752 -3.1981 -0.3571 0.8500
15.7181 -2.6306 -0.9443 0.8500
12.4315 -1.7059 -0.9551 0.8500
14.0202 -2.5550 -0.2764 0.8500
12.6454 -1.7913 -0.9470 0.8500
13.7205 -2.1721 -1.5953 0.8500
15.2783 -1.8412 -0.9214 0.8500
14.8826 -2.0351 -0.7541 0.8500
14.8818 -3.2700 -0.5588 0.8500
12.7463 -2.0275 -1.4892 0.8500
11.9006 -3.1699 -0.7946 0.8500
14.9683 -2.0525 -0.7445 0.8500
12.2669 -2.6457 -0.6484 0.8500
13.5168 -2.1674 -1.2187 0.8500
15.5133 -3.2910 -0.5267 0.8500
13.6017 -3.1948 -0.4947 0.8500
13.8479 -3.2082 -1.4079 0.8500
16.0149 -2.7241 -0.5190 0.8500
15.7999 -3.0946 -0.7371 0.8500
12.1999 -3.3858 -0.9888 0.8500
15.6141 -1.8176 -0.5092 0.8500
13.9762 -2.0470 -1.4216 0.8500
15.3111 -2.3767 -1.0998 0.8500
13.3493 -2.0964 -0.3500 0.8500
16.0118 -2.8557 -1.3995 0.8500
15.3049 -2.1299 -0.3010 0.8500
13.7774 -2.4640 -0.7191 0.8500
13.3872 -3.2401 -1.5906 0.8500
12.7286 -2.2037 -1.3823 0.8500
13.0117 -1.6117 -1.5269 0.8500
13.7451 -2.9391 -0.5190 0.8500
13.3586 -3.3918 -1.2441 0.8500
14.6341 -2.0487 -0.8024 0.8500
14.5964 -2.8981 -0.4091 0.8500
12.6514 -2.6706 -0.3370 0.8500
12.9473 -3.3860 -0.4227 0.8500
11.9989 -3.2839 -0.8961 0.8500
13.4828 -2.1239 -1.4004 0.8500
13.8832 -1.6646 -1.1135 0.8500
12.2624 -2.3371 -1.1312 0.8500
12.1746 -1.8838 -0.2131 0.8500
12.9784 -3.0296 -0.4704 0.8500
13.9623 -3.2783 -1.1484 0.8500
16.1271 -2.7753 -1.0223 0.8500
15.8263 -3.0253 -1.2197 0.8500
13.5530 -2.2900 -1.0352 0.8500
14.2468 -1.6786 -1.4876 0.8500
14.2625 -2.9838 -0.4310 0.8500
13.3096 -1.7768 -0.8546 0.8500
15.5702 -2.4331 -0.7529 0.8500
13.0831 -3.2163 -1.3245 0.8500
13.6793 -2.4352 -0.9674 0.8500
15.7904 -2.5593 -0.9528 0.8500
13.3221 -2.0518 -1.4648 0.8500
14.0488 -2.0524 -1.5573 0.8500
15.6306 -2.2462 -0.7349 0.8500
13.2410 -2.1979 -0.7997 0.8500
16.0315 -2.3069 -0.6957 0.8500
12.6956 -2.9738 -0.3456 0.8500
14.8104 -1.7340 -0.2023 0.8500
12.0642 -3.0188 -0.4251 0.8500
14.1632 -2.3287 -1.5676 0.8500
12.5013 -2.0072 -1.1702 0.8500
14.5653 -3.2494 -0.5114 0.8500
14.5140 -2.5897 -0.3383 0.8500
13.6324 -3.3462 -0.3233 0.8500
15.8693 -2.9928 -0.6606 0.8500
15.7222 -2.2549 -0.4143 0.8500
15.0339 -1.7559 -1.3759 0.8500
14.9665 -2.8524 -1.0504 0.8500
12.1002 -1.8972 -1.4830 0.8500
13.2236 -2.4553 -1.1938 0.8500
12.6939 -2.0305 -0.5132 0.8500
13.5096 -1.9418 -1.3392 0.8500
12.2803 -2.2553 -0.5606 0.8500
13.2004 -2.6391 -0.5243 0.8500
14.3121 -2.3486 -0.3682 0.8500
12.5312 -2.1559 -0.2459 0.8500
12.2653 -1.8500 -0.5540 0.8500
14.9094 -2.4130 -0.6543 0.8500
12.8865 -1.8275 -0.5028 0.8500
13.9041 -2.7004 -1.3351 0.8500
15.4891 -2.0331 -0.5657 0.8500
13.4656 -2.3027 -0.3268 0.8500
12.2337 -3.2605 -0.9655 0.8500
15.2555 -2.4962 -1.5691 0.8500
15.0494 -2.0254 -1.1285 0.8500
14.4850 -2.1899 -1.4648 0.8500
14.1668 -2.3857 -0.7231 0.8500
15.1096 -1.9730 -0.4313 0.8500
13.3544 -1.7743 -1.4721 0.8500
13.2506 -3.1418 -1.0016 0.8500
14.5606 -2.9404 -0.6583 0.8500
12.5323 -1.6201 -0.3296 0.8500
14.5862 -2.9650 -1.2914 0.8500
15.6151 -1.9108 -0.8608 0.8500
14.0665 -2.4422 -1.5759 0.8500
12.1649 -2.7072 -1.0538 0.8500
14.7166 -2.0908 -1.1169 0.8500
15.6250 -2.0440 -1.3519 0.8500
12.6661 -2.9102 -1.3994 0.8500
14.4936 -3.3801 -1.0831 0.8500
12.6673 -1.9989 -1.5144 0.8500
15.4068 -2.1590 -0.3311 0.8500
12.9125 -3.1833 -0.2648 0.8500
14.5695 -3.3336 -0.3918 0.8500
14.3930 -2.2109 -1.5948 0.8500
13.4490 -2.3179 -1.1172 0.8500
15.7621 -2.0263 -0.9888 0.8500
15.7658 -1.8282 -1.1392 0.8500
13.2964 -2.2048 -0.4799 0.8500
13.3316 -2.2559 -0.6546 0.8500
14.6813 -2.4628 -1.3268 0.8500
13.0496 -2.3807 -1.4787 0.8500
13.1368 -1.6468 -0.7601 0.8500
11.8905 -3.3162 -0.4192 0.8500
12.2133 -2.4215 -0.7123 0.8500
14.6954 -2.9545 -1.2567 0.8500
13.2115 -2.0943 -0.8196 0.8500
12.1575 -2.0524 -0.8568 0.8500
15.8929 -2.9224 -0.4982 0.8500
13.1011 -2.0349 -1.0039 0.8500
12.7201 -2.2408 -0.5905 0.8500
14.0983 -1.6961 -1.2364 0.8500
15.4551 -1.9320 -1.5666 0.8500
15.6395 -2.0106 -0.5223 0.8500
13.1424 -3.1472 -0.2190 0.8500
15.0655 -1.6239 -0.2190 0.8500
14.1020 -1.9668 -0.5485 0.8500
14.4194 -1.8833 -0.6650 0.8500
13.7361 -2.0470 -1.0759 0.8500
12.5799 -1.8617 -0.3055 0.8500
15.4099 -2.3041 -0.9271 0.8500
14.1941 -3.3764 -0.5820 0.8500
13.5682 -2.5658 -0.8063 0.8500
14.7715 -2.9530 -0.3443 0.8500
13.6729 -2.8398 -0.6348 0.8500
15.5361 -2.9040 -1.1705 0.8500
12.3971 -2.2637 -0.3177 0.8500
11.9317 -1.9817 -1.3523 0.8500
14.3053 -1.8349 -1.3021 0.8500
12.9301 -1.8267 -1.0972 0.8500
12.3201 -3.3636 -1.0852 0.8500
11.9334 -2.0425 -0.4473 0.8500
15.1897 -1.7260 -0.9877 0.8500
16.0231 -2.0074 -0.3777 0.8500
14.5093 -3.1903 -1.1355 0.8500
15.1996 -1.6766 -1.0582 0.8500
15.4893 -2.4962 -0.5320 0.8500
15.3439 -2.3665 -1.2540 0.8500
13.2377 -2.8907 -1.4269 0.8500
11.8103 -1.8760 -1.4059 0.8500
14.5638 -1.8213 -1.2744 0.8500
15.9694 -1.9314 -0.7592 0.8500
15.7051 -3.0272 -1.5432 0.8500
11.8209 -3.1711 -0.6710 0.8500
15.7785 -1.6424 -0.5290 0.8500
11.8478 -1.8298 -0.5536 0.8500
14.1382 -1.8583 -0.7148 0.8500
15.5517 -1.9962 -0.9845 0.8500
13.6306 -3.2083 -0.2249 0.8500
14.8089 -2.4735 -1.4734 0.8500
12.8230 -3.1923 -0.5399 0.8500
16.0686 -2.6393 -1.0654 0.8500
11.9940 -3.1092 -0.4438 0.8500
14.5820 -2.5369 -0.7191 0.8500
11.9530 -2.1910 -1.4055 0.8500
11.9840 -1.8862 -0.4244 0.8500
12.9894 -3.2549 -1.4931 0.8500
11.8668 -1.7943 -0.4650 0.8500
12.7123 -3.0586 -0.8060 0.8500
12.4774 -1.7017 -1.3894 0.8500
15.8124 -2.5328 -0.7673 0.8500
11.9824 -3.2978 -0.8232 0.8500
14.4920 -1.9764 -1.1569 0.8500
14.7504 -3.3150 -0.4626 0.8500
15.4125 -2.2706 -1.4235 0.8500
13.4164 -1.9656 -1.4043 0.8500
12.5991 -2.5668 -1.2610 0.8500
12.3359 -2.1739 -0.3882 0.8500
12.4271 -2.3695 -1.3674 0.8500
14.1057 -3.2734 -0.4709 0.8500
14.4259 -2.1518 -0.5169 0.8500
15.2691 -1.6852 -0.7468 0.8500
15.3396 -2.7829 -0.9426 0.8500
15.5082 -3.1729 -1.1012 0.8500
12.5026 -2.9386 -1.2978 0.8500
15.0794 -2.2560 -0.6270 0.8500
12.1200 -1.6298 -0.9536 0.8500
15.6744 -1.9389 -1.2167 0.8500
14.1116 -1.9941 -1.1456 0.8500
14.6227 -2.7514 -1.4046 0.8500
14.5271 -2.3020 -1.5376 0.8500
14.2551 -2.6725 -0.9864 0.8500
14.1027 -3.2943 -0.2333 0.8500
15.8573 -2.5156 -0.2789 0.8500
13.3328 -2.4138 -1.4104 0.8500
15.2267 -1.8743 -0.8280 0.8500
13.3926 -2.0263 -1.1128 0.8500
12.0019 -2.5825 -0.6903 0.8500
13.4632 -2.5044 -1.5620 0.8500
12.4639 -1.9733 -0.8390 0.8500
13.7386 -2.8797 -0.9544 0.8500
12.1608 -2.7521 -0.8142 0.8500
15.2560 -1.7735 -1.3868 0.8500
14.3998 -2.0316 -0.7338 0.8500
11.9666 -1.7021 -1.1851 0.8500
14.6403 -1.8181 -0.8883 0.8500
16.0004 -2.0276 -0.3834 0.8500
12.0785 -2.9295 -1.4687 0.8500
13.3695 -2.4622 -1.0434 0.8500
15.7370 -2.6500 -0.8323 0.8500
11.9471 -2.6975 -1.0225 0.8500
15.8418 -1.9975 -0.9285 0.8500
16.1505 -2.7024 -0.5912 0.8500
13.5159 -3.1341 -0.6621 0.8500
13.8460 -2.7726 -0.9318 0.8500
16.1480 -1.9470 -1.2401 0.8500
12.0636 -2.4860 -1.2387 0.8500
13.1998 -3.3772 -0.5302 0.8500
12.0793 -2.2784 -0.9695 0.8500
15.0839 -3.0853 -1.1390 0.8500
14.6653 -3.2061 -0.6410 0.8500
15.5992 -2.8521 -0.8961 0.8500
12.6371 -2.0136 -0.9822 0.8500
14.1985 -3.3099 -1.4059 0.8500
14.9373 -3.0270 -0.3391 0.8500
13.0401 -3.0351 -0.4371 0.8500
15.7145 -1.9190 -0.4280 0.8500
12.6707 -2.9497 -1.3376 0.8500
12.3201 -2.3572 -0.8940 0.8500
13.0363 -3.1727 -0.2733 0.8500
15.3097 -1.9762 -0.3011 0.8500
14.9424 -2.9306 -1.5456 0.8500
15.7211 -2.5699 -1.5904 0.8500
14.5139 -2.8025 -0.8843 0.8500
15.8399 -2.2166 -1.3032 0.8500
14.1901 -2.9348 -1.3055 0.8500
15.8407 -3.3992 -0.9491 0.8500
15.6288 -2.4541 -1.5340 0.8500
13.8831 -1.6452 -0.6627 0.8500
11.8285 -1.9044 -1.1088 0.8500
16.1374 -1.6127 -1.4978 0.8500
13.9872 -2.5995 -0.4110 0.8500
15.0602 -2.3780 -0.8658 0.8500
13.7900 -1.9642 -0.3189 0.8500
13.3931 -2.7929 -1.5939 0.8500
13.3762 -3.1968 -0.7813 0.8500
13.3634 -3.0961 -0.9423 0.8500
14.3495 -1.6675 -0.2876 0.8500
15.3542 -1.9775 -1.3525 0.8500
14.3038 -2.8800 -0.8360 0.8500
14.1144 -1.9946 -1.3588 0.8500
13.1492 -2.1311 -0.3973 0.8500
13.8364 -2.5553 -1.1310 0.8500
12.5911 -3.3590 -0.9697 0.8500
15.0766 -2.0896 -0.6373 0.8500
15.2460 -2.8772 -1.2209 0.8500
12.8494 -2.9112 -1.4310 0.8500
14.2948 -2.4531 -0.9751 0.8500
13.0531 -2.9213 -1.0841 0.8500
16.1006 -2.1105 -1.1036 0.8500
13.1149 -2.8745 -1.5893 0.8500
15.6018 -1.9479 -0.5090 0.8500
14.8814 -2.6129 -0.5643 0.8500
16.0487 -2.4702 -0.6143 0.8500
14.9657 -3.3369 -1.0243 0.8500
14.4804 -3.3633 -0.9063 0.8500
13.8260 -3.0188 -0.6707 0.8500
13.8730 -2.7738 -0.2624 0.8500
11.8055 -3.0828 -1.2045 0.8500
16.1864 -2.4957 -0.5535 0.8500
14.2976 -2.3178 -0.7391 0.8500
14.3827 -1.9541 -0.7113 0.8500
12.5940 -2.4750 -1.4689 0.8500
13.7008 -2.7389 -0.5306 0.8500
12.7640 -1.7372 -1.0249 0.8500
12.7628 -2.6157 -1.1387 0.8500
14.2092 -2.8943 -0.9946 0.8500
12.8599 -3.2633 -0.3793 0.8500
14.7330 -3.0678 -0.6856 0.8500
13.4572 -2.1560 -1.5869 0.8500
13.4575 -3.0428 -1.2717 0.8500
14.8897 -2.7431 -0.6274 0.8500
14.7512 -3.3505 -0.3742 0.8500
13.5762 -2.7194 -0.8467 0.8500
15.8924 -2.2336 -0.7709 0.8500
13.2443 -3.0051 -1.2065 0.8500
14.9608 -3.3931 -1.4039 0.8500
15.2922 -1.8999 -0.9874 0.8500
12.7604 -2.1021 -0.8464 0.8500
13.8865 -1.6131 -0.8096 0.8500
11.8922 -3.1561 -1.3336 0.8500
13.2524 -2.1805 -1.4921 0.8500
12.9879 -2.9368 -1.1301 0.8500
15.1945 -2.4959 -0.4760 0.8500
12.7712 -2.0559 -1.2181 0.8500
11.9119 -3.0970 -0.6428 0.8500
11.9041 -2.5621 -1.2365 0.8500
15.1603 -2.9156 -1.2711 0.8500
12.4308 -3.1211 -1.3044 0.8500
14.6338 -2.0989 -1.0000 0.8500
12.6869 -2.9349 -1.2238 0.8500
12.7751 -2.4470 -1.0926 0.8500
15.3483 -2.1533 -0.7927 0.8500
14.8010 -2.6025 -0.4355 0.8500
14.6799 -3.1599 -0.5274 0.8500
15.8862 -3.3780 -0.9878 0.8500
15.6289 -2.7122 -1.1766 0.8500
15.5260 -1.6171 -0.6806 0.8500
12.3990 -1.6490 -0.9934 0.8500
12.5303 -2.5930 -0.5398 0.8500
16.1212 -2.6513 -0.3969 0.8500
14.3367 -2.2369 -1.1987 0.8500
14.2174 -1.9014 -1.0610 0.8500
14.0251 -2.3592 -1.5595 0.8500
15.0375 -2.0966 -0.9988 0.8500
14.4165 -3.3568 -0.9864 0.8500
12.4595 -1.8187 -0.3167 0.8500
12.2508 -2.4300 -1.0316 0.8500
13.1324 -2.5136 -1.0041 0.8500
15.6282 -3.0111 -1.1393 0.8500
13.5698 -3.1554 -1.4553 0.8500
15.6380 -2.7374 -0.7551 0.8500
14.3202 -1.7439 -1.3042 0.8500
15.8899 -2.3935 -0.8709 0.8500
15.6915 -2.6585 -0.5239 0.8500
13.4543 -3.1495 -0.5728 0.8500
14.2251 -3.2886 -1.4469 0.8500
14.9228 -2.3086 -1.0108 0.8500
12.0009 -1.6753 -0.4804 0.8500
12.5036 -2.5937 -1.5903 0.8500
15.0122 -2.9734 -1.3935 0.8500
15.8240 -2.7218 -1.0154 0.8500
13.1361 -2.4816 -0.8913 0.8500
13.5337 -2.0434 -0.8689 0.8500
15.6475 -2.5837 -0.3523 0.8500
12.9712 -1.7321 -0.5512 0.8500
15.8748 -2.2466 -0.2684 0.8500
12.4209 -3.1829 -0.2481 0.8500
12.9092 -3.1943 -1.5293 0.8500
11.9559 -2.4073 -1.4594 0.8500
12.2114 -1.9550 -0.4716 0.8500
12.9224 -2.4401 -0.2912 0.8500
14.6826 -1.9530 -0.6443 0.8500
12.6838 -3.2554 -1.5869 0.8500
15.9330 -2.8080 -1.4665 0.8500
13.3341 -3.3135 -0.2469 0.8500
14.0821 -2.7590 -1.4744 0.8500
14.7258 -2.3762 -0.3389 0.8500
12.3999 -1.7340 -1.0763 0.8500
14.8259 -2.5717 -0.2973 0.8500
12.3305 -2.7242 -1.3231 0.8500
15.4356 -2.1769 -0.2387 0.8500
13.9475 -2.1073 -0.8707 0.8500
12.1933 -3.0920 -0.5253 0.8500
14.9136 -2.1390 -1.3053 0.8500
12.1369 -2.4286 -1.4138 0.8500
16.0880 -2.4835 -1.2735 0.8500
13.7959 -1.6336 -0.5538 0.8500
13.4848 -2.0119 -1.5991 0.8500
13.1841 -1.9333 -0.6343 0.8500
13.7796 -1.9216 -1.4566 0.8500
15.2371 -2.2343 -0.6720 0.8500
14.0887 -3.3538 -1.1770 0.8500
14.6306 -2.7368 -0.3387 0.8500
12.0525 -2.0196 -1.1602 0.8500
15.5474 -3.0764 -0.3250 0.8500
14.1250 -1.6767 -0.8050 0.8500
14.1051 -3.3872 -1.2948 0.8500
12.9103 -2.3949 -0.4085 0.8500
12.1400 -3.2479 -1.1795 0.8500
13.2787 -2.0312 -0.7446 0.8500
15.4014 -2.2897 -0.8382 0.8500
14.2070 -2.6712 -0.4995 0.8500
12.9599 -3.2175 -1.2419 0.8500
14.4096 -2.5869 -1.4244 0.8500
13.3457 -2.7706 -0.3221 0.8500
12.7842 -3.0618 -1.1628 0.8500
15.0555 -3.0693 -0.7293 0.8500
12.5359 -1.8745 -0.3807 0.8500
14.3735 -2.8083 -1.4867 0.8500
15.0282 -3.2211 -1.1912 0.8500
12.0712 -3.1153 -1.4830 0.8500
14.8612 -2.2101 -0.3098 0.8500
11.8504 -2.7347 -0.2832 0.8500
15.3720 -3.2986 -0.3328 0.8500
13.0237 -3.3012 -1.0894 0.8500
12.4762 -3.2930 -0.9286 0.8500
12.3736 -2.0729 -0.3206 0.8500
13.7171 -1.8700 -0.3609 0.8500
13.0678 -1.8786 -1.5840 0.8500
13.8627 -2.4179 -1.3493 0.8500
15.5204 -2.6940 -1.0284 0.8500
12.2619 -2.8289 -0.5491 0.8500
12.9463 -2.0583 -1.0635 0.8500
12.2986 -1.9458 -1.3114 0.8500
14.6032 -1.7099 -0.4399 0.8500
14.5415 -1.6273 -1.1227 0.8500
15.5334 -2.1311 -1.4413 0.8500
15.0099 -3.0538 -0.7130 0.8500
14.8776 -1.6681 -0.3894 0.8500
12.5063 -3.1792 -0.7926 0.8500
15.4044 -2.8974 -0.2051 0.8500
11.8322 -1.9018 -0.3763 0.8500
14.9457 -2.4726 -1.2574 0.8500
15.3841 -2.9603 -1.1390 0.8500
12.7970 -2.4571 -1.3259 0.8500
13.1719 -2.0132 -0.8192 0.8500
12.8652 -2.9073 -0.6872 0.8500
15.4059 -2.4982 -0.5505 0.8500
13.6518 -2.8831 -0.8585 0.8500
13.3992 -2.6839 -1.4285 0.8500
14.0100 -3.0184 -1.2495 0.8500
15.0144 -2.1264 -0.9443 0.8500
14.7061 -2.8345 -1.2229 0.8500
14.9141 -2.4878 -1.5290 0.8500
15.9688 -1.9518 -0.3547 0.8500
12.9226 -3.1451 -0.8701 0.8500
12.7103 -2.2091 -0.7666 0.8500
14.6594 -2.8050 -1.4566 0.8500
12.4426 -2.5216 -0.3252 0.8500
14.6312 -2.1111 -0.3926 0.8500
16.0065 -1.7376 -1.0532 0.8500
13.8172 -1.8509 -1.3225 0.8500
12.7447 -1.7798 -0.4878 0.8500
16.1774 -3.3107 -0.7961 0.8500
13.4849 -2.6422 -0.4358 0.8500
12.3010 -1.9577 -0.9253 0.8500
13.6309 -1.9393 -0.3522 0.8500
12.1857 -2.6445 -0.5974 0.8500
12.1661 -2.8863 -1.1068 0.8500
12.0091 -2.4122 -0.5432 0.8500
13.7985 -2.0562 -1.1498 0.8500
13.8196 -2.1552 -0.9987 0.8500
15.0271 -2.9489 -1.0405 0.8500
14.1943 -3.3995 -1.0143 0.8500
15.5847 -1.8048 -0.5841 0.8500
15.6407 -2.5983 -1.2561 0.8500
12.5520 -1.9016 -1.1475 0.8500
11.9816 -1.8316 -0.8829 0.8500
14.9078 -1.7102 -1.2125 0.8500
11.8439 -2.7649 -1.4139 0.8500
13.5331 -2.2125 -0.6155 0.8500
12.0376 -2.3266 -0.7636 0.8500
13.8191 -3.1046 -0.2752 0.8500
13.7786 -2.6135 -0.5604 0.8500
15.5213 -2.6249 -0.7990 0.8500
14.6406 -3.0565 -1.2267 0.8500
13.5710 -2.7251 -1.3206 0.8500
14.0411 -2.6147 -0.8673 0.8500
14.2162 -1.9604 -0.9550 0.8500
12.7951 -1.8551 -1.0330 0.8500
15.2118 -2.1092 -0.9818 0.8500
13.8557 -1.9508 -1.3030 0.8500
14.6065 -3.2227 -1.0110 0.8500
11.9401 -2.3974 -1.5451 0.8500
12.2879 -2.9341 -0.8153 0.8500
14.3940 -2.6464 -0.8203 0.8500
15.0746 -2.1345 -0.6664 0.8500
13.2115 -1.6955 -0.6007 0.8500
15.9612 -2.7577 -0.6565 0.8500
15.5369 -2.3605 -0.4747 0.8500
14.1078 -3.2072 -1.4137 0.8500
14.6156 -2.1714 -0.3594 0.8500
14.4099 -2.9715 -1.0562 0.8500
13.1449 -2.5557 -0.6666 0.8500
12.0755 -2.8135 -1.4312 0.8500
15.3401 -3.3088 -1.2859 0.8500
13.8265 -2.0667 -0.2969 0.8500
15.5042 -2.2851 -1.4074 0.8500
13.4480 -1.9283 -0.9486 0.8500
11.8629 -1.6966 -1.4677 0.8500
12.3584 -2.6604 -1.4694 0.8500
12.4918 -2.0387 -0.2085 0.8500
15.0163 -2.8423 -0.7060 0.8500
11.9411 -2.6209 -0.7095 0.8500
15.4050 -1.8954 -1.2210 0.8500
14.8390 -1.7827 -1.3871 0.8500
13.2227 -2.7233 -0.7406 0.8500
14.0967 -1.9550 -1.2510 0.8500
15.9016 -2.0214 -1.2205 0.8500
12.1069 -3.0643 -1.0115 0.8500
13.3987 -2.2739 -1.2849 0.8500
13.5204 -2.5070 -0.2847 0.8500
16.0379 -3.2869 -0.7908 0.8500
16.0910 -2.4151 -1.5040 0.8500
15.5020 -1.6369 -0.9244 0.8500
13.4808 -1.9962 -0.8145 0.8500
15.7134 -3.0384 -1.0979 0.8500
13.9299 -3.0021 -0.3764 0.8500
14.6339 -2.8258 -0.8708 0.8500
15.8828 -3.3676 -1.2656 0.8500
12.8915 -3.2675 -0.8423 0.8500
15.5874 -2.1054 -0.5878 0.8500
13.5567 -2.4160 -1.1678 0.8500
15.6334 -2.1471 -0.3784 0.8500
14.2131 -2.1123 -1.5203 0.8500
12.8881 -3.2674 -1.1833 0.8500
15.1683 -1.6974 -0.3014 0.8500
12.3067 -1.6552 -1.2256 0.8500
12.4308 -3.3385 -1.4938 0.8500
12.4519 -3.2780 -1.5370 0.8500
15.4975 -1.9246 -0.5449 0.8500
15.6335 -2.3056 -1.1294 0.8500
14.3195 -1.6149 -0.5294 0.8500
13.0292 -2.9556 -0.6880 0.8500
13.5345 -1.9681 -0.5490 0.8500
12.6079 -2.4556 -0.3157 0.8500
11.8168 -2.4007 -0.4596 0.8500
15.4944 -3.0240 -1.3881 0.8500
12.6564 -2.3079 -0.3302 0.8500
12.1480 -2.6608 -1.1300 0.8500
12.3799 -3.0029 -0.4737 0.8500
15.8747 -1.8933 -0.8702 0.8500
13.3982 -3.0144 -1.3546 0.8500
14.6516 -2.8594 -0.6342 0.8500
11.9377 -3.2437 -0.6634 0.8500
14.1281 -2.1828 -0.3290 0.8500
15.0853 -2.8890 -1.0254 0.8500
12.0886 -1.6758 -0.5721 0.8500
13.1153 -2.0653 -0.8748 0.8500
13.2169 -1.7779 -0.8296 0.8500
15.7041 -3.0464 -1.1197 0.8500
14.7267 -2.2484 -1.0942 0.8500
15.6076 -1.8163 -0.4763 0.8500
13.4524 -1.6693 -0.7116 0.8500
14.4010 -2.2296 -0.6391 0.8500
14.0781 -1.6943 -0.2965 0.8500
13.0149 -3.1343 -0.6344 0.8500
13.6586 -3.3270 -0.5718 0.8500
12.8779 -2.5628 -0.5179 0.8500
11.8713 -2.8288 -0.9993 0.8500
16.0599 -1.7332 -0.9558 0.8500
16.0155 -3.3710 -0.2295 0.8500
15.4265 -2.8293 -0.8164 0.8500
12.5681 -2.7705 -1.0738 0.8500
11.8887 -2.1166 -1.5184 0.8500
12.6622 -3.3967 -1.2986 0.8500
15.6349 -1.8702 -0.5108 0.8500
12.4741 -1.7180 -0.3026 0.8500
12.8275 -2.5286 -0.5017 0.8500
14.8415 -3.2053 -0.4858 0.8500
13.9007 -3.3087 -0.3734 0.8500
14.6776 -2.9348 -0.9772 0.8500
14.2775 -3.1578 -1.4049 0.8500
14.3189 -2.4947 -0.7327 0.8500
15.6400 -2.6617 -0.3271 0.8500
12.7581 -3.0548 -0.9767 0.8500
12.4125 -1.9003 -0.4566 0.8500
13.5815 -2.3195 -0.3742 0.8500
14.1523 -2.2727 -1.4880 0.8500
13.9579 -2.1700 -1.0021 0.8500
14.1753 -1.8433 -0.9647 0.8500
13.9392 -2.1851 -0.9940 0.8500
14.0786 -3.1606 -1.2308 0.8500
15.9004 -2.7104 -0.9154 0.8500
12.0195 -2.4611 -0.5875 0.8500
15.9433 -3.0666 -0.6485 0.8500
14.3837 -1.7076 -0.2981 0.8500
12.0105 -2.9458 -0.5706 0.8500
12.0352 -2.0103 -0.5436 0.8500
14.3147 -1.6871 -1.1947 0.8500
14.8319 -2.9053 -1.5562 0.8500
14.0892 -2.5798 -0.8816 0.8500
13.7750 -2.9522 -0.5097 0.8500
13.0190 -1.9195 -1.0423 0.8500
14.4690 -1.9686 -0.4599 0.8500
15.7494 -1.7920 -0.7315 0.8500
13.6586 -3.2871 -1.1352 0.8500
14.8610 -2.0679 -1.1207 0.8500
11.8764 -2.3566 -0.6442 0.8500
13.7797 -2.6377 -0.7933 0.8500
15.1516 -1.7989 -1.5062 0.8500
15.5044 -1.8388 -0.8267 0.8500
14.1631 -2.1405 -1.5391 0.8500
14.2927 -3.0903 -0.8341 0.8500
12.4091 -2.9327 -0.3014 0.8500
13.1002 -3.1191 -1.4715 0.8500
14.7366 -2.9388 -0.9226 0.8500
15.1742 -2.0083 -0.5154 0.8500
12.1604 -2.7995 -0.9997 0.8500
16.0282 -2.8913 -1.0962 0.8500
15.9957 -2.9520 -0.7915 0.8500
12.6254 -3.3091 -0.4040 0.8500
11.9989 -2.7876 -0.3866 0.8500
13.3006 -3.2300 -1.2212 0.8500
16.0183 -2.3885 -0.2461 0.8500
13.7493 -3.0671 -1.3723 0.8500
13.1802 -2.9109 -1.3032 0.8500
15.7366 -2.5390 -0.6198 0.8500
12.3908 -2.7140 -0.3863 0.8500
15.9408 -2.8213 -1.3404 0.8500
15.3596 -1.6781 -1.1447 0.8500
13.4877 -3.2950 -1.4918 0.8500
15.2644 -1.8154 -0.9560 0.8500
15.1269 -1.7286 -0.8765 0.8500
14.3514 -1.6578 -0.7733 0.8500
15.2384 -1.8483 -1.3378 0.8500
14.0004 -1.9423 -1.2126 0.8500
15.5066 -2.9739 -0.5429 0.8500
15.2905 -3.0757 -1.4463 0.8500
15.7879 -2.3151 -1.5942 0.8500
15.3092 -2.4361 -1.0547 0.8500
15.8522 -2.1024 -0.7890 0.8500
12.5840 -3.1885 -0.3519 0.8500
13.0202 -2.8851 -1.5449 0.8500
13.7909 -2.1900 -1.1321 0.8500
12.8684 -2.2986 -0.4008 0.8500
15.7455 -2.7725 -0.6019 0.8500
12.5910 -3.1334 -0.7137 0.8500
13.8191 -1.8558 -1.5862 0.8500
14.0952 -1.9040 -0.9493 0.8500
15.6414 -3.1368 -0.2306 0.8500
12.9402 -2.0513 -0.6616 0.8500
16.0662 -3.1445 -0.4585 0.8500
13.0846 -2.5874 -0.8810 0.8500
12.5172 -2.5610 -1.0939 0.8500
12.9158 -2.6767 -1.1508 0.8500
15.6767 -2.7841 -0.4846 0.8500
12.4706 -2.5584 -0.9542 0.8500
11.9405 -2.1189 -1.1487 0.8500
13.0830 -2.8041 -0.6821 0.8500
14.1960 -2.3558 -0.2022 0.8500
13.3693 -2.7545 -0.9975 0.8500
12.5072 -1.6520 -1.3703 0.8500
13.4024 -2.1693 -0.7012 0.8500
14.8473 -1.8659 -1.0391 0.8500
13.7189 -2.6222 -0.7744 0.8500
14.3200 -2.9386 -0.2041 0.8500
15.9670 -3.2578 -0.9588 0.8500
15.0923 -1.9293 -1.1761 0.8500
15.3369 -2.1433 -0.2270 0.8500
13.0673 -1.9218 -0.6658 0.8500
14.0501 -2.1775 -1.1723 0.8500
13.3162 -3.3320 -1.1561 0.8500
13.9319 -2.6353 -0.7533 0.8500
12.2923 -2.8033 -1.0916 0.8500
14.0813 -2.6196 -0.5179 0.8500
14.1136 -2.1976 -1.3297 0.8500
14.3299 -2.3808 -1.3330 0.8500
12.8323 -2.2559 -1.2742 0.8500
12.7744 -3.0211 -0.3766 0.8500
13.4180 -2.5068 -1.4722 0.8500
14.1659 -2.9767 -0.7585 0.8500
13.2818 -2.4800 -0.3909 0.8500
14.9070 -2.8690 -1.3523 0.8500
14.3745 -3.0091 -0.3135 0.8500
12.2965 -1.7074 -0.6043 0.8500
12.7852 -2.9176 -1.2780 0.8500
14.4603 -2.2733 -0.2274 0.8500
14.1406 -2.2725 -0.4347 0.8500
13.2925 -2.3620 -1.5204 0.8500
12.5563 -2.1062 -0.4446 0.8500
15.8499 -2.3050 -0.7926 0.8500
13.7775 -1.8707 -0.3544 0.8500
12.7352 -3.3541 -0.7743 0.8500
14.9719 -3.2672 -0.4856 0.8500
12.9260 -2.4026 -0.4342 0.8500
12.9688 -2.6806 -0.4849 0.8500
15.4390 -3.0183 -1.5178 0.8500
15.7945 -2.7650 -0.6683 0.8500
13.8596 -2.2310 -0.3445 0.8500
14.5821 -1.8643 -0.2894 0.8500
13.3884 -3.0732 -0.5261 0.8500
14.5879 -2.8738 -1.1658 0.8500
15.0033 -3.1479 -0.3982 0.8500
14.9724 -1.6061 -1.5642 0.8500
11.9791 -3.3642 -0.5207 0.8500
12.2339 -3.1161 -0.9203 0.8500
14.9150 -2.7074 -0.3680 0.8500
14.1401 -3.0419 -0.8975 0.8500
15.9506 -2.1757 -1.0081 0.8500
12.2557 -3.3588 -0.4176 0.8500
16.1546 -2.4733 -1.1390 0.8500
12.3875 -3.0460 -0.9171 0.8500
11.9383 -2.2625 -0.4189 0.8500
15.7556 -3.1889 -1.5819 0.8500
14.0178 -3.0445 -1.1101 0.8500
13.0614 -1.9060 -0.4341 0.8500
14.3159 -1.7799 -0.3686 0.8500
13.4611 -2.7496 -1.3759 0.8500
16.1499 -2.3423 -0.9776 0.8500
15.2055 -2.1843 -1.1187 0.8500
14.6861 -2.0304 -0.2338 0.8500
13.2172 -2.4357 -0.8100 0.8500
11.9137 -2.3585 -1.0409 0.8500
15.3084 -1.9895 -0.3789 0.8500
12.0103 -2.4164 -0.6084 0.8500
12.2978 -2.4319 -0.6022 0.8500
14.3916 -2.8906 -0.7434 0.8500
15.1305 -1.8912 -1.0162 0.8500
13.5994 -2.6047 -1.4620 0.8500
14.3918 -2.4051 -0.7123 0.8500
16.0840 -2.2616 -1.0195 0.8500
13.0377 -2.4268 -0.9664 0.8500
11.9935 -2.6037 -0.3064 0.8500
12.7762 -2.5260 -0.5905 0.8500
13.7645 -3.2201 -0.5056 0.8500
15.2204 -1.9199 -0.5357 0.8500
13.6447 -3.2544 -0.9945 0.8500
14.3912 -1.6233 -0.8175 0.8500
14.2896 -1.6543 -0.8390 0.8500
13.9464 -1.8118 -1.2629 0.8500
12.4997 -3.2621 -0.7142 0.8500
12.0993 -3.3533 -1.0755 0.8500
12.6931 -2.2888 -1.5241 0.8500
12.9889 -3.1023 -0.2418 0.8500
12.6253 -1.7069 -1.0174 0.8500
12.6468 -2.2170 -1.1101 0.8500
14.4769 -1.8537 -0.7217 0.8500
13.7998 -1.6105 -0.9650 0.8500
12.9009 -1.7110 -0.2317 0.8500
12.8375 -3.2107 -1.5299 0.8500
12.4302 -1.6314 -0.4567 0.8500
14.8439 -3.2735 -1.5704 0.8500
13.8941 -1.9988 -1.3440 0.8500
14.7240 -2.0512 -1.3564 0.8500
13.4652 -3.0167 -1.1231 0.8500
12.1740 -2.7119 -0.3741 0.8500
15.4214 -2.2649 -1.2586 0.8500
11.9829 -2.5043 -0.8790 0.8500
13.4169 -2.1330 -0.9301 0.8500
14.3746 -3.1641 -1.2691 0.8500
14.7238 -2.6672 -0.9514 0.8500
13.9197 -2.1089 -0.4185 0.8500
15.3152 -3.3855 -0.6223 0.8500
13.9102 -2.2294 -1.0523 0.8500
15.4776 -2.4264 -1.2229 0.8500
12.8862 -1.7352 -0.8782 0.8500
13.8792 -1.6681 -1.2854 0.8500
11.9361 -2.1597 -1.3820 0.8500
14.3439 -2.4302 -1.5392 0.8500
13.5712 -2.4449 -1.5851 0.8500
14.7972 -2.5997 -0.2381 0.8500
15.0663 -1.9988 -1.0942 0.8500
13.7052 -2.7982 -1.5479 0.8500
14.4771 -2.9641 -0.7862 0.8500
15.0209 -2.6053 -0.9420 0.8500
15.4818 -2.8013 -0.7957 0.8500
12.2626 -1.9344 -0.8417 0.8500
14.2108 -2.9046 -1.4600 0.8500
15.8692 -2.6763 -0.5521 0.8500
13.0497 -2.9138 -1.0732 0.8500
14.5659 -2.4311 -0.2054 0.8500
13.0422 -2.8490 -0.7727 0.8500
15.3369 -2.2720 -0.9136 0.8500
15.0708 -1.9487 -1.0940 0.8500
15.9778 -2.0505 -0.8458 0.8500
14.8754 -2.8571 -0.9375 0.8500
13.9521 -2.3821 -0.8640 0.8500
14.1809 -2.7112 -0.2416 0.8500
15.2294 -2.2296 -1.0324 0.8500
15.0467 -1.8312 -1.2067 0.8500
12.3184 -1.8875 -1.0046 0.8500
13.1162 -1.8030 -1.5270 0.8500
14.8030 -2.6752 -0.9612 0.8500
12.2439 -1.9396 -0.3110 0.8500
14.7034 -2.7220 -1.3185 0.8500
15.5991 -3.2171 -1.4751 0.8500
13.4181 -2.3402 -1.5776 0.8500
12.7592 -2.3263 -0.6981 0.8500
15.5577 -2.0304 -0.5289 0.8500
13.9187 -1.8872 -0.6601 0.8500
15.4619 -1.7886 -0.7029 0.8500
12.1436 -2.1362 -0.4564 0.8500
12.7319 -2.2719 -0.4052 0.8500
11.8046 -3.3720 -1.1293 0.8500
13.7718 -3.1956 -0.7886 0.8500
15.6812 -3.1479 -0.6787 0.8500
14.6392 -2.9335 -1.1220 0.8500
11.8785 -1.7922 -0.7092 0.8500
11.9089 -2.0931 -0.6768 0.8500
14.9694 -2.2602 -1.5998 0.8500
12.2083 -3.1761 -1.4811 0.8500
12.7691 -2.2208 -0.5712 0.8500
14.8731 -2.0857 -1.4943 0.8500
12.8948 -2.8457 -0.8892 0.8500
13.9568 -2.9613 -1.5377 0.8500
13.5393 -2.1643 -0.4404 0.8500
13.3126 -3.1833 -0.8237 0.8500
12.9114 -2.3531 -1.3147 0.8500
13.5931 -1.6444 -0.3923 0.8500
12.6043 -3.3556 -1.4321 0.8500
16.0006 -3.0716 -0.3295 0.8500
13.1922 -2.4457 -0.2391 0.8500
15.0075 -3.2723 -0.6790 0.8500
13.0877 -2.1260 -0.4264 0.8500
12.9537 -3.2547 -0.4467 0.8500
13.9239 -3.0551 -0.9649 0.8500
15.0231 -2.4141 -1.4290 0.8500
11.8172 -1.9323 -1.4836 0.8500
12.5529 -2.7395 -1.4547 0.8500
15.2070 -3.2985 -0.8817 0.8500
13.3531 -2.7739 -1.5504 0.8500
15.5637 -3.2674 -0.9279 0.8500
12.3862 -3.0610 -1.1984 0.8500
15.3772 -2.5573 -0.3794 0.8500
14.5373 -1.8145 -1.4733 0.8500
12.5414 -1.7916 -0.6479 0.8500
11.8543 -2.1325 -1.4863 0.8500
15.6781 -1.8838 -0.8611 0.8500
13.0711 -2.4372 -1.1322 0.8500
12.8620 -1.6800 -0.8309 0.8500
12.6089 -1.8977 -1.4974 0.8500
13.3620 -2.2173 -0.8998 0.8500
14.1050 -2.9789 -0.8878 0.8500
13.9018 -2.0301 -0.4189 0.8500
15.5454 -1.8249 -1.5215 0.8500
12.6683 -2.5385 -1.4274 0.8500
15.0847 -2.7457 -0.2277 0.8500
15.8006 -2.7434 -0.9178 0.8500
11.9622 -2.0461 -0.6054 0.8500
15.1053 -1.6900 -1.1917 0.8500
13.0077 -2.6791 -0.7178 0.8500
13.7698 -3.2084 -1.0074 0.8500
12.0687 -3.3242 -0.4355 0.8500
13.0951 -1.9031 -0.9922 0.8500
12.2932 -2.8407 -0.6526 0.8500
12.8246 -1.9186 -1.1348 0.8500
11.9443 -3.1914 -1.3134 0.8500
15.9311 -3.3290 -1.2951 0.8500
15.7394 -2.8427 -0.8078 0.8500
14.6644 -2.8318 -0.9127 0.8500
13.2309 -1.6045 -0.6167 0.8500
15.9505 -2.9702 -0.4125 0.8500
16.0760 -2.0656 -1.5484 0.8500
15.2959 -1.7423 -0.4812 0.8500
14.7991 -1.9913 -0.3959 0.8500
13.2467 -1.6464 -0.6047 0.8500
15.6864 -3.0986 -0.6485 0.8500
13.9996 -2.1697 -0.2859 0.8500
14.5823 -2.4603 -0.3544 0.8500
12.5623 -1.8340 -1.0858 0.8500
11.8943 -2.0627 -0.6992 0.8500
16.1451 -1.9978 -0.8507 0.8500
14.5345 -2.7046 -1.4505 0.8500
14.8154 -2.1816 -1.2779 0.8500
12.0217 -1.8137 -0.8932 0.8500
13.6545 -3.0450 -0.9670 0.8500
13.0507 -3.3434 -0.7969 0.8500
15.4768 -2.8393 -0.4840 0.8500
13.9363 -1.8464 -0.4750 0.8500
13.4919 -2.5633 -1.2193 0.8500
12.4505 -2.9375 -1.2284 0.8500
13.4876 -1.7606 -0.7383 0.8500
13.3931 -3.3240 -1.0696 0.8500
15.2628 -1.9482 -0.2560 0.8500
15.5291 -1.9617 -0.7118 0.8500
13.4687 -2.4658 -1.2388 0.8500
13.6053 -2.9251 -1.4522 0.8500
16.0910 -2.6178 -0.5867 0.8500
13.4641 -2.7625 -1.1511 0.8500
14.5659 -3.1450 -1.3321 0.8500
12.3931 -2.3289 -1.2465 0.8500
13.6871 -3.0478 -0.6276 0.8500
12.8630 -1.6070 -0.6787 0.8500
12.8688 -2.3660 -1.4589 0.8500
12.8299 -3.1895 -0.6692 0.8500
13.8887 -2.2937 -0.7368 0.8500
13.0942 -2.7158 -0.4796 0.8500
15.3939 -3.0658 -1.4781 0.8500
13.7743 -2.8651 -1.2188 0.8500
12.0414 -2.9394 -0.4750 0.8500
13.7301 -2.3511 -0.9845 0.8500
12.2366 -2.9038 -0.3275 0.8500
12.4475 -3.3137 -0.6311 0.8500
12.3953 -1.9277 -1.5241 0.8500
15.2883 -2.8862 -0.9682 0.8500
13.6900 -2.8516 -1.1843 0.8500
11.8043 -2.6200 -0.5347 0.8500
14.0515 -1.9721 -1.3901 0.8500
12.6855 -2.2928 -0.3643 0.8500
14.9563 -3.2422 -0.5784 0.8500
15.9432 -2.5726 -0.7798 0.8500
12.5495 -2.0380 -0.8143 0.8500
13.0164 -3.3267 -0.2673 0.8500
14.9340 -3.3273 -0.3908 0.8500
14.5824 -2.1364 -0.3093 0.8500
15.4447 -2.4972 -0.4489 0.8500
14.6564 -3.1052 -1.1090 0.8500
12.6402 -2.1935 -1.3623 0.8500
15.4756 -3.2528 -1.1826 0.8500
12.5076 -2.5997 -0.2537 0.8500
12.1688 -1.9242 -0.2509 0.8500
15.9338 -3.0812 -1.3148 0.8500
14.3687 -2.3387 -1.2832 0.8500
13.2571 -2.7326 -0.6789 0.8500
12.9281 -1.7920 -0.8251 0.8500
12.1727 -2.2361 -0.8098 0.8500
14.2638 -2.7535 -0.3301 0.8500
15.6293 -2.5194 -0.8201 0.8500
14.7917 -2.4531 -0.7875 0.8500
15.1529 -1.6280 -0.6741 0.8500
14.4331 -2.0584 -0.8853 0.8500
11.8435 -2.1149 -0.7858 0.8500
13.7584 -1.6294 -0.5545 0.8500
11.9575 -3.1242 -0.3186 0.8500
12.1577 -2.5591 -0.2951 0.8500
12.5731 -1.6688 -0.6649 0.8500
15.7133 -1.8658 -1.2238 0.8500
12.7465 -3.0312 -0.3861 0.8500
13.7878 -2.6414 -0.6284 0.8500
15.6565 -3.0618 -1.0853 0.8500
14.7837 -2.1387 -0.7216 0.8500
12.3837 -2.2888 -1.0083 0.8500
13.8343 -2.3538 -0.4332 0.8500
15.1921 -1.7745 -1.1287 0.8500
13.7531 -3.2193 -0.9845 0.8500
12.7567 -1.7071 -0.4899 0.8500
14.6314 -2.5278 -1.3194 0.8500
13.5932 -3.3514 -0.8104 0.8500
14.0605 -1.7534 -0.9716 0.8500
12.3499 -1.7238 -1.0857 0.8500
15.7822 -1.7013 -1.4460 0.8500
15.8526 -1.8974 -1.5837 0.8500
13.1343 -2.8988 -0.7408 0.8500
13.0875 -2.8843 -0.8158 0.8500
12.5506 -2.8095 -0.2894 0.8500
14.3777 -2.9940 -1.1783 0.8500
12.6758 -1.7651 -1.5432 0.8500
14.5038 -2.4373 -0.9514 0.8500
15.9612 -2.9209 -1.5413 0.8500
12.5957 -2.0100 -1.2376 0.8500
12.7940 -2.2701 -0.6645 0.8500
12.2012 -2.7173 -0.9601 0.8500
13.1857 -1.7545 -1.1420 0.8500
15.6791 -2.4001 -0.4809 0.8500
11.8702 -2.2693 -1.1289 0.8500
14.5996 -3.3413 -1.3759 0.8500
13.4897 -2.2662 -1.2089 0.8500
13.1972 -2.6569 -0.2667 0.8500
12.5577 -2.0535 -1.2498 0.8500
15.4640 -3.3211 -1.0926 0.8500
15.4203 -2.7054 -1.3550 0.8500
11.9800 -3.2819 -0.6932 0.8500
14.3369 -1.7236 -1.2124 0.8500
13.6258 -2.6442 -1.3066 0.8500
11.8275 -3.1495 -0.7782 0.8500
13.1435 -2.0622 -0.5296 0.8500
12.6273 -1.8127 -0.7718 0.8500
15.1592 -2.0044 -0.9021 0.8500
13.7682 -1.8691 -0.2372 0.8500
15.3112 -1.8756 -1.2010 0.8500
16.0628 -1.6192 -0.9381 0.8500
13.5661 -2.7459 -1.3324 0.8500
14.2438 -2.7726 -0.8958 0.8500
16.0807 -3.1991 -0.9202 0.8500
12.5316 -1.8564 -0.5197 0.8500
12.0384 -1.7250 -0.9602 0.8500
13.8663 -2.8918 -1.3998 0.8500
13.9466 -2.2929 -0.2705 0.8500
15.8877 -2.9591 -1.2251 0.8500
13.8048 -1.8485 -1.2572 0.8500
13.7535 -3.3876 -0.3376 0.8500
13.9917 -2.1488 -0.6724 0.8500
13.7607 -2.4227 -0.3597 0.8500
15.7546 -2.8851 -1.1971 0.8500
14.5183 -1.7385 -1.5266 0.8500
15.3037 -2.5368 -0.9934 0.8500
12.4803 -2.4558 -1.2568 0.8500
15.6543 -3.2501 -0.5779 0.8500
16.0682 -2.6586 -1.2988 0.8500
16.0103 -3.1138 -1.4906 0.8500
16.1242 -2.4023 -0.9379 0.8500
14.8683 -2.3589 -1.2051 0.8500
14.7546 -2.9606 -1.2436 0.8500
12.0963 -1.7018 -1.1596 0.8500
13.0449 -2.8549 -1.1713 0.8500
15.2630 -2.2224 -0.9812 0.8500
13.3888 -1.6376 -0.7923 0.8500
14.5303 -1.9535 -0.8460 0.8500
14.3806 -2.0568 -0.7667 0.8500
14.3551 -3.2934 -1.4198 0.8500
13.4299 -2.4565 -1.5160 0.8500
15.6932 -2.0430 -0.2955 0.8500
12.8954 -2.2112 -1.2878 0.8500
15.1896 -2.3781 -0.4375 0.8500
11.9117 -1.7421 -1.5075 0.8500
15.4890 -2.3928 -0.6538 0.8500
15.1357 -1.8923 -0.7556 0.8500
16.1074 -1.8055 -0.9523 0.8500
12.3314 -1.9848 -1.0767 0.8500
15.3359 -3.1302 -0.3899 0.8500
13.1597 -2.0049 -0.6157 0.8500
12.8909 -1.9830 -0.6945 0.8500
12.7022 -2.1874 -0.3014 0.8500
14.9611 -2.7314 -1.5060 0.8500
15.9468 -2.8798 -0.5513 0.8500
14.6695 -2.2286 -0.2449 0.8500
12.9696 -2.0865 -0.2402 0.8500
13.5593 -1.7441 -1.3571 0.8500
12.8605 -2.7854 -0.4662 0.8500
12.1071 -2.8797 -1.5176 0.8500
15.1762 -2.0654 -0.6311 0.8500
12.2597 -1.6388 -0.7022 0.8500
14.6569 -2.8771 -0.9620 0.8500
13.6844 -2.9062 -1.1177 0.8500
12.1197 -1.7913 -1.2652 0.8500
13.1266 -2.9235 -1.1108 0.8500
12.1320 -2.6524 -1.4609 0.8500
14.5687 -1.6143 -1.1768 0.8500
14.7356 -1.9586 -0.8891 0.8500
15.7370 -2.9503 -0.8794 0.8500
13.0591 -1.6856 -0.7923 0.8500
12.5751 -1.8815 -0.5820 0.8500
13.8882 -1.6467 -1.4367 0.8500
15.3834 -2.6743 -0.4099 0.8500
14.2897 -2.1991 -1.0878 0.8500
15.9535 -2.7127 -1.3322 0.8500
12.1905 -2.6042 -1.3489 0.8500
14.9648 -2.1918 -0.4717 0.8500
14.7176 -2.6536 -0.9308 0.8500
12.8710 -2.6458 -1.2394 0.8500
12.7148 -2.4247 -0.2960 0.8500
13.4809 -3.2070 -0.7794 0.8500
13.2191 -1.6254 -0.7120 0.8500
13.2739 -1.9115 -1.2529 0.8500
14.9777 -2.5316 -1.0403 0.8500
12.1973 -2.0395 -1.1702 0.8500
15.0926 -1.6045 -1.2557 0.8500
13.9974 -2.4704 -0.3417 0.8500
12.5655 -2.0974 -1.4200 0.8500
14.7456 -3.2470 -1.4750 0.8500
13.4446 -1.6788 -1.0678 0.8500
12.3849 -3.1015 -0.6792 0.8500
14.3864 -1.9583 -1.1580 0.8500
13.2077 -2.5221 -1.3167 0.8500
13.0478 -2.2401 -1.5237 0.8500
13.9023 -2.3272 -0.4343 0.8500
14.0874 -2.6522 -0.5691 0.8500
14.8926 -1.6861 -0.6973 0.8500
13.9656 -2.8417 -0.5736 0.8500
14.1474 -2.9840 -0.4219 0.8500
14.3099 -1.7904 -1.2277 0.8500
15.8800 -2.8705 -0.4929 0.8500
12.2455 -3.2059 -1.4557 0.8500
14.7189 -3.1181 -0.2934 0.8500
11.9644 -2.7572 -0.8093 0.8500
12.9401 -1.8189 -0.5310 0.8500
15.2801 -2.2052 -0.9181 0.8500
13.3900 -3.1720 -1.0396 0.8500
11.9175 -2.4365 -0.6116 0.8500
14.0587 -2.2790 -1.1387 0.8500
13.7260 -1.9455 -0.7601 0.8500
15.8781 -2.3855 -1.5981 0.8500
15.9458 -2.7818 -0.4267 0.8500
13.0267 -1.6074 -1.3663 0.8500
15.4094 -2.9327 -0.7409 0.8500
14.0648 -1.6638 -0.4027 0.8500
14.1767 -3.0233 -0.6474 0.8500
12.3022 -2.4676 -0.9368 0.8500
15.4807 -3.2011 -0.8937 0.8500
14.4662 -1.7926 -0.9851 0.8500
16.0029 -2.5191 -1.5516 0.8500
15.2448 -1.8088 -0.5163 0.8500
13.8531 -1.9151 -0.2612 0.8500
15.5720 -3.0579 -0.5913 0.8500
13.2002 -3.2947 -0.3418 0.8500
15.5971 -1.7500 -0.3799 0.8500
12.3098 -2.3881 -1.1026 0.8500
13.2807 -1.8654 -1.0918 0.8500
15.6203 -2.1583 -0.9567 0.8500
11.9055 -2.0147 -1.4718 0.8500
15.6218 -2.5300 -1.5374 0.8500
11.9764 -2.0800 -1.5966 0.8500
14.6991 -1.7463 -0.8597 0.8500
14.6077 -2.1232 -0.8459 0.8500
12.0532 -1.7228 -1.4912 0.8500
15.4881 -2.9654 -1.3516 0.8500
12.1780 -1.9547 -0.5619 0.8500
15.5460 -2.4464 -0.8554 0.8500
16.1258 -3.2906 -0.5098 0.8500
14.7573 -2.2384 -1.3192 0.8500
15.8932 -2.2708 -0.7995 0.8500
14.5514 -1.6164 -1.2646 0.8500
16.1166 -2.2304 -0.2556 0.8500
15.3061 -3.1647 -0.3060 0.8500
14.7888 -1.6159 -1.1436 0.8500
16.1512 -2.8333 -1.3831 0.8500
13.9290 -2.1449 -1.3935 0.8500
13.9281 -2.3231 -1.3531 0.8500
15.5472 -2.7602 -0.7158 0.8500
14.7669 -2.6680 -1.3490 0.8500
12.4345 -2.2246 -1.3425 0.8500
13.1551 -1.8309 -1.0362 0.8500
14.3727 -1.6961 -0.4887 0.8500
11.8704 -1.6162 -1.4130 0.8500
14.0457 -3.1899 -1.3804 0.8500
12.8293 -3.0618 -1.4944 0.8500
12.8419 -3.0299 -1.5108 0.8500
15.7395 -1.6480 -1.3702 0.8500
13.0416 -3.2246 -0.4859 0.8500
15.7523 -2.1453 -0.2207 0.8500
14.1484 -1.6761 -1.3131 0.8500
15.8826 -2.3645 -1.3451 0.8500
15.0086 -3.3859 -1.3685 0.8500
13.6217 -3.2818 -1.5387 0.8500
11.9548 -2.1223 -0.4229 0.8500
15.7232 -2.6830 -0.8859 0.8500
14.9123 -2.4898 -1.1377 0.8500
12.3929 -3.3186 -1.3069 0.8500
15.9147 -1.7830 -1.3556 0.8500
13.9499 -1.7703 -1.4459 0.8500
11.9300 -2.3162 -0.6673 0.8500
13.1019 -2.5427 -0.6767 0.8500
15.5831 -2.6914 -1.4216 0.8500
13.6441 -3.0438 -1.3040 0.8500
15.3542 -1.7085 -0.4544 0.8500
13.5722 -2.5192 -0.8517 0.8500
12.3894 -3.2055 -1.3511 0.8500
12.6563 -1.9731 -0.6877 0.8500
15.6773 -1.6507 -0.4212 0.8500
12.5974 -2.8917 -1.1398 0.8500
15.9160 -2.1632 -0.5336 0.8500
13.0696 -1.6057 -0.4231 0.8500
16.0752 -3.1932 -1.1134 0.8500
12.2261 -1.9373 -0.3061 0.8500
14.2129 -2.5030 -1.0361 0.8500
11.9566 -2.1952 -1.4506 0.8500
12.9290 -3.0747 -0.5398 0.8500
15.5636 -3.0077 -1.3566 0.8500
12.6228 -2.3991 -1.3113 0.8500
15.7227 -2.9491 -0.6823 0.8500
14.3952 -2.3258 -0.8904 0.8500
14.9970 -3.2421 -1.4888 0.8500
13.3814 -1.9925 -0.4795 0.8500
16.1336 -2.9068 -1.5715 0.8500
15.4369 -2.0734 -1.3326 0.8500
15.8117 -3.1066 -0.7237 0.8500
12.4417 -1.9608 -0.5228 0.8500
12.9740 -3.3757 -0.9621 0.8500
15.5004 -3.0925 -0.9669 0.8500
14.7459 -2.7918 -0.2842 0.8500
13.4933 -1.9961 -1.1763 0.8500
13.8432 -3.3429 -0.8324 0.8500
13.7296 -2.0675 -0.6974 0.8500
14.2545 -2.9764 -0.3014 0.8500
13.9517 -1.6060 -0.5297 0.8500
13.8008 -2.8836 -1.4343 0.8500
13.2418 -3.1377 -0.5285 0.8500
13.7750 -2.1701 -0.7295 0.8500
12.5809 -2.9020 -0.5157 0.8500
12.6398 -2.4276 -1.4629 0.8500
14.8285 -2.0102 -0.3111 0.8500
16.0441 -1.9601 -0.4890 0.8500
12.7345 -3.0028 -0.4133 0.8500
15.8169 -3.0224 -0.3667 0.8500
14.5525 -2.9116 -1.4658 0.8500
15.9924 -2.6895 -0.4827 0.8500
13.5391 -2.0555 -0.6198 0.8500
14.8374 -2.4244 -0.6473 0.8500
14.1930 -1.8162 -1.0646 0.8500
16.1010 -2.1427 -1.2307 0.8500
12.0662 -2.2961 -0.7475 0.8500
12.0585 -2.4628 -1.1999 0.8500
15.6022 -2.6573 -0.3160 0.8500
12.0354 -2.7774 -0.7483 0.8500
15.7924 -3.0852 -1.0976 0.8500
12.2137 -2.9138 -1.5703 0.8500
12.2947 -1.7782 -1.3757 0.8500
13.2554 -1.9070 -1.1928 0.8500
14.9978 -3.3919 -1.3731 0.8500
14.3387 -2.9967 -0.8364 0.8500
15.7994 -1.9469 -0.5903 0.8500
14.5704 -2.3460 -0.3624 0.8500
14.4211 -3.2717 -0.6972 0.8500
14.3096 -1.9466 -0.7904 0.8500
13.5866 -2.0439 -1.2644 0.8500
14.6124 -2.8931 -0.3767 0.8500
16.0814 -2.0610 -1.1577 0.8500
16.0774 -1.8039 -0.6157 0.8500
12.2879 -2.2350 -0.5534 0.8500
13.8045 -2.0614 -1.5373 0.8500
14.4063 -3.3118 -0.6889 0.8500
14.9501 -2.3829 -0.2963 0.8500
13.1223 -2.0435 -0.6289 0.8500
16.1249 -2.5673 -0.9326 0.8500
13.6271 -2.6718 -1.0364 0.8500
13.0556 -2.3866 -1.3902 0.8500
15.2323 -2.1853 -1.2852 0.8500
14.3874 -1.9301 -0.3554 0.8500
15.7800 -1.9306 -1.0536 0.8500
12.2680 -2.1345 -1.3727 0.8500
12.0405 -1.6295 -1.0422 0.8500
15.9498 -2.4315 -0.9867 0.8500
13.7624 -2.6021 -1.1249 0.8500
12.7511 -2.8046 -1.5763 0.8500
15.0696 -3.1762 -1.0858 0.8500
16.1888 -2.9995 -0.3445 0.8500
16.1945 -2.8491 -1.2153 0.8500
16.0380 -2.4882 -1.0927 0.8500
12.4890 -1.6040 -0.5981 0.8500
15.5414 -2.0042 -1.3819 0.8500
12.3465 -1.8020 -0.4223 0.8500
13.3700 -3.0735 -0.8365 0.8500
12.5846 -3.3567 -0.8530 0.8500
13.3665 -3.3951 -1.4212 0.8500
12.8910 -2.4953 -1.5054 0.8500
15.7459 -3.1884 -0.4126 0.8500
16.1461 -3.0592 -1.2903 0.8500
12.5647 -3.0802 -0.9898 0.8500
12.3705 -2.1153 -0.8894 0.8500
12.5232 -1.6842 -1.5666 0.8500
14.2890 -3.1819 -0.6147 0.8500
15.6812 -3.2077 -0.8403 0.8500
15.0802 -2.8066 -0.3274 0.8500
13.6571 -2.2523 -1.4168 0.8500
16.0198 -2.7352 -1.3645 0.8500
14.1696 -2.8988 -1.2381 0.8500
15.2533 -3.1927 -1.1731 0.8500
14.0000 -2.5756 -0.2802 0.8500
14.7315 -3.3365 -0.8052 0.8500
13.4561 -2.2693 -1.2214 0.8500
12.0312 -1.9177 -1.2991 0.8500
14.4955 -1.6566 -0.8691 0.8500
13.0710 -2.8199 -1.3184 0.8500
14.2228 -1.9148 -1.4875 0.8500
14.6662 -2.4876 -0.7265 0.8500
13.7875 -2.9182 -0.6643 0.8500
12.4911 -3.2264 -1.4962 0.8500
15.3428 -2.5954 -0.8923 0.8500
12.5588 -1.8390 -0.7995 0.8500
12.3690 -1.6945 -0.7106 0.8500
13.1964 -2.5684 -1.5885 0.8500
12.0561 -2.0084 -0.4884 0.8500
13.3542 -3.0166 -0.8601 0.8500
15.1334 -2.0607 -1.0224 0.8500
15.2773 -3.3613 -0.9849 0.8500
13.8096 -2.6473 -0.9657 0.8500
12.6080 -2.0149 -0.4085 0.8500
16.0845 -2.7401 -0.6372 0.8500
15.4248 -3.2142 -1.1996 0.8500
11.8231 -1.6521 -1.5824 0.8500
14.4709 -2.8620 -1.0727 0.8500
15.9591 -3.3240 -1.3345 0.8500
15.8885 -2.6655 -0.7504 0.8500
13.5575 -2.1454 -0.7028 0.8500
14.4900 -2.7093 -1.1483 0.8500
14.5119 -1.7788 -0.3918 0.8500
15.0120 -3.0164 -0.2250 0.8500
15.9426 -2.3583 -0.9421 0.8500
13.8524 -3.2074 -0.9385 0.8500
12.0716 -3.1875 -1.4903 0.8500
14.9767 -3.0485 -0.3703 0.8500
15.9630 -3.0082 -1.3994 0.8500
15.6306 -2.2128 -0.7201 0.8500
11.9078 -1.8726 -0.6966 0.8500
15.6836 -1.8421 -1.1164 0.8500
12.4481 -2.2691 -1.4610 0.8500
16.1068 -2.6676 -0.6838 0.8500
15.0617 -2.9236 -1.1213 0.8500
12.3551 -2.8723 -1.3859 0.8500
12.2434 -2.5848 -0.3205 0.8500
13.0227 -2.2678 -0.9188 0.8500
12.8096 -2.4005 -0.6194 0.8500
11.8177 -2.0291 -1.1792 0.8500
15.7175 -3.1690 -1.3926 0.8500
12.3565 -3.1968 -1.5517 0.8500
16.1532 -1.6166 -1.1176 0.8500
12.9613 -2.8312 -1.5297 0.8500
14.3276 -1.6515 -0.2139 0.8500
14.8729 -2.8790 -1.2734 0.8500
13.1252 -3.2837 -1.4237 0.8500
13.8063 -2.4865 -0.4503 0.8500
15.2009 -3.0447 -0.4812 0.8500
12.0843 -1.7809 -0.2046 0.8500
13.3915 -2.6216 -1.2585 0.8500
15.2759 -2.6062 -1.5326 0.8500
13.2607 -2.6987 -0.5875 0.8500
12.0608 -3.2001 -0.4688 0.8500
12.6261 -2.2781 -1.1100 0.8500
14.7793 -3.1217 -0.2898 0.8500
16.0569 -2.2485 -0.5195 0.8500
12.8067 -2.6797 -1.0262 0.8500
14.0771 -1.8646 -0.5923 0.8500
12.8582 -2.4632 -1.5987 0.8500
15.8626 -1.8009 -1.1246 0.8500
-11.5180 2.8857 -0.0147 0.8000
-10.8958 3.1832 -0.8286 0.8000
-11.3385 3.0781 -1.5683 0.8000
-9.0109 3.3380 -0.1561 0.8000
-8.4864 2.9958 -1.0618 0.8000
-11.4709 3.3443 -1.5033 0.8000
-10.3805 3.2713 -1.3050 0.8000
-9.5463 2.7101 -0.4415 0.8000
-11.6355 2.8115 -1.2272 0.8000
-10.6405 2.0171 -0.4268 0.8000
-11.4008 3.1972 -0.2694 0.8000
-9.7144 2.7987 -0.1439 0.8000
-8.1506 3.1926 -0.1500 0.8000
-10.1709 1.8230 -1.3111 0.8000
-9.2132 2.1376 -0.7064 0.8000
-8.9865 1.5691 -0.1866 0.8000
-7.7430 3.2647 -1.2112 0.8000
-9.4116 3.0215 -0.0014 0.8000
-11.4488 2.9253 -0.4218 0.8000
-12.2522 2.2750 -0.1061 0.8000
-11.6608 1.4216 -1.1026 0.8000
-11.7265 3.3394 -1.2758 0.8000
-9.8942 2.1683 -0.0806 0.8000
-10.2794 1.8956 -1.1494 0.8000
-9.4729 3.1081 -0.1532 0.8000
-11.9426 1.8116 -1.3277 0.8000
-8.5264 1.7427 -1.0264 0.8000
-11.7989 2.3428 -0.5942 0.8000
-9.1560 2.3171 -0.1410 0.8000
-9.1127 3.1702 -0.8619 0.8000
-9.6875 3.3924 -0.6413 0.8000
-11.4957 1.9185 -1.0778 0.8000
-9.4805 1.8012 -1.2876 0.8000
-8.0458 2.3362 -0.4149 0.8000
-8.5962 2.2835 -0.4242 0.8000
-11.7023 3.0457 -0.2175 0.8000
-10.7770 1.5937 -1.3589 0.8000
-8.6666 1.7210 -1.5062 0.8000
-11.3947 1.8086 -0.5996 0.8000
-9.0114 1.5651 -0.8179 0.8000
-8.0756 1.5295 -0.5989 0.8000
-10.9922 2.4301 -1.2179 0.8000
-11.8667 3.1800 -0.2790 0.8000
-10.1830 3.0450 -0.8881 0.8000
-10.8585 1.7857 -0.5163 0.8000
-9.9586 1.6879 -1.2880 0.8000
-10.9073 2.6241 -1.5206 0.8000
-9.9824 2.0587 -1.0273 0.8000
-11.5740 2.4111 -0.9185 0.8000
-11.5054 2.8336 -0.9127 0.8000
-10.5301 3.1974 -1.2170 0.8000
-11.8875 1.7736 -0.8522 0.8000
-7.7737 1.5398 -0.7908 0.8000
-10.8159 1.8552 -1.1418 0.8000
-11.3802 2.5078 -1.0687 0.8000
-9.0649 1.5798 -0.7049 0.8000
-10.3632 2.0553 -1.5284 0.8000
-7.8937 2.0107 -1.5340 0.8000
-12.0564 1.6197 -0.9079 0.8000
-10.0961 3.3598 -1.4997 0.8000
-11.2210 3.1088 -0.4057 0.8000
-9.0654 2.5856 -0.6611 0.8000
-9.7904 3.1686 -1.5580 0.8000
-11.2048 1.9708 -1.0728 0.8000
-9.8846 3.0894 -1.4593 0.8000
-8.7185 2.7573 -0.1500 0.8000
-7.8161 1.8664 -1.1028 0.8000
-11.2570 2.7482 -0.9885 0.8000
-12.0502 2.4230 -0.3406 0.8000
-9.6973 2.3946 -1.2537 0.8000
-10.8815 3.2594 -1.2674 0.8000
-8.8735 2.1783 -0.3084 0.8000
-8.7663 3.2362 -0.7471 0.8000
-11.4296 3.0569 -1.1895 0.8000
-10.2427 2.2452 -1.3476 0.8000
-12.1910 2.9510 -0.3336 0.8000
-8.9625 1.6296 -1.2737 0.8000
-9.7840 2.4023 -0.8142 0.8000
-7.7963 1.5251 -1.2959 0.8000
-10.7447 1.7928 -0.9989 0.8000
-9.2781 2.1150 -1.4658 0.8000
-9.6654 1.5839 -1.5837 0.8000
-9.7476 3.1830 -0.6774 0.8000
-10.3483 3.1512 -0.6893 0.8000
-10.5844 1.4086 -1.2964 0.8000
-11.2419 1.5996 -1.2842 0.8000
-9.1203 3.2797 -0.3630 0.8000
-9.0629 1.4059 -0.8854 0.8000
-9.2321 3.3129 -0.6336 0.8000
-7.8017 2.5456 -1.1522 0.8000
-10.8014 2.5088 -0.6622 0.8000
-11.5588 1.4702 -0.9308 0.8000
-12.0279 2.1255 -1.1611 0.8000
-11.6883 3.0732 -0.7141 0.8000
-11.0810 2.0470 -1.4893 0.8000
-12.0245 3.2108 -1.3973 0.8000
-7.9587 2.4299 -0.8906 0.8000
-10.8042 3.0767 -1.1074 0.8000
-8.0186 2.9658 -0.3090 0.8000
-10.5698 2.3270 -1.2854 0.8000
-9.8158 3.0697 -1.3856 0.8000
-9.5644 3.1258 -1.4933 0.8000
-10.4660 3.3233 -0.2934 0.8000
-10.6553 1.5514 -0.2237 0.8000
-9.2499 3.0174 -0.1582 0.8000
-8.1553 2.7322 -0.1808 0.8000
-8.8599 2.8007 -0.2017 0.8000
-10.2723 3.2538 -0.0402 0.8000
-8.6875 1.4780 -0.9628 0.8000
-9.3892 2.9105 -0.5470 0.8000
-9.9481 2.1506 -1.5329 0.8000
-8.2297 2.6066 -0.2140 0.8000
-9.9785 1.8715 -1.3677 0.8000
-10.2796 1.9822 -0.5089 0.8000
-9.2313 2.6330 -1.0778 0.8000
-10.3057 2.1370 -0.6595 0.8000
-10.9804 1.9957 -0.3309 0.8000
-9.9308 1.4717 -0.7858 0.8000
-7.9854 1.7059 -0.0792 0.8000
-9.9918 2.6173 -1.1052 0.8000
-7.7468 2.2118 -0.7035 0.8000
-8.5274 1.4589 -0.2272 0.8000
-10.0677 2.1013 -0.7176 0.8000
-10.7475 2.1306 -0.7449 0.8000
-9.3303 1.8593 -0.9817 0.8000
-7.9083 1.7330 -0.3556 0.8000
-10.3955 1.4191 -1.0253 0.8000
-11.3175 2.6584 -1.2031 0.8000
-11.6977 2.9354 -1.3942 0.8000
-9.9222 1.8646 -0.9161 0.8000
-10.2570 2.0504 -1.1425 0.8000
-9.9347 3.1994 -0.0166 0.8000
-10.0638 3.3328 -0.6223 0.8000
-9.6587 2.5333 -0.0120 0.8000
-10.8560 2.1985 -0.4875 0.8000
-10.1124 3.3729 -0.2438 0.8000
-10.3340 1.5165 -1.4208 0.8000
-9.8766 1.9910 -0.4937 0.8000
-10.2313 2.4507 -1.4104 0.8000
-9.3095 1.8933 -1.3657 0.8000
-9.0319 3.2464 -1.4762 0.8000
-10.4581 2.4517 -0.6020 0.8000
-8.9337 3.1803 -0.5592 0.8000
-8.1031 2.0611 -1.1355 0.8000
-8.7649 1.7309 -0.1673 0.8000
-8.7349 3.2320 -0.1225 0.8000
-8.9282 2.3568 -0.3122 0.8000
-10.4896 2.9862 -0.5983 0.8000
-7.9076 2.0308 -0.6436 0.8000
-11.4167 1.6188 -0.9712 0.8000
-10.9514 2.6671 -0.8698 0.8000
-11.3453 1.9265 -1.3742 0.8000
-10.0720 3.2334 -0.0708 0.8000
-8.8604 1.9879 -0.6571 0.8000
-11.1114 1.9728 -0.9918 0.8000
-7.8810 2.9079 -1.2772 0.8000
-9.2602 2.1547 -0.9491 0.8000
-7.9941 1.6859 -1.3315 0.8000
-9.5127 1.8784 -0.3231 0.8000
-9.5988 2.7266 -0.4447 0.8000
-7.8622 1.6473 -0.4056 0.8000
-7.9501 2.7928 -0.5047 0.8000
-9.1087 3.2958 -0.1695 0.8000
-11.7728 1.6732 -1.3084 0.8000
-11.7566 1.9565 -0.7605 0.8000
-12.1448 2.0813 -0.6130 0.8000
-11.6218 2.5739 -0.0292 0.8000
-9.7824 2.6954 -1.0198 0.8000
-10.2507 3.3285 -1.1572 0.8000
-9.1081 3.3672 -1.5054 0.8000
-8.1961 2.0401 -0.0477 0.8000
-10.5680 1.8137 -1.1944 0.8000
-8.3012 1.8988 -1.4220 0.8000
-8.1776 2.6207 -0.1652 0.8000
-9.1811 1.9369 -0.1096 0.8000
-8.4569 3.0310 -0.7339 0.8000
-8.0410 2.3256 -1.1659 0.8000
-10.1987 1.4219 -0.8092 0.8000
-9.9859 2.9732 -1.4220 0.8000
-9.9254 2.2452 -1.3868 0.8000
-10.1829 3.3857 -0.8326 0.8000
-7.9387 2.9247 -0.2497 0.8000
-11.8791 2.5194 -1.3690 0.8000
-10.6291 1.6434 -0.5697 0.8000
-8.1304 2.4425 -1.0671 0.8000
-8.7379 2.6274 -1.5105 0.8000
-10.9737 3.1100 -1.1968 0.8000
-9.2477 3.0227 -1.4893 0.8000
-12.2911 3.2722 -1.2994 0.8000
-9.8497 2.8190 -1.1117 0.8000
-8.0752 2.3594 -1.3223 0.8000
-9.4558 2.2230 -0.9537 0.8000
-8.1182 2.3531 -1.5950 0.8000
-11.9525 2.0046 -1.5536 0.8000
-9.8450 1.6813 -0.3754 0.8000
-9.1524 1.9125 -0.3570 0.8000
-12.1470 2.7859 -0.9865 0.8000
-8.3146 1.5582 -0.0274 0.8000
-11.1202 2.1824 -1.1630 0.8000
-8.3219 1.7526 -0.4040 0.8000
-11.0133 2.7773 -0.8912 0.8000
-7.7851 2.0695 -1.0530 0.8000
-8.2178 2.4480 -1.1387 0.8000
-8.3609 3.0719 -1.2323 0.8000
-9.1377 2.4563 -0.5397 0.8000
-10.4532 1.9971 -1.5525 0.8000
-10.1929 2.5937 -0.1525 0.8000
-9.5992 3.3495 -1.1929 0.8000
-11.0702 2.5376 -0.8302 0.8000
-11.1208 2.0894 -0.9748 0.8000
-10.0673 2.9404 -0.0818 0.8000
-9.8672 2.6390 -1.3306 0.8000
-8.6319 3.3345 -1.0157 0.8000
-8.8735 1.7150 -0.5412 0.8000
-9.4242 3.3759 -1.1479 0.8000
-9.2905 2.7968 -0.7286 0.8000
-8.2903 2.6276 -1.5569 0.8000
-12.0327 2.9216 -0.1565 0.8000
-9.6752 1.7020 -0.2584 0.8000
-12.0217 1.9125 -1.4013 0.8000
-11.7939 1.6378 -0.4335 0.8000
-10.1120 2.3848 -1.5021 0.8000
-10.4981 2.4259 -0.1238 0.8000
-8.9239 3.2045 -1.4080 0.8000
-8.5342 2.2849 -1.0258 0.8000
-8.6658 2.8383 -0.2279 0.8000
-9.6333 2.2079 -1.2690 0.8000
-12.2723 2.9957 -0.1151 0.8000
-12.1925 1.6330 -0.5326 0.8000
-11.4251 1.6076 -0.8404 0.8000
-11.0659 2.0446 -1.4040 0.8000
-10.1799 3.3912 -0.5492 0.8000
-10.5517 2.4681 -0.6580 0.8000
-11.6047 2.7029 -0.9243 0.8000
-11.8564 1.5962 -0.9544 0.8000
-12.2005 2.1795 -0.6573 0.8000
-11.9820 3.2620 -0.9421 0.8000
-12.2972 2.5396 -0.5069 0.8000
-12.1515 1.5144 -0.9022 0.8000
-10.2424 3.1002 -0.0324 0.8000
-9.1924 1.6128 -0.7135 0.8000
-10.3742 2.6372 -1.3747 0.8000
-11.0920 1.7035 -0.0511 0.8000
-9.4687 3.1446 -0.0230 0.8000
-9.3913 3.3465 -0.0112 0.8000
-9.0293 1.9178 -1.1111 0.8000
-10.9922 3.0955 -1.0508 0.8000
-7.9005 3.2123 -1.5901 0.8000
-11.5087 2.9186 -0.1796 0.8000
-7.8680 2.9527 -0.4643 0.8000
-9.3877 2.8028 -1.1494 0.8000
-11.0475 1.5397 -1.3013 0.8000
-11.3839 2.1113 -0.1761 0.8000
-11.2342 2.0143 -1.0323 0.8000
-9.3280 1.8174 -0.6993 0.8000
-7.8932 2.3199 -1.3471 0.8000
-8.3083 1.9212 -1.3184 0.8000
-7.7857 2.4518 -0.9797 0.8000
-10.8185 2.3613 -1.1990 0.8000
-10.5162 1.4160 -1.2438 0.8000
-8.8638 1.6624 -0.9481 0.8000
-11.1487 2.5739 -1.2651 0.8000
-10.7493 3.3584 -0.0892 0.8000
-10.9821 2.5520 -0.6659 0.8000
-10.4234 3.2600 -1.5301 0.8000
-8.7491 3.3841 -1.2476 0.8000
-12.2591 2.7689 -0.8821 0.8000
-12.1803 2.5792 -0.9116 0.8000
-12.2830 2.5593 -0.5003 0.8000
-9.3587 1.8029 -0.3638 0.8000
-10.6138 1.7325 -0.6875 0.8000
-10.1331 1.9970 -1.0298 0.8000
-10.1550 2.0614 -1.2998 0.8000
-11.3656 1.9553 -1.5407 0.8000
-8.6636 1.7847 -1.5036 0.8000
-11.4413 2.9077 -0.9433 0.8000
-9.1523 2.1459 -1.5978 0.8000
-8.8988 2.5637 -1.0583 0.8000
-11.1248 2.1956 -1.5878 0.8000
-9.0377 2.2788 -0.2222 0.8000
-11.3019 2.2518 -1.2622 0.8000
-9.8809 2.5512 -0.5382 0.8000
-9.0019 1.8632 -0.1726 0.8000
-11.6300 3.3665 -0.1767 0.8000
-9.1851 2.6021 -0.2836 0.8000
-11.6869 2.7897 -0.5866 0.8000
-11.9726 2.0917 -1.2445 0.8000
-10.6938 3.1207 -0.9207 0.8000
-11.2958 2.1341 -0.9453 0.8000
-11.6139 3.0673 -0.6557 0.8000
-11.1111 1.8538 -0.9781 0.8000
-8.7946 3.0725 -1.4514 0.8000
-8.3414 3.3020 -1.5306 0.8000
-7.9897 1.8058 -0.9489 0.8000
-7.9246 1.4668 -0.2069 0.8000
-9.4081 3.0473 -0.4716 0.8000
-9.1099 2.5673 -1.1108 0.8000
-10.8961 1.8892 -0.1040 0.8000
-8.1829 2.4710 -0.5499 0.8000
-10.6966 3.3680 -0.2578 0.8000
-8.9198 3.2837 -0.2814 0.8000
-8.6898 2.0150 -0.6046 0.8000
-7.8017 2.7777 -0.0966 0.8000
-12.1527 2.4212 -0.8801 0.8000
-11.1448 1.9730 -0.3432 0.8000
-10.1310 1.6861 -1.2740 0.8000
-8.6317 1.6541 -0.0924 0.8000
-8.9625 1.4484 -0.4316 0.8000
-11.9528 2.6772 -1.1660 0.8000
-8.3574 1.9417 -0.6604 0.8000
-10.4028 2.5709 -1.5647 0.8000
-8.3658 2.9123 -0.7574 0.8000
-8.2345 1.4097 -0.3819 0.8000
-8.0772 2.2866 -1.0162 0.8000
-8.6856 1.9435 -0.4169 0.8000
-8.8344 2.6273 -0.4321 0.8000
-9.9518 1.6868 -0.1049 0.8000
-9.7411 2.5409 -0.0634 0.8000
-9.9240 2.5722 -1.2668 0.8000
-9.9279 2.6790 -1.0820 0.8000
-11.3309 1.6022 -1.2402 0.8000
-10.7913 3.3584 -0.9773 0.8000
-11.4844 2.2730 -1.5369 0.8000
-8.9986 2.3177 -0.8300 0.8000
-10.3661 2.8361 -0.1823 0.8000
-11.1811 3.2487 -0.4389 0.8000
-8.6233 2.7685 -0.6958 0.8000
-8.1810 2.7334 -1.2003 0.8000
-12.2787 2.7894 -1.2051 0.8000
-8.2605 2.7577 -1.4681 0.8000
-12.1770 2.4808 -1.4676 0.8000
-9.0349 2.4305 -0.3772 0.8000
-8.2661 2.3526 -0.0929 0.8000
-11.2155 2.9252 -0.2453 0.8000
-7.9598 2.3348 -0.1007 0.8000
-8.9872 1.6750 -1.4670 0.8000
-7.7746 2.3774 -1.0309 0.8000
-11.3821 2.6734 -1.2199 0.8000
-11.7099 2.5299 -1.4439 0.8000
-9.2565 2.6354 -1.2219 0.8000
-9.9313 2.1638 -0.5741 0.8000
-8.5520 1.7497 -0.8264 0.8000
-10.3263 2.8415 -0.1454 0.8000
-12.2908 1.4752 -1.3879 0.8000
-10.0688 1.9094 -0.5069 0.8000
-9.2369 3.2647 -0.6595 0.8000
-10.8638 2.1364 -0.4150 0.8000
-9.9902 2.0681 -0.8507 0.8000
-9.5243 1.6495 -1.5437 0.8000
-8.9968 1.9015 -0.9729 0.8000
-11.2160 2.0791 -1.2617 0.8000
-11.0633 1.9592 -1.1064 0.8000
-9.1408 1.8981 -1.2408 0.8000
-10.6700 3.2602 -0.5854 0.8000
-8.8481 2.5210 -0.1235 0.8000
-11.0691 1.4989 -1.3644 0.8000
-8.8275 3.2622 -0.9785 0.8000
-11.5753 3.0181 -1.1425 0.8000
-10.2193 1.6008 -1.4155 0.8000
-11.4190 1.8705 -0.9611 0.8000
-9.9271 1.7847 -0.3265 0.8000
-9.0792 2.7809 -1.1600 0.8000
-9.8738 2.6028 -1.1840 0.8000
-11.5639 2.9322 -0.1152 0.8000
-8.0618 2.4151 -0.5657 0.8000
-12.2781 2.0045 -1.1466 0.8000
-8.9395 1.8852 -1.5493 0.8000
-8.9761 2.7275 -0.0144 0.8000
-8.1781 2.1477 -0.0384 0.8000
-8.3385 2.2013 -0.5297 0.8000
-11.6088 1.8207 -1.4000 0.8000
-7.9478 2.9731 -0.4420 0.8000
-11.6055 2.6179 -0.8754 0.8000
-9.7064 1.8426 -1.5250 0.8000
-11.5803 2.2338 -1.3896 0.8000
-10.5560 2.8111 -1.5336 0.8000
-8.6539 2.7822 -1.4160 0.8000
-7.9941 2.3004 -0.7126 0.8000
-10.8239 2.7097 -0.4227 0.8000
-10.2944 2.6442 -0.0347 0.8000
-8.6091 1.5710 -0.0251 0.8000
-9.5576 2.5666 -0.3000 0.8000
-8.1714 1.4983 -1.5217 0.8000
-10.7878 2.9980 -0.8763 0.8000
-11.4372 3.0541 -1.5215 0.8000
-9.7780 1.5047 -0.5810 0.8000
-10.1531 2.0620 -1.3498 0.8000
-8.2474 2.9648 -0.5489 0.8000
-11.8908 2.7265 -1.1951 0.8000
-12.0909 2.1718 -0.5567 0.8000
-11.4997 1.9228 -0.4303 0.8000
-9.2096 1.9902 -1.1386 0.8000
-10.8029 1.6442 -0.0134 0.8000
-11.8518 3.3956 -1.2315 0.8000
-8.2223 2.7539 -1.4440 0.8000
-8.7934 2.4987 -0.6656 0.8000
-8.2318 3.3699 -0.9423 0.8000
-11.7853 2.1418 -0.2716 0.8000
-10.8502 3.1413 -0.7744 0.8000
-9.4244 3.1824 -1.1917 0.8000
-11.9370 1.6423 -0.7611 0.8000
-7.7389 3.3818 -0.2184 0.8000
-7.7331 2.8989 -1.2211 0.8000
-9.9144 2.0890 -1.4062 0.8000
-7.7290 2.2064 -0.2031 0.8000
-7.9902 1.5418 -0.2213 0.8000
-9.4984 2.9683 -0.2393 0.8000
-11.9108 2.0097 -1.1614 0.8000
-11.7183 2.0839 -0.3262 0.8000
-10.9319 2.4336 -1.1888 0.8000
-8.5110 2.4114 -0.6068 0.8000
-9.8176 1.8131 -1.4060 0.8000
-8.4781 1.4228 -0.9288 0.8000
-9.0249 2.8274 -0.1482 0.8000
-8.5511 2.2749 -1.5681 0.8000
-11.0779 2.8371 -1.3540 0.8000
-9.0776 2.1756 -0.5773 0.8000
-11.9437 2.1440 -0.3281 0.8000
-9.1276 3.2131 -0.9007 0.8000
-10.0588 1.9373 -0.3800 0.8000
-10.7570 2.1657 -0.0428 0.8000
-9.0974 2.1075 -0.4872 0.8000
-12.2690 1.7900 -0.8914 0.8000
-8.7502 1.8052 -0.5917 0.8000
-9.8355 3.2924 -1.1096 0.8000
-10.3192 1.5918 -1.4470 0.8000
-9.8634 2.8217 -1.3678 0.8000
-11.0506 1.6277 -0.8999 0.8000
-9.4618 1.7158 -1.1468 0.8000
-11.2484 2.8654 -1.5286 0.8000
-8.0339 2.6592 -0.9953 0.8000
-8.7128 2.1072 -0.2363 0.8000
-8.2344 1.8899 -1.4700 0.8000
-9.0101 2.2360 -0.1567 0.8000
-11.9277 3.1455 -1.3451 0.8000
-9.9027 2.8512 -0.8656 0.8000
-9.0622 3.1952 -0.1742 0.8000
-9.4612 1.9754 -1.4764 0.8000
-9.1508 2.3309 -0.6640 0.8000
-9.8359 2.7347 -0.3969 0.8000
-9.3881 3.1416 -0.6781 0.8000
-9.7203 2.6183 -1.5345 0.8000
-11.9399 1.4976 -0.7265 0.8000
-9.6079 2.2922 -1.3637 0.8000
-10.1565 3.1209 -0.9522 0.8000
-9.9784 2.9771 -1.2413 0.8000
-11.9566 3.3125 -0.3897 0.8000
-8.1418 2.8950 -0.3085 0.8000
-8.4410 1.7227 -1.2695 0.8000
-12.0699 1.8030 -0.5741 0.8000
-8.1624 2.0912 -0.3084 0.8000
-8.4192 1.6303 -0.9026 0.8000
-8.7263 2.7867 -0.1326 0.8000
-8.0208 2.1168 -1.2512 0.8000
-9.2654 1.7925 -1.3977 0.8000
-11.7363 1.8717 -1.3550 0.8000
-11.5646 3.2816 -0.1395 0.8000
-11.9691 2.9391 -0.6076 0.8000
-10.3714 2.0426 -1.4133 0.8000
-11.5468 2.9648 -0.9776 0.8000
-12.1410 3.2405 -1.1098 0.8000
-9.9226 2.9388 -0.1968 0.8000
-10.8877 2.1802 -1.0327 0.8000
-11.3863 1.7551 -1.4631 0.8000
-9.0749 2.9761 -1.5824 0.8000
-9.6633 1.5108 -0.6860 0.8000
-9.7630 1.9749 -1.3584 0.8000
-10.6762 1.5555 -0.0117 0.8000
-8.8247 1.8930 -0.1492 0.8000
-11.5991 2.0295 -0.7684 0.8000
-10.2556 2.1286 -0.4809 0.8000
-10.5193 1.6851 -1.2820 0.8000
-8.6366 2.6270 -1.5676 0.8000
-11.4428 3.3250 -1.5578 0.8000
-7.7596 1.6306 -0.6931 0.8000
-11.5687 2.8220 -1.3284 0.8000
-10.2758 1.7612 -0.4564 0.8000
-9.5098 2.6859 -0.4767 0.8000
-10.3563 1.7283 -0.0603 0.8000
-8.2707 3.1758 -0.3651 0.8000
-9.3365 1.4473 -0.6982 0.8000
-9.1660 1.8354 -1.0469 0.8000
-8.2453 2.7098 -0.0677 0.8000
-11.7063 2.7485 -1.3014 0.8000
-10.2436 2.3154 -1.2805 0.8000
-10.4515 1.8903 -0.5912 0.8000
-8.8458 2.6439 -0.0211 0.8000
-8.4255 3.3832 -1.4673 0.8000
-10.2304 2.6793 -0.0162 0.8000
-11.7613 1.7564 -0.9721 0.8000
-8.7981 3.2326 -0.5776 0.8000
-8.6972 2.8282 -0.5050 0.8000
-11.0329 2.5993 -0.7087 0.8000
-11.5111 1.7541 -0.1311 0.8000
-11.6496 1.9939 -1.0830 0.8000
-11.8349 2.3551 -0.4234 0.8000
-10.9639 2.5914 -0.7306 0.8000
-9.0058 2.1032 -0.3730 0.8000
-10.9851 2.6961 -0.2159 0.8000
-8.4468 1.7295 -0.9742 0.8000
-10.7625 3.0406 -1.5831 0.8000
-9.0562 1.7426 -0.3399 0.8000
-11.3265 3.3122 -1.3867 0.8000
-11.7740 2.8492 -1.1506 0.8000
-11.1893 2.9402 -0.6801 0.8000
-9.4191 2.0567 -1.2993 0.8000
-9.2447 2.0229 -0.2317 0.8000
-9.4467 3.0287 -1.1478 0.8000
-10.3581 3.0685 -1.0724 0.8000
-9.7259 2.5710 -0.4429 0.8000
-7.9692 2.1694 -1.4146 0.8000
-11.9560 2.5187 -0.5441 0.8000
-11.9201 2.8080 -1.5562 0.8000
-10.0301 2.9771 -0.4971 0.8000
-8.6111 2.3013 -0.9646 0.8000
-8.2587 2.9880 -0.3778 0.8000
-8.9398 2.6850 -1.5177 0.8000
-11.2839 3.0874 -0.1446 0.8000
-8.8092 3.0041 -1.0439 0.8000
-11.2993 2.2242 -0.9774 0.8000
-12.2312 2.9380 -1.3250 0.8000
-11.5988 2.6098 -1.3937 0.8000
-7.8463 2.7267 -1.5129 0.8000
-9.0140 1.8551 -1.4280 0.8000
-11.6244 2.9473 -0.7129 0.8000
-10.8716 1.6312 -0.4341 0.8000
-8.2380 1.7895 -1.4367 0.8000
-9.0174 2.1011 -1.3935 0.8000
-11.1788 2.9225 -1.4548 0.8000
-7.8057 2.2308 -0.8174 0.8000
-9.6224 2.6365 -1.2456 0.8000
-9.7728 3.2350 -1.3663 0.8000
-9.6019 2.8246 -0.9269 0.8000
-8.9289 3.0635 -0.6523 0.8000
-11.0886 1.6667 -1.3155 0.8000
-12.1898 1.5215 -0.3563 0.8000
-9.3074 1.8839 -0.6463 0.8000
-10.1201 3.1944 -0.3839 0.8000
-8.5676 2.8598 -1.0726 0.8000
-8.0341 2.1618 -0.9715 0.8000
-9.4907 3.2212 -0.0310 0.8000
-9.5623 2.7108 -0.6322 0.8000
-9.3740 3.0002 -1.3574 0.8000
-11.9396 1.5758 -0.4572 0.8000
-10.6301 3.0634 -0.4100 0.8000
-9.2757 2.3794 -0.0564 0.8000
-9.8759 1.5695 -0.7241 0.8000
-8.6905 1.4778 -0.6568 0.8000
-11.7553 2.5329 -1.1117 0.8000
-9.3708 2.5740 -0.7094 0.8000
-8.4393 1.7623 -1.5378 0.8000
-9.2487 2.0137 -0.2825 0.8000
-11.9453 2.1887 -0.4884 0.8000
-9.2500 1.4216 -0.5077 0.8000
-8.3878 3.3406 -0.5108 0.8000
-11.6169 3.0592 -1.2522 0.8000
-9.4539 1.9006 -1.5293 0.8000
-10.0631 3.0889 -0.7554 0.8000
-11.2674 2.6187 -0.7358 0.8000
-10.2674 1.7578 -0.2349 0.8000
-10.3548 2.9795 -0.5146 0.8000
-9.6711 1.5925 -1.0744 0.8000
-8.8580 2.2478 -0.7709 0.8000
-11.8545 2.9088 -0.7490 0.8000
-11.3742 3.1949 -0.4795 0.8000
-9.3464 1.9743 -0.3944 0.8000
-11.7341 2.6067 -0.6128 0.8000
-9.2765 3.0841 -0.2331 0.8000
-9.2779 3.1312 -1.0892 0.8000
-10.7515 1.4067 -0.2884 0.8000
-7.7521 1.5894 -1.5435 0.8000
-10.1201 1.7783 -0.2634 0.8000
-7.8755 1.4254 -1.1049 0.8000
-11.4778 3.1879 -0.4887 0.8000
-7.9973 1.5328 -0.4618 0.8000
-9.6486 3.2305 -0.9984 0.8000
-7.7470 2.0119 -1.2332 0.8000
-9.5499 1.5489 -0.3938 0.8000
-8.0161 2.1559 -1.1084 0.8000
-10.6924 2.8563 -1.0826 0.8000
-9.3888 1.6697 -0.5682 0.8000
-12.1525 3.3081 -0.4941 0.8000
-9.6177 1.7537 -1.5917 0.8000
-10.5750 3.1972 -0.7969 0.8000
-8.5095 1.4287 -0.2827 0.8000
-10.0147 2.8723 -0.9548 0.8000
-9.8937 2.3724 -1.0383 0.8000
-7.7772 2.9352 -0.6075 0.8000
-8.2036 2.7140 -1.2928 0.8000
-8.0150 1.7908 -0.1193 0.8000
-11.5195 1.4988 -1.2267 0.8000
-8.2510 2.2087 -0.4884 0.8000
-10.3321 2.5588 -0.5175 0.8000
-8.3796 3.0998 -0.4592 0.8000
-9.9603 1.8724 -0.2571 0.8000
-9.2330 2.0026 -0.7636 0.8000
-11.1462 2.0799 -0.1549 0.8000
-11.4048 2.8484 -0.6222 0.8000
-9.7359 1.6515 -0.0589 0.8000
-11.6409 2.4435 -1.4538 0.8000
-9.4261 2.5809 -0.2504 0.8000
-12.1495 2.4433 -0.5958 0.8000
-11.3802 2.4887 -0.1796 0.8000
-11.0341 2.2679 -1.0389 0.8000
-11.5239 3.3722 -0.5550 0.8000
-11.7558 2.3013 -0.7787 0.8000
-8.7870 3.0738 -0.3830 0.8000
-10.3742 2.5086 -0.5465 0.8000
-11.1281 2.6227 -0.1713 0.8000
-10.8986 3.0253 -0.9126 0.8000
-8.6487 3.3634 -0.6685 0.8000
-11.2607 1.6828 -0.2397 0.8000
-8.7958 2.5624 -0.7084 0.8000
-8.9423 1.7647 -0.9164 0.8000
-11.9894 1.4956 -0.8522 0.8000
-8.1321 3.1966 -0.3640 0.8000
-9.7053 3.3873 -0.0964 0.8000
-8.4424 2.7805 -1.2737 0.8000
-10.8363 2.2114 -1.2002 0.8000
-9.1263 2.9124 -1.2912 0.8000
-9.5287 3.3745 -1.2983 0.8000
-11.0578 3.2290 -1.5006 0.8000
-8.3826 3.1255 -0.3238 0.8000
-8.5562 2.4286 -1.0570 0.8000
-9.2178 1.8308 -0.9206 0.8000
-8.3065 1.6673 -0.2152 0.8000
-11.2925 1.5427 -0.1346 0.8000
-9.0330 2.0821 -0.7275 0.8000
-10.9744 1.4802 -1.4442 0.8000
-7.9784 2.7516 -0.8699 0.8000
-9.7024 3.0504 -0.1385 0.8000
-8.3941 2.9939 -0.1572 0.8000
-11.4736 1.5698 -1.0798 0.8000
-10.8367 1.8001 -0.0464 0.8000
-8.7900 3.3369 -1.0811 0.8000
-10.6497 3.3947 -0.2972 0.8000
-11.8863 3.3439 -0.1020 0.8000
-9.2771 3.2466 -1.3921 0.8000
-11.7938 1.6907 -1.1325 0.8000
-9.7441 2.9792 -0.7025 0.8000
-8.4515 1.8249 -1.0099 0.8000
-9.6151 1.9147 -0.0332 0.8000
-9.9973 2.3820 -0.9549 0.8000
-11.2492 3.0060 -0.2592 0.8000
-11.5506 2.2863 -1.2834 0.8000
-12.2143 1.8504 -0.0270 0.8000
-8.6167 3.2191 -0.4319 0.8000
-12.1602 1.9718 -1.5777 0.8000
-8.3500 2.9460 -1.3242 0.8000
-10.4745 2.9304 -1.4364 0.8000
-8.1129 1.5814 -0.6535 0.8000
-11.5819 2.2911 -0.2659 0.8000
-8.5739 1.6635 -0.3437 0.8000
-8.3183 2.8472 -0.6749 0.8000
-10.3780 2.8849 -0.6126 0.8000
-7.7803 2.0031 -0.0909 0.8000
-11.3276 2.7632 -0.8761 0.8000
-11.7870 2.2314 -0.3992 0.8000
-7.8319 2.5217 -1.4446 0.8000
-11.1206 2.7710 -1.4648 0.8000
-12.1693 3.0784 -1.3251 0.8000
-10.4916 2.3863 -0.0673 0.8000
-7.7401 2.8042 -0.3845 0.8000
-8.4331 1.9551 -0.1415 0.8000
-11.8569 2.3338 -1.0561 0.8000
-10.6447 1.5746 -1.3321 0.8000
-9.8324 2.3648 -1.5041 0.8000
-8.6366 2.1440 -0.8994 0.8000
-11.4154 3.2422 -0.0450 0.8000
-11.8818 1.9245 -1.5328 0.8000
-8.9252 3.3895 -0.1166 0.8000
-12.2017 1.8210 -1.1584 0.8000
-9.9286 2.5976 -1.5082 0.8000
-9.0509 2.0546 -1.3235 0.8000
-9.2319 3.2005 -1.4416 0.8000
-9.9536 2.3651 -0.5121 0.8000
-8.7060 1.9267 -0.0708 0.8000
-9.5856 1.7382 -0.0184 0.8000
-8.5122 2.8943 -1.4866 0.8000
-9.6283 3.1857 -0.7245 0.8000
-10.3108 2.9335 -0.9044 0.8000
-9.5504 2.4375 -1.1528 0.8000
-10.3447 3.2413 -0.7385 0.8000
-11.3360 2.4235 -1.2073 0.8000
-10.1316 1.8427 -1.2161 0.8000
-7.9388 1.8667 -0.0717 0.8000
-9.5956 2.6825 -0.4022 0.8000
-8.9495 3.0287 -0.3749 0.8000
-9.2765 2.7972 -0.7823 0.8000
-10.1776 1.6459 -0.9200 0.8000
-10.4268 2.3241 -0.9873 0.8000
-11.3875 1.5289 -1.3814 0.8000
-12.2289 3.2407 -0.0433 0.8000
-8.3294 1.6065 -0.5192 0.8000
-11.0230 3.2236 -0.7876 0.8000
-9.5776 2.1157 -0.5921 0.8000
-10.1737 2.5695 -0.0045 0.8000
-11.7980 2.8097 -1.1996 0.8000
-12.1369 3.0676 -0.1940 0.8000
-7.9687 2.8267 -1.4394 0.8000
-10.6351 2.4082 -1.5911 0.8000
-10.8549 1.9233 -0.1406 0.8000
-11.9091 1.8017 -1.4615 0.8000
-12.2868 2.7615 -0.5021 0.8000
-8.9703 2.1996 -0.8339 0.8000
-8.2214 2.8452 -0.9426 0.8000
-11.1285 2.9606 -0.0163 0.8000
-10.2425 1.9010 -1.0830 0.8000
-9.4448 1.4495 -1.4506 0.8000
-11.5319 2.3996 -1.2091 0.8000
-10.5967 2.0486 -0.0582 0.8000
-10.0483 1.6063 -0.1032 0.8000
-9.3350 2.2618 -1.1328 0.8000
-7.7829 2.1800 -0.7264 0.8000
-10.0143 1.8508 -0.6541 0.8000
-11.1168 2.0566 -0.0327 0.8000
-9.2944 1.4913 -0.6029 0.8000
-11.7721 3.3255 -0.2406 0.8000
-12.2742 2.8352 -1.3683 0.8000
-10.5697 1.7657 -0.8103 0.8000
-11.9798 2.5305 -0.3775 0.8000
-10.1044 2.7156 -1.5330 0.8000
-10.7966 2.4606 -0.9091 0.8000
-8.1866 2.6104 -0.0880 0.8000
-11.4797 3.1385 -0.3516 0.8000
-9.1087 3.1811 -1.3776 0.8000
-9.3949 1.4549 -0.8172 0.8000
-7.7223 2.4300 -0.8644 0.8000
-9.6829 2.3155 -1.4072 0.8000
-8.5865 1.4825 -1.1058 0.8000
-10.6843 3.2143 -1.3109 0.8000
-11.9678 3.3836 -0.0186 0.8000
-10.4393 2.8196 -0.7926 0.8000
-9.2064 1.9454 -1.3538 0.8000
-11.1300 1.5319 -0.8522 0.8000
-11.6618 1.9652 -1.4557 0.8000
-11.8177 2.6122 -0.2534 0.8000
-9.8669 1.9732 -0.5770 0.8000
-10.7591 2.8862 -0.7667 0.8000
-8.7861 3.3628 -0.4322 0.8000
-9.3613 1.8265 -1.1054 0.8000
-7.9862 3.3863 -0.9488 0.8000
-7.7912 2.3995 -1.4553 0.8000
-12.2972 2.2347 -1.2136 0.8000
-11.2181 1.7945 -1.5479 0.8000
-11.1882 1.5441 -1.4331 0.8000
-8.2559 2.8895 -0.5530 0.8000
-11.6900 2.7430 -1.2388 0.8000
-10.3793 2.9332 -1.5892 0.8000
-12.0550 1.8334 -1.2868 0.8000
-10.1006 2.8957 -1.1079 0.8000
-12.1233 2.6572 -1.3738 0.8000
-8.9668 2.1947 -1.2592 0.8000
-9.9168 1.7460 -0.0387 0.8000
-7.7092 2.7296 -1.5615 0.8000
-7.7631 3.2196 -0.6962 0.8000
-8.6912 3.0028 -0.3459 0.8000
-10.9536 3.3702 -0.0296 0.8000
-11.7836 1.7021 -1.0263 0.8000
-11.5794 2.6960 -1.1126 0.8000
-9.1260 2.1124 -0.9226 0.8000
-11.6818 2.0882 -0.5954 0.8000
-10.9946 2.0707 -0.8957 0.8000
-11.8748 2.7239 -1.0725 0.8000
-12.0626 2.9686 -0.1407 0.8000
-10.5097 2.5046 -0.9423 0.8000
-10.3912 2.7991 -1.3024 0.8000
-11.4167 2.1049 -0.0061 0.8000
-8.0670 2.3985 -0.6941 0.8000
-9.5049 1.7223 -0.2389 0.8000
-10.9569 1.5061 -1.0866 0.8000
-8.4602 2.3096 -1.2297 0.8000
-9.7568 3.3525 -1.2960 0.8000
-10.2517 3.2457 -0.3916 0.8000
-8.8434 3.1944 -0.0533 0.8000
-10.6119 2.1290 -0.0937 0.8000
-8.6064 2.8997 -0.4685 0.8000
-12.2802 3.2730 -0.4432 0.8000
-11.1679 1.5213 -1.1761 0.8000
-9.8601 2.2920 -0.9995 0.8000
-8.4530 2.1441 -1.4940 0.8000
-8.8783 3.0854 -0.6994 0.8000
-8.0031 2.5560 -0.0663 0.8000
-11.1005 3.3964 -0.5372 0.8000
-8.0563 1.5130 -0.9087 0.8000
-11.7723 2.0258 -1.1106 0.8000
-11.3845 2.5065 -0.8098 0.8000
-10.1520 1.8390 -1.0469 0.8000
-11.3301 3.3366 -0.1202 0.8000
-12.1547 2.7875 -0.4646 0.8000
-9.3584 2.6140 -1.1830 0.8000
-10.4248 1.6732 -0.9028 0.8000
-8.0552 2.9822 -1.5796 0.8000
-7.7746 3.3416 -1.5651 0.8000
-8.0425 3.0038 -0.8876 0.8000
-9.9254 2.5312 -0.9012 0.8000
-10.8826 2.7686 -1.5811 0.8000
-7.9062 2.4656 -1.0128 0.8000
-10.5821 1.4742 -1.1651 0.8000
-10.5571 3.1425 -1.1526 0.8000
-9.3787 1.8676 -1.0612 0.8000
-9.3829 2.0270 -0.6433 0.8000
-11.8189 3.2309 -0.4409 0.8000
-11.4187 2.8957 -0.9733 0.8000
-12.2999 2.5007 -0.0294 0.8000
-11.8448 1.9084 -0.6689 0.8000
-10.7233 3.0470 -0.4907 0.8000
-7.9362 2.4688 -0.8761 0.8000
-8.6230 2.4921 -0.0967 0.8000
-11.2521 1.7797 -0.7380 0.8000
-11.7655 2.2784 -0.4081 0.8000
-7.7060 2.1137 -0.7668 0.8000
-8.9871 1.9872 -0.2123 0.8000
-9.8927 2.3470 -0.3763 0.8000
-7.7993 3.0817 -0.2799 0.8000
-7.9111 2.0325 -1.4991 0.8000
-11.7671 1.8919 -0.6842 0.8000
-9.3744 3.1644 -0.7635 0.8000
-9.1263 2.9457 -0.9765 0.8000
-8.3273 2.5309 -1.1556 0.8000
-10.0063 2.7601 -0.2919 0.8000
-9.1728 1.5693 -1.1369 0.8000
-10.6689 2.8763 -0.6923 0.8000
-10.4544 3.1823 -0.8048 0.8000
-9.7091 2.3461 -0.7840 0.8000
-11.3152 3.0837 -0.1059 0.8000
-8.6556 2.5387 -0.1707 0.8000
-10.0115 1.4721 -0.6575 0.8000
-8.3840 1.4258 -1.2754 0.8000
-8.6803 1.6534 -1.3042 0.8000
-9.7144 3.3281 -1.4254 0.8000
-9.1366 3.3137 -0.8609 0.8000
-8.3984 1.4833 -1.2966 0.8000
-10.7419 2.1384 -0.8883 0.8000
-8.9467 3.2934 -1.0412 0.8000
-8.0502 2.5061 -1.5495 0.8000
-12.1565 2.9841 -0.3375 0.8000
-10.0031 1.8084 -0.0794 0.8000
-11.6339 1.6056 -0.9501 0.8000
-10.5269 2.0607 -1.0983 0.8000
-8.4877 2.7849 -1.5212 0.8000
-11.3845 3.2598 -1.5714 0.8000
-12.1348 2.9604 -0.5849 0.8000
-10.9910 2.2188 -0.7367 0.8000
-8.7143 2.1455 -0.3445 0.8000
-11.8052 3.1408 -0.7287 0.8000
-9.6035 2.4348 -1.2906 0.8000
-8.8843 2.3136 -0.2193 0.8000
-9.6762 1.9712 -0.1799 0.8000
-7.9996 2.7796 -0.3511 0.8000
-8.8165 1.7041 -0.0775 0.8000
-11.8950 2.1758 -0.1987 0.8000
-8.3638 2.9049 -0.8506 0.8000
-9.7797 2.7501 -0.2533 0.8000
-7.8486 1.6665 -0.4301 0.8000
-7.7679 2.1158 -0.8114 0.8000
-11.5467 2.1886 -0.9432 0.8000
-11.1572 1.8672 -0.4851 0.8000
-9.2939 1.8006 -1.4863 0.8000
-12.0437 2.4180 -0.5162 0.8000
-10.4555 2.0703 -0.9284 0.8000
-7.7533 2.6140 -0.9889 0.8000
-9.8807 2.6820 -0.8477 0.8000
-10.7759 3.3105 -0.1043 0.8000
-11.4458 2.5812 -0.0347 0.8000
-8.8494 3.0422 -0.0386 0.8000
-8.0206 3.2213 -0.5663 0.8000
-8.0476 2.2509 -0.3069 0.8000
-12.0005 1.7489 -1.3334 0.8000
-11.9516 1.9593 -0.7538 0.8000
-7.7431 2.7688 -1.1016 0.8000
-7.9150 2.0436 -1.3258 0.8000
-11.2906 1.6618 -0.4737 0.8000
-11.3907 1.6788 -1.5855 0.8000
-9.5879 2.0686 -0.2153 0.8000
-10.8409 1.6894 -0.0126 0.8000
-8.9963 3.2359 -1.0873 0.8000
-11.3536 1.4133 -1.3879 0.8000
-8.5914 1.8645 -0.3357 0.8000
-11.0011 3.2578 -0.3187 0.8000
-11.6598 3.0135 -0.3491 0.8000
-10.7260 3.2499 -0.4710 0.8000
-12.2090 3.1545 -0.3374 0.8000
-9.3333 2.2401 -0.2193 0.8000
-11.9881 1.5863 -1.5450 0.8000
-11.6211 3.0635 -0.0135 0.8000
-8.6503 2.1479 -0.3764 0.8000
-9.9743 1.6302 -0.7280 0.8000
-9.5725 2.9468 -0.9613 0.8000
-11.0061 1.4505 -0.0190 0.8000
-7.8277 1.8355 -1.4514 0.8000
-7.7596 2.7123 -0.3710 0.8000
-10.6182 1.8802 -1.3829 0.8000
-8.6756 1.5326 -0.7053 0.8000
-8.6098 2.7650 -0.8548 0.8000
-8.0969 2.0067 -1.4279 0.8000
-8.3362 3.2340 -1.3144 0.8000
-10.2786 1.5265 -1.0216 0.8000
-10.6395 2.0988 -1.0800 0.8000
-7.9989 3.1962 -1.2242 0.8000
-10.4230 1.5593 -0.8216 0.8000
-9.9073 3.1523 -0.6481 0.8000
-11.8579 3.0732 -0.4553 0.8000
-10.9473 1.6644 -1.0830 0.8000
-11.5505 2.5177 -0.5613 0.8000
-11.9211 1.6380 -0.6270 0.8000
-10.5945 3.2544 -0.4744 0.8000
-9.9289 3.3720 -0.0701 0.8000
-8.7152 2.0942 -0.1585 0.8000
-9.5044 3.3216 -0.2601 0.8000
-8.5075 1.9487 -0.4628 0.8000
-11.2291 2.6054 -1.1498 0.8000
-8.6427 1.8825 -1.3651 0.8000
-12.0625 1.4423 -0.4882 0.8000
-11.0249 2.1012 -0.6574 0.8000
-10.2588 2.2822 -0.6928 0.8000
-7.8970 1.7867 -0.4677 0.8000
-11.8827 2.4334 -0.5942 0.8000
-11.0921 3.2612 -1.2311 0.8000
-11.5989 3.0285 -0.1386 0.8000
-10.3437 2.2253 -0.1908 0.8000
-10.7872 2.2391 -1.3984 0.8000
-11.8763 3.1354 -0.6468 0.8000
-10.0863 2.5413 -0.1444 0.8000
-10.0665 2.2361 -0.5321 0.8000
-9.4010 1.9531 -0.7627 0.8000
-8.4315 3.2768 -0.1390 0.8000
-7.8226 2.3759 -0.3663 0.8000
-11.8222 2.0522 -0.5482 0.8000
-10.7433 3.1985 -0.9082 0.8000
-7.8273 2.7601 -0.3582 0.8000
-9.6891 3.1700 -0.2066 0.8000
-10.4742 2.0004 -1.3371 0.8000
-10.2995 3.3547 -0.4850 0.8000
-8.4237 3.1441 -0.4831 0.8000
-8.3268 2.6723 -1.3653 0.8000
-10.9425 3.3504 -0.2434 0.8000
-10.8793 2.2790 -0.2152 0.8000
-9.0808 2.4043 -1.3836 0.8000
-11.9893 2.5929 -0.4289 0.8000
-8.4086 2.9615 -1.2232 0.8000
-12.2681 2.8034 -1.2301 0.8000
-10.1792 3.2350 -1.3979 0.8000
-8.6544 2.3403 -0.5005 0.8000
-8.0944 2.5366 -0.1479 0.8000
-9.4159 2.2307 -0.6811 0.8000
-9.8585 2.9788 -1.1865 0.8000
-9.0926 2.8362 -1.2972 0.8000
-8.4263 3.3097 -1.3322 0.8000
-12.2403 3.3360 -1.2721 0.8000
-9.5112 2.5193 -0.7146 0.8000
-8.7723 1.4766 -0.0080 0.8000
-8.0430 2.5731 -0.1044 0.8000
-10.4619 2.6970 -1.4497 0.8000
-8.1520 1.5346 -1.2772 0.8000
-9.4018 1.7615 -0.5098 0.8000
-10.7664 3.1347 -0.4965 0.8000
-7.7763 2.2638 -1.2636 0.8000
-12.0303 3.2468 -0.0698 0.8000
-8.2991 2.0456 -0.6609 0.8000
-9.8695 3.3612 -0.7537 0.8000
-9.6104 2.7480 -0.2835 0.8000
-8.4713 2.8978 -0.9996 0.8000
-8.0354 2.5993 -0.4568 0.8000
-8.1809 2.4876 -0.1307 0.8000
-10.1541 2.8538 -0.0812 0.8000
-9.0245 1.8003 -1.5364 0.8000
-8.8392 2.3747 -1.4835 0.8000
-10.7069 3.3002 -0.4667 0.8000
-10.9042 3.1891 -1.5929 0.8000
-8.5210 3.2628 -0.5388 0.8000
-9.8352 3.0021 -0.2844 0.8000
-11.2739 2.9692 -1.4561 0.8000
-8.2498 3.2518 -1.5625 0.8000
-10.0244 2.9297 -0.7864 0.8000
-8.2881 1.5814 -0.0203 0.8000
-11.5424 2.5520 -0.7440 0.8000
-8.2015 1.4767 -0.0397 0.8000
-10.4386 1.7554 -0.4773 0.8000
-10.9542 2.7568 -1.1161 0.8000
-10.6026 3.2441 -1.2134 0.8000
-9.5272 1.4288 -0.6307 0.8000
-10.9181 2.9127 -1.0679 0.8000
-9.3392 2.3141 -1.2181 0.8000
-9.9813 3.0456 -0.9689 0.8000
-9.2847 2.6672 -0.7477 0.8000
-10.7485 2.5750 -0.1225 0.8000
-11.1071 2.2521 -0.0709 0.8000
-9.2002 2.0966 -0.4314 0.8000
-9.8653 2.4056 -1.2132 0.8000
-11.6450 2.7452 -0.8628 0.8000
-9.2970 2.1576 -1.4430 0.8000
-11.0263 2.3759 -0.6873 0.8000
-10.6237 2.5920 -0.5749 0.8000
-8.3662 1.4060 -0.9639 0.8000
-11.3694 1.8278 -1.2501 0.8000
-10.3184 1.7688 -0.0204 0.8000
-11.9050 3.1467 -1.5366 0.8000
-10.2286 3.1991 -0.4297 0.8000
-8.0634 1.7595 -0.5000 0.8000
-9.7304 2.7961 -0.7028 0.8000
-8.3057 2.2331 -1.3007 0.8000
-9.8065 2.4964 -0.2334 0.8000
-12.0305 2.2205 -0.6234 0.8000
-9.9795 2.3371 -0.5150 0.8000
-11.2298 2.7799 -0.4657 0.8000
-10.3100 1.9798 -1.4075 0.8000
-11.2088 1.4422 -0.8539 0.8000
-11.7799 2.4051 -0.3369 0.8000
-11.3261 1.5962 -0.9634 0.8000
-10.4539 3.3142 -0.4297 0.8000
-8.5143 2.0842 -0.9987 0.8000
-8.7606 1.4419 -0.3143 0.8000
-12.1311 2.3609 -0.2470 0.8000
-8.7264 2.0432 -0.2661 0.8000
-12.1586 2.7723 -0.5550 0.8000
-11.9509 2.8116 -0.7930 0.8000
-8.7960 2.7967 -0.2326 0.8000
-10.4912 2.1837 -0.9931 0.8000
-10.8213 3.1159 -0.0603 0.8000
-10.5730 1.4947 -0.2703 0.8000
-9.8889 2.3406 -1.1698 0.8000
-9.5099 3.2950 -0.9988 0.8000
-9.2164 2.2365 -0.1665 0.8000
-11.8576 3.3646 -1.1958 0.8000
-11.5436 2.8226 -1.4686 0.8000
-10.3029 2.2183 -1.4747 0.8000
-8.3250 2.7651 -0.2136 0.8000
-8.7916 3.2936 -1.0062 0.8000
-11.4413 3.0984 -1.2621 0.8000
-10.9778 1.7904 -1.1725 0.8000
-10.5582 3.0317 -0.6516 0.8000
-8.3444 1.8544 -0.9299 0.8000
-7.7997 1.5997 -1.3720 0.8000
-11.9488 2.2067 -0.8131 0.8000
-10.0605 2.5846 -0.5542 0.8000
-10.6326 2.0247 -0.9684 0.8000
-10.8200 3.0942 -0.6131 0.8000
-10.0043 2.0520 -0.4766 0.8000
-8.9940 1.6406 -0.5591 0.8000
-9.5838 2.3974 -1.3721 0.8000
-10.3480 2.6673 -0.9018 0.8000
-8.9777 1.9520 -0.1454 0.8000
-10.4072 3.1897 -1.3462 0.8000
-9.3022 1.5229 -0.2000 0.8000
-11.5275 2.5920 -0.8857 0.8000
-10.7380 3.0839 -0.6348 0.8000
-9.6842 3.0211 -1.0963 0.8000
-8.0776 2.7024 -0.4367 0.8000
-12.2114 1.4840 -1.3135 0.8000
-8.9565 1.5617 -0.3796 0.8000
-10.0740 2.3636 -1.3715 0.8000
-8.8742 3.2901 -1.3243 0.8000
-11.7717 1.5566 -1.5863 0.8000
-9.5780 3.1053 -0.2189 0.8000
-10.3599 3.0260 -0.2493 0.8000
-10.8669 3.3077 -0.9745 0.8000
-12.1506 1.7029 -1.5950 0.8000
-9.8830 1.6096 -0.1071 0.8000
-10.7273 2.1585 -1.3258 0.8000
-8.0588 2.4368 -1.3615 0.8000
-8.8450 3.1159 -1.2621 0.8000
-11.8997 3.2411 -1.1884 0.8000
-10.8741 2.0403 -0.1099 0.8000
-11.1052 3.0469 -0.5951 0.8000
-9.1534 3.0750 -1.0542 0.8000
-9.6542 2.2246 -0.3777 0.8000
-10.6487 2.3155 -0.3633 0.8000
-11.2798 3.1635 -1.2058 0.8000
-10.2738 3.1539 -1.3210 0.8000
-11.1458 3.3222 -1.3559 0.8000
-11.4284 2.6242 -1.0297 0.8000
-8.5478 2.3736 -1.5549 0.8000
-7.8455 3.0536 -0.8944 0.8000
-8.8270 1.5614 -1.2782 0.8000
-12.0128 3.1447 -0.3722 0.8000
-7.9829 1.8332 -1.0724 0.8000
-10.2134 2.3391 -0.5584 0.8000
-11.0788 2.7726 -0.5082 0.8000
-8.7498 1.4557 -0.3272 0.8000
-12.2827 2.1812 -0.8396 0.8000
-12.1602 1.9858 -0.9602 0.8000
-8.8104 1.5366 -1.1885 0.8000
-11.5618 1.7364 -1.5846 0.8000
-10.1274 1.7191 -1.3481 0.8000
-9.8860 2.9026 -1.2447 0.8000
-7.7289 2.2090 -0.5467 0.8000
-10.7845 1.4924 -0.3344 0.8000
-10.9023 1.8454 -0.8659 0.8000
-10.1209 2.8467 -0.2852 0.8000
-10.0739 1.8463 -1.0019 0.8000
-9.7775 2.2756 -0.5531 0.8000
-8.2599 2.7157 -0.7085 0.8000
-9.0385 3.3222 -1.3597 0.8000
-8.3352 1.5208 -0.8606 0.8000
-10.5219 1.8433 -0.0517 0.8000
-8.7533 1.8442 -1.3600 0.8000
-7.8789 3.1672 -0.9508 0.8000
-11.9377 2.5022 -1.0681 0.8000
-10.2985 2.9018 -0.4060 0.8000
-9.5567 2.3185 -1.5384 0.8000
-9.6057 2.3460 -0.8751 0.8000
-9.9398 3.3475 -1.1768 0.8000
-8.5169 1.7298 -1.1236 0.8000
-11.3320 2.1946 -0.9484 0.8000
-7.8582 3.3739 -1.1333 0.8000
-8.5800 1.9211 -0.6916 0.8000
-10.9521 1.6219 -1.1405 0.8000
-12.1500 1.9927 -0.1323 0.8000
-8.9836 3.0717 -0.8841 0.8000
-12.1784 3.3911 -1.3519 0.8000
-10.0615 2.6462 -1.1374 0.8000
-9.6226 3.3792 -0.3243 0.8000
-7.7980 1.7561 -1.4257 0.8000
-10.8558 2.6583 -0.9924 0.8000
-8.9956 2.5851 -0.0820 0.8000
-7.9099 1.6630 -1.5981 0.8000
-10.1706 2.6318 -0.0460 0.8000
-11.7446 2.4728 -1.0255 0.8000
-11.7337 2.9126 -1.2623 0.8000
-10.5082 3.0610 -0.2792 0.8000
-10.8071 1.8481 -0.8492 0.8000
-10.8441 1.6200 -1.4310 0.8000
-10.0710 3.2487 -0.5331 0.8000
-9.8282 2.8813 -0.3551 0.8000
-11.0790 2.1247 -0.8785 0.8000
-10.2751 2.4733 -0.4568 0.8000
-9.3024 3.0448 -1.4286 0.8000
-9.7380 1.7253 -1.5490 0.8000
-8.8266 1.4026 -1.2497 0.8000
-11.0392 2.4928 -0.0307 0.8000
-10.5669 1.5864 -1.3193 0.8000
-9.7541 3.3244 -0.1285 0.8000
-8.1234 1.8075 -1.1246 0.8000
-9.4849 2.8724 -0.8134 0.8000
-10.9759 2.8222 -0.4733 0.8000
-12.1304 1.7326 -1.3282 0.8000
-9.9325 1.4509 -1.2805 0.8000
-7.9275 1.8605 -1.1951 0.8000
-9.2315 2.4819 -0.8367 0.8000
-10.3474 1.6527 -1.0463 0.8000
-11.9466 3.2801 -1.4625 0.8000
-11.7645 2.9655 -1.1724 0.8000
-8.8793 1.8485 -0.2761 0.8000
-10.8470 1.6261 -0.7735 0.8000
-10.9531 1.5351 -0.0841 0.8000
-11.2381 3.0393 -1.1562 0.8000
-8.1727 3.1642 -1.1808 0.8000
-10.8951 2.4521 -0.9189 0.8000
-11.4862 2.5292 -1.4729 0.8000
-10.6108 2.2444 -1.0940 0.8000
-9.0318 2.9970 -1.0233 0.8000
-10.3944 3.1473 -0.6054 0.8000
-8.7805 2.0280 -1.3728 0.8000
-9.1628 3.2011 -0.1782 0.8000
-10.6641 1.8834 -0.1980 0.8000
-8.2743 1.8408 -0.7524 0.8000
-11.9601 3.1026 -0.9266 0.8000
-8.9182 2.4406 -0.4823 0.8000
-9.9640 1.5047 -1.2738 0.8000
-10.8255 1.6038 -0.6976 0.8000
-10.4201 1.9763 -1.1406 0.8000
-9.5962 1.7567 -0.1235 0.8000
-11.0421 3.3927 -0.8313 0.8000
-9.5081 2.8347 -0.7903 0.8000
-9.8618 2.2773 -0.3799 0.8000
-8.7636 3.0138 -0.3451 0.8000
-11.4748 1.9881 -1.2235 0.8000
-10.6598 1.4581 -0.6246 0.8000
-9.9506 2.1302 -0.2145 0.8000
-8.9535 2.1160 -0.9390 0.8000
-10.7543 1.6803 -1.4222 0.8000
-10.8940 2.6610 -0.2104 0.8000
-8.1921 2.1732 -0.1666 0.8000
-11.7988 1.9969 -1.3551 0.8000
-8.9547 2.6088 -1.2562 0.8000
-8.6001 2.8453 -1.2174 0.8000
-11.0976 3.3814 -0.2640 0.8000
-10.2893 3.1702 -0.0708 0.8000
-9.9088 1.4309 -0.9681 0.8000
-8.7553 1.7035 -0.1050 0.8000
-8.2795 2.4906 -1.5670 0.8000
-10.4937 2.3266 -0.9656 0.8000
-10.6975 3.1459 -1.4142 0.8000
-10.6842 3.0292 -0.0233 0.8000
-11.4006 2.4576 -1.2857 0.8000
-12.0441 3.2982 -0.1052 0.8000
-8.2103 2.1189 -0.3575 0.8000
-10.8651 2.7041 -0.1748 0.8000
-12.2489 2.7921 -0.7870 0.8000
-11.6323 2.4170 -0.7810 0.8000
-7.9648 1.8315 -1.3639 0.8000
-12.0190 1.7099 -1.4003 0.8000
-9.1167 1.7231 -0.5426 0.8000
-8.7079 2.1758 -1.1607 0.8000
-8.8582 2.7422 -0.8404 0.8000
-10.7663 2.0201 -1.4038 0.8000
-9.3579 3.1211 -0.6569 0.8000
-11.0039 2.5918 -1.4755 0.8000
-10.3839 2.3081 -1.3213 0.8000
-8.4773 2.0429 -1.3649 0.8000
-9.5096 1.6268 -1.3798 0.8000
-10.1447 2.5001 -0.5997 0.8000
-9.1399 2.1563 -1.5415 0.8000
-8.8949 3.3257 -0.5227 0.8000
-8.0217 2.8848 -0.5219 0.8000
-8.7653 1.6704 -1.2809 0.8000
-10.0979 2.5121 -0.8431 0.8000
-11.2970 3.1477 -1.3183 0.8000
-10.1360 3.2785 -1.1230 0.8000
-10.2765 3.2630 -0.3552 0.8000
-9.5442 3.0342 -0.7896 0.8000
-9.4229 1.9543 -0.0565 0.8000
-11.3024 2.6642 -0.0989 0.8000
-8.5918 2.8199 -1.2532 0.8000
-10.3988 3.0682 -0.2991 0.8000
-8.6786 3.1726 -1.0526 0.8000
-12.2281 2.4625 -0.9865 0.8000
-8.7589 2.0467 -0.6471 0.8000
-9.7732 2.4525 -0.7932 0.8000
-10.3532 3.2442 -0.1033 0.8000
-11.6439 2.4523 -0.1510 0.8000
-8.2213 1.6816 -0.8835 0.8000
-12.0558 2.2699 -0.2772 0.8000
-11.7771 2.9223 -0.1378 0.8000
-8.4083 3.3473 -0.4419 0.8000
-9.1323 2.2450 -0.4833 0.8000
-8.4179 2.9943 -0.6973 0.8000
-7.8294 1.9456 -0.4924 0.8000
-10.7354 2.1274 -1.3628 0.8000
-8.5783 1.9959 -1.2703 0.8000
-12.1234 2.7564 -1.0116 0.8000
-8.1062 3.2347 -0.0906 0.8000
-9.3701 3.0377 -1.1221 0.8000
-8.1448 2.5867 -1.3941 0.8000
-9.7056 2.4698 -0.8593 0.8000
-9.3971 3.1008 -1.0571 0.8000
-8.0222 3.2757 -0.0152 0.8000
-10.9093 2.9585 -0.9806 0.8000
-10.7156 2.7127 -0.6990 0.8000
-8.3822 2.9940 -0.0552 0.8000
-7.8609 2.3743 -0.1743 0.8000
-9.2284 2.2488 -0.1557 0.8000
-10.3217 3.3269 -0.3325 0.8000
-11.7889 2.5038 -1.0202 0.8000
-9.5062 2.5508 -0.3618 0.8000
-8.5087 1.6344 -0.6423 0.8000
-11.7945 2.4297 -1.0192 0.8000
-10.9633 2.1574 -0.7502 0.8000
-11.8320 1.9587 -0.2167 0.8000
-10.7411 3.3298 -1.4950 0.8000
-9.6448 3.2587 -0.1621 0.8000
-11.7019 3.3553 -0.4638 0.8000
-10.1218 2.0998 -1.0770 0.8000
-12.2375 2.7004 -0.9561 0.8000
-8.5090 2.0159 -0.9086 0.8000
-9.1916 2.2891 -0.9070 0.8000
-9.3144 1.9327 -1.5670 0.8000
-8.4003 2.5689 -1.3104 0.8000
-11.6613 1.9775 -0.9027 0.8000
-7.8486 1.9863 -1.4548 0.8000
-12.0842 2.2426 -1.3754 0.8000
-10.2501 1.4458 -0.1143 0.8000
-12.2913 3.1967 -0.6943 0.8000
-8.0642 1.8442 -0.1533 0.8000
-10.1040 2.6616 -0.5606 0.8000
-11.0421 1.5363 -1.0304 0.8000
-10.2579 2.1633 -0.3019 0.8000
-7.9246 1.4879 -0.6752 0.8000
-11.2408 3.3956 -0.7579 0.8000
-10.7120 3.1378 -1.4530 0.8000
-12.2522 3.1041 -1.2713 0.8000
-11.2907 1.8125 -1.5351 0.8000
-8.2323 2.5375 -1.4633 0.8000
-10.0950 3.1359 -0.1743 0.8000
-11.8456 2.1578 -0.3341 0.8000
-8.4750 1.4700 -1.2452 0.8000
-8.4059 2.2406 -1.2126 0.8000
-7.8004 3.1840 -0.8156 0.8000
-12.0187 1.6222 -1.0714 0.8000
-10.2761 1.5749 -0.7123 0.8000
-8.2282 2.5966 -1.2531 0.8000
-11.7531 1.8536 -0.9482 0.8000
-10.6326 2.1775 -0.1343 0.8000
-8.1346 2.1987 -0.8650 0.8000
-11.8762 2.8000 -0.1995 0.8000
-8.9624 1.4564 -0.7497 0.8000
-7.9319 2.7182 -0.9170 0.8000
-9.5307 2.3811 -0.7833 0.8000
-8.2560 2.4256 -0.4143 0.8000
-8.6225 2.8142 -0.0024 0.8000
-8.5903 2.6826 -1.5527 0.8000
-9.4039 2.7533 -0.7729 0.8000
-11.9771 1.9981 -0.5247 0.8000
-10.4620 3.1052 -0.9525 0.8000
-8.4663 2.6313 -0.6854 0.8000
-11.3639 2.3206 -1.5143 0.8000
-10.9177 2.4035 -1.1514 0.8000
-9.9407 1.8902 -0.9965 0.8000
-10.3563 2.9770 -0.9500 0.8000
-8.5397 1.9563 -0.5095 0.8000
-7.8222 2.5589 -0.1562 0.8000
-11.8090 3.2675 -1.5023 0.8000
-12.2164 2.5032 -0.8812 0.8000
-8.7379 1.4763 -0.9635 0.8000
-11.9569 3.3363 -0.0564 0.8000
-11.1966 2.5289 -0.4704 0.8000
-10.6930 1.7644 -0.0722 0.8000
-10.9266 2.3939 -0.7948 0.8000
-9.3159 2.1381 -0.5956 0.8000
-11.0260 2.2390 -0.2329 0.8000
-9.5065 2.3680 -1.5414 0.8000
-9.0993 3.0549 -0.1195 0.8000
-12.2001 1.8814 -0.8381 0.8000
-10.6102 2.7210 -0.0618 0.8000
-12.0640 2.8382 -1.5850 0.8000
-8.7781 3.3604 -1.4496 0.8000
-12.0308 2.0280 -1.4802 0.8000
-8.3374 1.8009 -1.5104 0.8000
-8.4013 3.2698 -1.3861 0.8000
-9.9230 3.3021 -1.0669 0.8000
-7.9630 2.9563 -1.3854 0.8000
-10.6140 2.1744 -1.3678 0.8000
-10.9082 3.3432 -0.8800 0.8000
-11.7752 2.5670 -0.5974 0.8000
-8.9533 1.8369 -1.5281 0.8000
-10.3436 3.0512 -0.6808 0.8000
-7.7983 2.3634 -0.6689 0.8000
-8.2968 1.5153 -1.0866 0.8000
-9.9418 2.9562 -1.2984 0.8000
-10.2228 3.0331 -0.5879 0.8000
-11.2170 3.1115 -0.3499 0.8000
-11.5982 1.7252 -1.1455 0.8000
-11.1877 2.0726 -0.7842 0.8000
-9.7669 2.9832 -1.4418 0.8000
-11.6472 2.9232 -0.3490 0.8000
-8.2331 3.1717 -0.5397 0.8000
-7.8485 2.4955 -0.9146 0.8000
-11.0744 2.0214 -0.6316 0.8000
-9.3355 2.2211 -0.0719 0.8000
-10.4129 1.9879 -0.7009 0.8000
-9.8926 2.6848 -0.9165 0.8000
-8.7562 2.3895 -0.8757 0.8000
-9.4979 2.5344 -1.3089 0.8000
-9.2395 2.7448 -0.1440 0.8000
-11.6322 1.8783 -0.7185 0.8000
-11.1989 3.1893 -0.9680 0.8000
-8.3223 1.4936 -0.1019 0.8000
-7.8404 1.8895 -0.7184 0.8000
-9.7468 1.6490 -1.3661 0.8000
-11.3454 2.2225 -0.4906 0.8000
-9.9481 3.2894 -0.0528 0.8000
-10.1150 3.0538 -0.2771 0.8000
-9.2493 2.3868 -0.9914 0.8000
-10.7925 2.2044 -0.3061 0.8000
-8.2495 1.4786 -0.8300 0.8000
-7.7997 2.3810 -0.9525 0.8000
-8.1088 1.9093 -0.7111 0.8000
-7.7520 1.4019 -1.4771 0.8000
-11.6662 3.0900 -1.1772 0.8000
-11.1420 2.8448 -0.6732 0.8000
-8.7808 3.2793 -1.4124 0.8000
-10.1546 2.3363 -0.9436 0.8000
-7.8805 2.3935 -0.2760 0.8000
-11.6152 2.5217 -0.1699 0.8000
-10.8854 3.1646 -1.3078 0.8000
-9.3287 1.8118 -0.0886 0.8000
-10.4150 1.5371 -0.8527 0.8000
-10.6347 2.7282 -1.3567 0.8000
-9.7629 2.4187 -0.3991 0.8000
-8.5978 2.5852 -1.4635 0.8000
-10.3082 3.1746 -0.4294 0.8000
-12.1419 3.2129 -0.4826 0.8000
-8.7030 2.1571 -0.5800 0.8000
-8.9801 2.7771 -0.2755 0.8000
-9.9740 2.3843 -0.2832 0.8000
-9.5255 2.5117 -0.8947 0.8000
-10.6056 3.0260 -0.7741 0.8000
-11.8133 1.9592 -0.9316 0.8000
-8.6326 1.5830 -0.6184 0.8000
-10.4915 2.7645 -0.7639 0.8000
-7.7673 2.0107 -1.1257 0.8000
-7.8046 1.9954 -0.9231 0.8000
-10.8306 1.6504 -0.6963 0.8000
-11.4031 3.3034 -0.3198 0.8000
-8.8071 3.0683 -1.3842 0.8000
-8.7831 2.8619 -0.7003 0.8000
-12.1544 2.4866 -0.0985 0.8000
-9.8289 1.4585 -0.9461 0.8000
-10.9946 3.3421 -1.4904 0.8000
-12.0700 1.7923 -0.2407 0.8000
-10.3206 2.8304 -1.2604 0.8000
-11.6876 2.4940 -0.4841 0.8000
-10.9973 1.9623 -0.8612 0.8000
-9.6946 2.3131 -0.0947 0.8000
-11.1593 2.5529 -0.3618 0.8000
-10.6299 2.8042 -0.3168 0.8000
-9.0385 2.8902 -0.6385 0.8000
-8.5882 1.4694 -1.3769 0.8000
-10.1853 3.1421 -1.3288 0.8000
-9.5872 2.8396 -1.5292 0.8000
-10.7805 2.9649 -0.5928 0.8000
-8.2287 2.0944 -0.4955 0.8000
-11.9261 2.7881 -1.2705 0.8000
-11.8518 2.6245 -0.2255 0.8000
-12.1262 2.0764 -1.0344 0.8000
-11.8309 1.7360 -1.2493 0.8000
-9.4078 2.5656 -0.3987 0.8000
-7.7078 2.9400 -0.5975 0.8000
-9.5329 2.0895 -1.2805 0.8000
-11.1277 3.1355 -0.2678 0.8000
-8.5366 3.1372 -1.4322 0.8000
-10.6690 2.9242 -1.2959 0.8000
-9.5677 1.6559 -0.3720 0.8000
-10.2746 2.4265 -0.7350 0.8000
-9.9494 3.3648 -0.9073 0.8000
-11.8142 1.9192 -1.3568 0.8000
-8.0201 1.4721 -1.4567 0.8000
-10.8953 2.4368 -0.9040 0.8000
-9.5355 1.9329 -0.0258 0.8000
-12.2661 2.8807 -0.6043 0.8000
-10.1840 3.2834 -1.0914 0.8000
-8.7727 2.2623 -0.0014 0.8000
-9.4830 2.9968 -0.0036 0.8000
-10.8350 2.8309 -1.0595 0.8000
-9.3073 2.7421 -1.2519 0.8000
-8.6407 1.4646 -1.2894 0.8000
-11.5726 2.8504 -0.6595 0.8000
-11.9971 2.9555 -1.0974 0.8000
-10.1765 1.5499 -0.3524 0.8000
-10.2879 3.2161 -1.0330 0.8000
-12.0848 2.3255 -0.6256 0.8000
-9.1726 2.9430 -1.2018 0.8000
-9.6254 2.7960 -0.8305 0.8000
-10.8616 2.9989 -0.5471 0.8000
-11.0250 1.4447 -0.0150 0.8000
-10.9718 2.6865 -1.1133 0.8000
-11.7778 2.0357 -0.3920 0.8000
-8.0293 2.1512 -0.6313 0.8000
-12.0233 1.6712 -0.3920 0.8000
-12.1003 2.5426 -0.6198 0.8000
-8.7009 2.8437 -1.4270 0.8000
-10.1868 1.8873 -1.2194 0.8000
-8.5683 1.7122 -0.4597 0.8000
-9.9555 3.3027 -0.4125 0.8000
-8.1656 1.8843 -0.5927 0.8000
-10.6943 2.0569 -1.2836 0.8000
-9.6070 3.1629 -1.4279 0.8000
-11.2882 2.2370 -0.4220 0.8000
-10.2375 2.0624 -0.5802 0.8000
-11.6893 1.5389 -0.7065 0.8000
-10.0075 2.9764 -1.5697 0.8000
-10.1849 2.8718 -0.6090 0.8000
-12.1783 1.9453 -0.3537 0.8000
-11.8830 2.6186 -0.8570 0.8000
-9.7083 1.5151 -1.5184 0.8000
-9.0033 1.8644 -1.1362 0.8000
-9.2570 3.0217 -1.3214 0.8000
-8.9877 3.2954 -0.6105 0.8000
-10.0991 2.9424 -1.4051 0.8000
-10.7340 2.8410 -1.5345 0.8000
-9.1394 2.7345 -0.2909 0.8000
-11.0549 1.5468 -0.1249 0.8000
-9.4059 2.5106 -0.2497 0.8000
-11.8803 2.7479 -0.6661 0.8000
-9.8263 2.9265 -1.0294 0.8000
-8.9923 2.8226 -1.4715 0.8000
-10.8442 2.0588 -0.9754 0.8000
-8.0753 2.5600 -1.3063 0.8000
-11.9644 3.0151 -0.3070 0.8000
-11.0781 2.3909 -0.2661 0.8000
-9.1888 2.2246 -0.8485 0.8000
-8.5000 1.5802 -1.1082 0.8000
-11.7784 2.4945 -0.4812 0.8000
-11.8446 2.8169 -0.5960 0.8000
-10.1596 2.1080 -0.6705 0.8000
-10.7113 2.9052 -0.1192 0.8000
-9.7710 3.3868 -1.1523 0.8000
-8.4237 1.8152 -1.0704 0.8000
-10.9716 2.6433 -1.5127 0.8000
-12.2530 2.0715 -1.2484 0.8000
-9.2139 1.8851 -0.8487 0.8000
-9.7114 2.5173 -0.2872 0.8000
-9.9281 2.1678 -1.2975 0.8000
-8.6926 2.6399 -0.7631 0.8000
-8.3900 2.7258 -1.1057 0.8000
-11.6358 2.2249 -0.3432 0.8000
-8.4724 1.4272 -0.5791 0.8000
-9.8120 3.2253 -1.5122 0.8000
-8.2931 3.3238 -1.3396 0.8000
-9.6884 1.9499 -0.3779 0.8000
-8.1863 3.1223 -0.5145 0.8000
-8.4709 3.2250 -1.4140 0.8000
-10.8011 1.8415 -1.1170 0.8000
-9.3409 2.3691 -1.1648 0.8000
-9.6869 1.5605 -0.8458 0.8000
-9.8386 2.2878 -1.5585 0.8000
-11.7950 2.0133 -0.7516 0.8000
-12.1911 1.7264 -1.3338 0.8000
-10.7249 2.5118 -0.4248 0.8000
-10.0100 1.6572 -0.7231 0.8000
-9.7585 2.1063 -0.3404 0.8000
-9.9179 3.1265 -0.5921 0.8000
-11.6297 2.7593 -0.1450 0.8000
-8.5399 3.0115 -0.0722 0.8000
-8.9882 1.8667 -0.6039 0.8000
-8.3286 2.5241 -0.5962 0.8000
-8.2374 1.9862 -1.0314 0.8000
-8.4716 2.3052 -0.1057 0.8000
-9.2443 2.6177 -0.2964 0.8000
-10.2756 2.1614 -1.2011 0.8000
-9.3783 2.4583 -1.1781 0.8000
-11.1613 2.5763 -0.4131 0.8000
-8.0587 1.6574 -1.0383 0.8000
-9.3898 1.4433 -0.2839 0.8000
-9.5457 1.5792 -0.1333 0.8000
-9.6297 3.1656 -1.4153 0.8000
-9.1553 3.3719 -0.7667 0.8000
-9.1465 1.6925 -0.1794 0.8000
-12.0961 2.1058 -0.7175 0.8000
-10.3488 2.0660 -1.3672 0.8000
-7.8132 2.5885 -0.3339 0.8000
-8.8117 2.0158 -1.2715 0.8000
-11.4193 3.3122 -0.8074 0.8000
-10.3322 1.7659 -0.0516 0.8000
-10.1759 2.3617 -0.1766 0.8000
-7.7998 1.8412 -0.6247 0.8000
-7.9220 2.2024 -1.3489 0.8000
-11.9455 1.8017 -0.9822 0.8000
-11.0802 1.5760 -1.2206 0.8000
-11.9641 3.2027 -0.5182 0.8000
-11.4061 2.5652 -0.3821 0.8000
-10.2336 2.7428 -0.6013 0.8000
-9.5380 2.2085 -0.6269 0.8000
-8.5643 1.7150 -1.0992 0.8000
-11.8996 3.3388 -0.8759 0.8000
-11.0068 2.0783 -0.0281 0.8000
-9.4944 2.8798 -0.1455 0.8000
-10.1862 3.2067 -0.4594 0.8000
-10.8822 2.5200 -0.2122 0.8000
-11.4821 2.2204 -0.4671 0.8000
-9.0409 1.9133 -0.5776 0.8000
-11.2198 1.5002 -0.3888 0.8000
-9.1513 1.5452 -1.2047 0.8000
-8.0831 2.7409 -0.0575 0.8000
-11.3073 3.2400 -0.9053 0.8000
-8.9795 2.9164 -1.5295 0.8000
-8.6161 2.0159 -1.3000 0.8000
-9.3881 1.6272 -0.5406 0.8000
-10.8026 1.8064 -0.5364 0.8000
-11.1965 3.1153 -0.7328 0.8000
-8.6791 1.9004 -0.7966 0.8000
-10.8008 2.4866 -0.5859 0.8000
-8.5923 3.3894 -0.4456 0.8000
-8.4328 3.3980 -1.2770 0.8000
-8.2974 1.8313 -1.2711 0.8000
-8.5430 3.3169 -1.5421 0.8000
-8.1584 2.0173 -0.6337 0.8000
-8.0226 3.0650 -1.0029 0.8000
-10.0292 1.8713 -0.1015 0.8000
-10.9600 1.4780 -1.0636 0.8000
-11.4301 3.0070 -0.6962 0.8000
-10.5010 2.3121 -1.0465 0.8000
-11.1352 3.3720 -1.0300 0.8000
-8.4263 2.1077 -1.0194 0.8000
-8.4299 2.1332 -0.6236 0.8000
-10.2634 2.5326 -1.0135 0.8000
-8.5800 2.9907 -1.3634 0.8000
-9.3516 1.4415 -1.3360 0.8000
-9.6574 2.6685 -0.7565 0.8000
-8.5695 1.8857 -0.9056 0.8000
-8.5962 1.8489 -0.2033 0.8000
-8.6218 1.5758 -1.5328 0.8000
-9.7906 1.4170 -1.1763 0.8000
-10.8247 2.0076 -0.4927 0.8000
-10.4454 2.6935 -0.5051 0.8000
-9.1674 2.2552 -1.4775 0.8000
-8.1129 1.6326 -1.2050 0.8000
-8.9757 2.3824 -1.2353 0.8000
-8.6611 3.0460 -0.0649 0.8000
-10.9569 3.0726 -0.1266 0.8000
-10.2840 2.5628 -0.0289 0.8000
-8.8644 2.5039 -1.3658 0.8000
-8.2942 2.1316 -0.4874 0.8000
-9.9438 2.3779 -0.7637 0.8000
-12.2160 2.9437 -0.3978 0.8000
-8.2258 2.2651 -1.2616 0.8000
-11.8528 3.0818 -1.5524 0.8000
-9.8634 2.6277 -1.4188 0.8000
-10.0954 2.2142 -0.7912 0.8000
-7.8743 3.2452 -0.0327 0.8000
-11.7261 3.1751 -1.5440 0.8000
-9.2448 2.1973 -0.6603 0.8000
-10.8694 2.8826 -1.2839 0.8000
-10.3035 3.2582 -1.4842 0.8000
-10.3844 2.5773 -0.6017 0.8000
-10.6968 3.2743 -1.0002 0.8000
-8.2514 1.5597 -0.4109 0.8000
-8.9816 3.2762 -1.0101 0.8000
-8.1649 2.7634 -1.4399 0.8000
-8.5782 1.7163 -0.4276 0.8000
-10.3831 1.6405 -0.5551 0.8000
-12.0165 2.8614 -0.1547 0.8000
-10.9254 1.8987 -0.4855 0.8000
-10.7098 1.4681 -1.5795 0.8000
-11.8312 1.8032 -0.2736 0.8000
-11.5909 1.6101 -0.7151 0.8000
-12.1942 1.7408 -1.5817 0.8000
-10.2823 2.4583 -0.3162 0.8000
-11.5195 2.4662 -0.3671 0.8000
-11.0513 2.2966 -0.0006 0.8000
-10.0887 2.8936 -0.8277 0.8000
-11.5453 1.4318 -0.3540 0.8000
-11.9989 3.1781 -0.4589 0.8000
-8.7774 3.3797 -0.8079 0.8000
-8.2272 3.2895 -1.3217 0.8000
-10.7469 1.9302 -0.8894 0.8000
-10.1722 3.1568 -1.3498 0.8000
-10.9742 2.8829 -1.1126 0.8000
-10.1750 2.3682 -0.2038 0.8000
-11.8908 3.3775 -1.1944 0.8000
-10.1863 1.8541 -0.2776 0.8000
-10.1776 2.5696 -1.5482 0.8000
-10.8875 1.8270 -0.8184 0.8000
-8.3071 1.9115 -0.4148 0.8000
-10.3675 3.0629 -0.2152 0.8000
-11.6176 2.6722 -1.5598 0.8000
-8.8474 2.8277 -0.3259 0.8000
-11.6267 2.1147 -0.1739 0.8000
-11.9073 3.2463 -1.3544 0.8000
-10.6033 2.3115 -1.5163 0.8000
-8.6324 2.0554 -1.2732 0.8000
-7.9239 1.7724 -1.2210 0.8000
-9.2732 1.9288 -1.2955 0.8000
-8.1828 2.9774 -0.6549 0.8000
-9.6842 2.0666 -1.1951 0.8000
-11.4245 2.0430 -0.4459 0.8000
-9.7006 2.1747 -0.7759 0.8000
-8.9126 2.0543 -0.8697 0.8000
-11.9554 2.4452 -0.2112 0.8000
-10.3690 3.3560 -0.6468 0.8000
-11.9125 3.2962 -1.1769 0.8000
-10.4753 3.2680 -1.4570 0.8000
-9.7116 2.6063 -0.7380 0.8000
-8.9988 3.3698 -0.4042 0.8000
-10.6651 2.1315 -0.5213 0.8000
-11.7373 1.7978 -0.3122 0.8000
-10.0228 3.2110 -0.3542 0.8000
-11.7054 3.0376 -0.7688 0.8000
-11.8550 2.1781 -1.1764 0.8000
-8.9308 1.8807 -0.2806 0.8000
-9.5002 2.1398 -0.8965 0.8000
-9.8590 2.2647 -1.3776 0.8000
-11.5287 3.0695 -0.1711 0.8000
-8.0663 2.1788 -1.2711 0.8000
-8.3422 2.3622 -1.3335 0.8000
-8.4231 1.7683 -1.2944 0.8000
-11.9997 2.8642 -1.2674 0.8000
-11.9676 2.6539 -1.1571 0.8000
-10.1319 1.6949 -0.6941 0.8000
-10.9738 1.9654 -1.2594 0.8000
-10.7539 2.0216 -0.2164 0.8000
-9.0356 2.6296 -0.9124 0.8000
-7.9972 1.4425 -0.8436 0.8000
-9.5252 2.5668 -0.4958 0.8000
-12.1677 1.9134 -1.5099 0.8000
-12.1154 3.2181 -1.0952 0.8000
-11.2349 3.0444 -0.5020 0.8000
-12.2585 2.5189 -0.9868 0.8000
-11.6627 1.9955 -1.4516 0.8000
-12.0556 1.9279 -0.8147 0.8000
-11.0232 1.5175 -1.2521 0.8000
-12.0900 2.1634 -0.1892 0.8000
-8.1080 1.6965 -1.4094 0.8000
-9.8935 2.6572 -1.4784 0.8000
-8.3358 3.1236 -0.7040 0.8000
-9.1788 1.5553 -1.2791 0.8000
-10.1822 3.1890 -0.2246 0.8000
-10.1582 2.2077 -1.3153 0.8000
-8.9852 1.4567 -0.8419 0.8000
-10.8240 1.5672 -0.3972 0.8000
-9.8573 1.4004 -1.5186 0.8000
-11.7599 2.5841 -0.0006 0.8000
-8.6896 1.9400 -0.3726 0.8000
-10.7899 2.3370 -1.0625 0.8000
-11.4782 2.8583 -0.8461 0.8000
-8.8922 2.2386 -1.3509 0.8000
-11.8711 1.7939 -0.9701 0.8000
-7.9209 3.0760 -1.0967 0.8000
-9.1285 1.8127 -1.1080 0.8000
-8.8940 2.8501 -0.3669 0.8000
-11.9229 2.7752 -0.3177 0.8000
-9.7070 3.0022 -1.0143 0.8000
-12.1622 2.2913 -1.4143 0.8000
-10.7950 3.2579 -1.5307 0.8000
-8.9691 1.6421 -0.0774 0.8000
-11.3078 2.4731 -1.4349 0.8000
-9.0931 2.8133 -0.5544 0.8000
-9.7679 3.1294 -1.4553 0.8000
-8.1114 2.6977 -0.3300 0.8000
-10.0145 2.7231 -1.0229 0.8000
-10.9145 3.3241 -1.0730 0.8000
-8.2754 2.2226 -1.5605 0.8000
-10.1014 2.4673 -0.0568 0.8000
-10.9749 2.7480 -0.8254 0.8000
-10.3881 1.9372 -1.3607 0.8000
-10.2625 2.1745 -1.3964 0.8000
-11.2774 2.7760 -0.5098 0.8000
-8.6317 2.1885 -1.2679 0.8000
-8.5259 3.2174 -0.8070 0.8000
-10.2526 2.5375 -1.2902 0.8000
-12.2219 2.7888 -0.9865 0.8000
-11.8266 1.7239 -0.3746 0.8000
-9.9583 3.3406 -1.5556 0.8000
-11.1000 3.3887 -1.2345 0.8000
-10.7783 2.7399 -0.1258 0.8000
-9.8594 1.8197 -0.5457 0.8000
-9.2512 2.4851 -0.1865 0.8000
-11.4391 1.5978 -1.5612 0.8000
-9.1396 1.5110 -0.1954 0.8000
-11.7982 2.0060 -0.3499 0.8000
-9.7020 1.8459 -1.3986 0.8000
-9.2181 3.3164 -0.8919 0.8000
-10.9566 2.8957 -0.9797 0.8000
-8.4527 2.8276 -0.2176 0.8000
-8.6744 2.9230 -0.5396 0.8000
-8.2436 2.1194 -0.4187 0.8000
-10.7278 3.3875 -0.1377 0.8000
-8.0071 2.5617 -1.0989 0.8000
-10.0728 1.8185 -1.4908 0.8000
-10.8688 2.7472 -0.9033 0.8000
-9.4340 2.5053 -0.0969 0.8000
-8.2352 2.6181 -0.5191 0.8000
-8.2104 1.9337 -1.5417 0.8000
-11.1832 2.5701 -0.0255 0.8000
-11.5985 1.5488 -0.7361 0.8000
-10.2402 3.0306 -0.9663 0.8000
-7.9825 2.6098 -0.8087 0.8000
-7.8603 2.7261 -0.7406 0.8000
-11.0313 2.5533 -0.1276 0.8000
-11.9900 3.3748 -1.0182 0.8000
-9.0369 1.5653 -0.5411 0.8000
-11.2338 2.3351 -1.4167 0.8000
-11.3290 2.7429 -0.9215 0.8000
-8.9160 2.6045 -0.1139 0.8000
-11.3752 2.8438 -0.3789 0.8000
-8.6955 3.3601 -0.1130 0.8000
-8.0401 2.3694 -1.3940 0.8000
-11.5936 2.9951 -0.8537 0.8000
-9.7829 2.3951 -0.7605 0.8000
-9.0794 2.8805 -1.4493 0.8000
-9.8386 2.3986 -0.7666 0.8000
-8.1152 2.3037 -0.9926 0.8000
-11.9883 3.3287 -1.5856 0.8000
-7.7245 2.7711 -1.4254 0.8000
-9.7212 2.7649 -0.8185 0.8000
-11.3184 2.4390 -1.4266 0.8000
-9.3887 1.5366 -0.9611 0.8000
-9.2431 2.1170 -0.0200 0.8000
-12.2765 1.4996 -0.8965 0.8000
-8.4500 2.8804 -0.6957 0.8000
-11.9727 2.9938 -0.9321 0.8000
-11.3118 1.4632 -1.4286 0.8000
-9.5584 2.3977 -0.3058 0.8000
-8.7371 3.2020 -0.4256 0.8000
-9.3603 1.6122 -0.8890 0.8000
-9.4449 2.1148 -1.2948 0.8000
-10.0326 1.6377 -0.4305 0.8000
-9.9378 2.3969 -1.0731 0.8000
-10.3210 2.4654 -0.8199 0.8000
-11.0223 2.1837 -1.1912 0.8000
-10.6312 3.0747 -0.9252 0.8000
-8.2605 2.2195 -0.1414 0.8000
-10.5386 1.6189 -1.1221 0.8000
-8.7999 2.9940 -0.9797 0.8000
-9.4824 1.8258 -0.7878 0.8000
-11.2696 2.8469 -1.1453 0.8000
-11.5920 2.2691 -0.0500 0.8000
-11.7344 1.8368 -1.4325 0.8000
-10.0210 1.5989 -1.4035 0.8000
-11.3635 3.0535 -0.5943 0.8000
-11.1057 1.8377 -0.6255 0.8000
-8.4464 3.3764 -1.1447 0.8000
-10.0523 2.4453 -1.4783 0.8000
-10.7696 2.8545 -1.3895 0.8000
-11.4470 2.5325 -1.2445 0.8000
-10.2895 3.3965 -0.9600 0.8000
-11.0879 1.8790 -0.7039 0.8000
-12.1204 2.1830 -0.6086 0.8000
-8.3100 3.1654 -0.4871 0.8000
-9.6843 1.7830 -1.5221 0.8000
-8.4787 2.6580 -0.7252 0.8000
-8.8923 3.1937 -1.5293 0.8000
-12.2325 3.3835 -0.5576 0.8000
-9.2943 3.0001 -1.0901 0.8000
-11.6546 1.5401 -0.6276 0.8000
-11.9647 2.5356 -0.8368 0.8000
-12.1656 2.7742 -0.2954 0.8000
-8.4148 2.0114 -1.4436 0.8000
-9.6750 2.7545 -0.7453 0.8000
-8.7454 3.2212 -1.1012 0.8000
-9.3635 2.6927 -1.5798 0.8000
-11.6622 2.3874 -0.7390 0.8000
-9.5033 2.9177 -0.3486 0.8000
-11.7853 1.9935 -0.6179 0.8000
-12.0583 2.7366 -1.5248 0.8000
-10.7344 2.4135 -0.5637 0.8000
-11.8406 2.6220 -0.4530 0.8000
-9.0543 2.3809 -1.4847 0.8000
-9.5150 2.2298 -0.9828 0.8000
-9.1595 1.5036 -1.1223 0.8000
-8.1255 2.6435 -0.4007 0.8000
-10.6291 3.3545 -1.0108 0.8000
-9.7303 2.1084 -1.2673 0.8000
-10.5793 2.6494 -0.7503 0.8000
-11.6546 2.8473 -0.3848 0.8000
-8.4294 2.6075 -0.9721 0.8000
-9.6669 3.2005 -0.1656 0.8000
-9.4328 3.2639 -0.5587 0.8000
-11.1126 3.1424 -1.4141 0.8000
-8.4909 2.2412 -0.0379 0.8000
-9.9565 1.6801 -0.4424 0.8000
-11.9806 2.2011 -1.2224 0.8000
-10.8253 2.4460 -1.1045 0.8000
-10.2102 1.4849 -0.8449 0.8000
-10.7635 3.0766 -1.5653 0.8000
-11.7728 3.1714 -0.1681 0.8000
-10.8074 2.6643 -1.4713 0.8000
-12.2866 2.5603 -1.3261 0.8000
-11.3263 2.1747 -0.7423 0.8000
-9.3614 3.3560 -0.3249 0.8000
-9.8163 2.2724 -0.0985 0.8000
-10.5734 1.8123 -1.4153 0.8000
-7.8847 3.3219 -1.5752 0.8000
-12.0889 3.0707 -0.4814 0.8000
-9.3554 2.0545 -1.1673 0.8000
-9.4419 2.5167 -1.3884 0.8000
-9.9044 2.5704 -1.5932 0.8000
-11.0869 3.1542 -0.0576 0.8000
-9.9811 2.4951 -0.4259 0.8000
-10.1368 2.2363 -1.0507 0.8000
-11.6289 2.5837 -0.6434 0.8000
-11.2116 3.3447 -0.1755 0.8000
-10.2882 1.5046 -0.1410 0.8000
-10.5886 2.6943 -0.7444 0.8000
-11.7019 1.5647 -0.0981 0.8000
-11.2035 1.9256 -0.3876 0.8000
-9.5777 2.7916 -0.7248 0.8000
-9.0623 2.8202 -0.9900 0.8000
-8.8430 3.0673 -0.1013 0.8000
-9.8178 2.4812 -1.2885 0.8000
-12.0469 3.0040 -0.7292 0.8000
-11.2371 2.4064 -1.3875 0.8000
-8.9507 1.8032 -1.3863 0.8000
-10.9731 2.2909 -1.5041 0.8000
-9.2172 1.7452 -1.1039 0.8000
-9.3212 2.4918 -0.3215 0.8000
-9.9269 2.4322 -1.3054 0.8000
-10.8813 1.9225 -0.2681 0.8000
-11.9327 2.3725 -0.0101 0.8000
-8.9447 2.6073 -0.7593 0.8000
-11.1626 2.2695 -0.3398 0.8000
-10.9979 1.8472 -0.5312 0.8000
-11.7366 3.3076 -0.8647 0.8000
-8.9522 3.0051 -1.1442 0.8000
-7.8855 1.8259 -0.5257 0.8000
-10.0829 2.3534 -1.2310 0.8000
-10.6354 2.1563 -1.0103 0.8000
-9.9244 3.3932 -1.3526 0.8000
-10.4998 2.8430 -0.6756 0.8000
-10.8805 2.6980 -1.3365 0.8000
-7.8308 1.6942 -0.3167 0.8000
-7.9990 1.7805 -0.8390 0.8000
-9.4220 3.2627 -0.4582 0.8000
-12.2103 2.2980 -0.8733 0.8000
-10.5918 1.4300 -0.3609 0.8000
-11.3849 2.3936 -0.1838 0.8000
-9.6170 2.6363 -0.8507 0.8000
-10.4624 1.9815 -1.0090 0.8000
-10.3838 2.2510 -0.4492 0.8000
-8.0543 1.9522 -0.0551 0.8000
-8.1416 2.2839 -1.3182 0.8000
-11.0520 3.3684 -0.4057 0.8000
-9.4323 2.3183 -1.5944 0.8000
-8.3164 3.0129 -0.0301 0.8000
-7.8843 1.6573 -0.3250 0.8000
-8.8777 2.9798 -0.0862 0.8000
-11.8433 2.4130 -1.4288 0.8000
-9.1716 2.1332 -1.5182 0.8000
-10.0396 2.5528 -0.9010 0.8000
-10.9712 2.1014 -1.5051 0.8000
-8.1988 3.0194 -1.5131 0.8000
-9.3626 2.9783 -1.4533 0.8000
-8.1000 1.8599 -1.5016 0.8000
-11.9908 2.2640 -1.4439 0.8000
-8.6935 1.6769 -1.0135 0.8000
-9.6022 1.4112 -0.7975 0.8000
-10.9135 1.9930 -1.4340 0.8000
-8.2672 2.5212 -0.5749 0.8000
-8.6332 2.9186 -0.6271 0.8000
-9.6855 3.2998 -1.1273 0.8000
-7.8295 2.2457 -1.1143 0.8000
-8.6286 1.4069 -0.0244 0.8000
-10.1502 2.6999 -1.1196 0.8000
-12.0488 1.8134 -0.1508 0.8000
-9.4997 2.5521 -1.2733 0.8000
-10.3062 2.3037 -1.3127 0.8000
-9.6353 1.9564 -0.2236 0.8000
-12.0828 1.9976 -0.6288 0.8000
-8.5113 2.0844 -0.3749 0.8000
-8.5963 1.7493 -0.6792 0.8000
-8.8275 2.8115 -0.0433 0.8000
-8.7117 2.1891 -1.5536 0.8000
-11.4648 2.8362 -1.3597 0.8000
-9.9453 2.5647 -1.4223 0.8000
-8.8146 1.8542 -0.5259 0.8000
-9.4333 2.0425 -1.0977 0.8000
-9.9193 3.2479 -0.3414 0.8000
-10.6667 2.2435 -1.4015 0.8000
-9.2531 1.6264 -1.2318 0.8000
-12.1195 2.6864 -1.4948 0.8000
-12.1704 2.0845 -0.0108 0.8000
-10.2940 2.3313 -0.4520 0.8000
-9.7775 1.8129 -1.4257 0.8000
-10.8083 1.4255 -0.5649 0.8000
-9.1619 2.5693 -0.8966 0.8000
-8.0256 2.2684 -0.1341 0.8000
-11.7116 2.2109 -1.3855 0.8000
-10.1179 3.2461 -1.5554 0.8000
-7.9637 1.9224 -1.3536 0.8000
-7.9069 2.5728 -0.1000 0.8000
-10.0428 3.0537 -0.1134 0.8000
-8.7558 2.3099 -1.4902 0.8000
-11.4161 2.9064 -0.7628 0.8000
-8.5978 2.5189 -0.5049 0.8000
-7.8125 2.1020 -1.5932 0.8000
-10.7735 3.2141 -1.5738 0.8000
-11.2196 2.1536 -1.4938 0.8000
-11.7582 2.3177 -0.4731 0.8000
-10.2425 2.6955 -0.0959 0.8000
-10.7985 2.5872 -1.4909 0.8000
-10.0052 2.4250 -1.3698 0.8000
-9.9175 2.7801 -0.8523 0.8000
-8.3302 2.7875 -0.8918 0.8000
-8.2401 2.4590 -1.2604 0.8000
-10.2856 2.4111 -1.2794 0.8000
-8.8092 1.7294 -1.3767 0.8000
-9.7314 2.8218 -1.1991 0.8000
-8.9595 3.3822 -0.2537 0.8000
-9.0778 1.9816 -0.8680 0.8000
-8.4920 1.8005 -0.1315 0.8000
-11.5486 3.2790 -0.2533 0.8000
-8.6389 2.2218 -0.7538 0.8000
-11.2656 2.7845 -0.2811 0.8000
-9.1365 2.3421 -1.3371 0.8000
-7.8854 2.5253 -0.5747 0.8000
-9.6103 2.0678 -0.0954 0.8000
-8.2264 2.9413 -0.6087 0.8000
-8.5705 2.4080 -0.8149 0.8000
-9.0745 2.3641 -0.5510 0.8000
-11.9563 2.5217 -1.3813 0.8000
-12.1890 3.2750 -1.1288 0.8000
-8.1301 3.0366 -1.1964 0.8000
-9.0925 1.5198 -1.4107 0.8000
-9.7818 2.1183 -0.4671 0.8000
-12.2872 1.7081 -0.5853 0.8000
-11.7286 3.2239 -0.2037 0.8000
-9.1269 1.8925 -0.4831 0.8000
-11.2206 2.9333 -0.3011 0.8000
-10.6601 2.6292 -1.3773 0.8000
-8.4853 2.9340 -1.4951 0.8000
-10.8072 2.7386 -1.0071 0.8000
-9.9189 1.9751 -1.3904 0.8000
-11.9753 2.3966 -0.3717 0.8000
-10.0191 1.7448 -0.9066 0.8000
-9.0039 1.8630 -0.0984 0.8000
-11.2468 1.6485 -1.4591 0.8000
-9.6335 3.1521 -0.0862 0.8000
-9.5963 1.9713 -0.4363 0.8000
-8.5482 1.6630 -0.3141 0.8000
-10.6387 1.8819 -0.8119 0.8000
-8.1853 1.9263 -1.0174 0.8000
-10.1368 1.6507 -0.4408 0.8000
-12.1501 2.7951 -0.0335 0.8000
-11.9454 2.7329 -1.5582 0.8000
-8.1095 2.5786 -0.6446 0.8000
-11.9435 3.1384 -1.2041 0.8000
-8.6486 1.5079 -0.9599 0.8000
-7.7623 2.6140 -0.6809 0.8000
-8.4513 2.5760 -1.2530 0.8000
-10.4341 2.8339 -1.5833 0.8000
-11.2295 2.0512 -1.4899 0.8000
-11.5596 2.2518 -1.5588 0.8000
-10.6095 2.0777 -1.5280 0.8000
-10.0443 2.1807 -1.3357 0.8000
-10.1151 2.6801 -0.8894 0.8000
-9.4531 1.9166 -0.8762 0.8000
-8.6580 3.1360 -1.5808 0.8000
-11.5359 3.3877 -1.5575 0.8000
-10.7758 2.2520 -1.1952 0.8000
5.7297 0.8388 0.0415 0.6500
5.8232 1.1447 -0.7875 0.6500
5.7211 1.0591 -1.1351 0.6500
5.7519 0.7618 -1.2744 0.6500
6.0964 1.2240 -0.0160 0.6500
5.7808 1.2934 -0.6658 0.6500
5.9677 0.9986 -1.1726 0.6500
6.1846 0.7135 -0.8833 0.6500
5.7348 1.0073 -1.5496 0.6500
5.8622 1.0476 -1.5939 0.6500
6.0753 0.8176 -1.0173 0.6500
5.8041 0.7205 -0.3971 0.6500
6.0120 0.9923 -0.3541 0.6500
6.1158 1.2236 -1.5917 0.6500
6.2693 0.8488 -0.4384 0.6500
6.2845 0.9215 -0.3102 0.6500
5.7979 1.2426 -1.2062 0.6500
6.2256 1.0659 -1.3398 0.6500
5.7314 1.0416 -0.3996 0.6500
5.9701 0.8970 -0.6351 0.6500
5.9819 1.2775 -0.9255 0.6500
5.7506 1.1190 -0.6162 0.6500
5.8896 0.7614 -0.2225 0.6500
6.1665 0.7281 -1.4417 0.6500
5.8285 1.0700 -0.7289 0.6500
6.0738 0.8615 -1.1298 0.6500
6.2779 0.7649 -1.1161 0.6500
5.7317 1.1389 -0.2855 0.6500
5.7089 1.2194 -0.4958 0.6500
5.8593 0.9696 -0.0910 0.6500
5.7581 0.8816 -0.9774 0.6500
5.7504 0.7816 -0.7412 0.6500
5.9470 1.1066 -1.3549 0.6500
6.0913 0.7083 -0.1503 0.6500
6.1455 1.1091 -0.5484 0.6500
5.7653 1.2737 -0.0521 0.6500
6.0426 0.9338 -0.5253 0.6500
6.1301 1.1364 -1.3721 0.6500
6.0696 0.7338 -0.6423 0.6500
5.9787 0.9047 0.0141 0.6500
5.9646 0.9741 -1.3148 0.6500
6.1676 1.0870 -1.0421 0.6500
5.8385 0.8799 -0.5023 0.6500
5.8115 1.0886 -0.6317 0.6500
5.7359 1.1341 -1.2888 0.6500
5.9414 0.7931 -1.3264 0.6500
6.0987 1.2057 -1.3502 0.6500
6.0146 1.1112 -0.6893 0.6500
5.7509 1.2941 -0.0493 0.6500
6.2955 1.1662 -0.7471 0.6500
5.9228 1.1568 -0.9033 0.6500
5.7017 0.7113 -1.2441 0.6500
6.0635 0.9534 -0.0939 0.6500
5.7044 0.8849 0.0773 0.6500
6.2409 1.1642 -0.3926 0.6500
6.0604 1.0949 -0.7235 0.6500
5.8975 1.0065 -0.0474 0.6500
5.9014 0.9178 -0.7073 0.6500
5.7622 0.7600 -1.0128 0.6500
5.9524 0.8878 -1.2821 0.6500
6.0010 1.0619 -1.3660 0.6500
5.7911 0.8765 -0.8367 0.6500
6.1070 0.7696 -0.9380 0.6500
5.8912 0.7094 -1.2480 0.6500
5.7408 1.2449 -0.7357 0.6500
5.8485 0.8339 -0.3612 0.6500
5.7217 1.2595 -0.5531 0.6500
6.2459 0.7135 -0.2856 0.6500
5.9762 0.9560 -0.2244 0.6500
6.2759 0.9967 -1.3690 0.6500
6.0687 0.9367 0.0863 0.6500
5.7255 0.7588 -1.3219 0.6500
5.8034 1.2256 -0.3443 0.6500
6.0191 1.2513 -0.6324 0.6500
5.7051 1.1525 -0.7188 0.6500
6.0672 0.7648 -0.0669 0.6500
6.2244 0.8511 -0.2578 0.6500
5.8912 0.8765 -1.5031 0.6500
6.2037 1.2664 -0.5334 0.6500
6.2547 1.1798 -0.7590 0.6500
5.8524 0.9616 -0.8971 0.6500
5.9832 1.0025 -1.5426 0.6500
5.8882 1.1786 -0.1072 0.6500
5.8711 0.7373 -1.0439 0.6500
5.7055 0.9355 0.0986 0.6500
5.8384 0.7310 -0.2145 0.6500
6.1759 1.2477 -0.2352 0.6500
6.2396 0.9650 -0.5929 0.6500
5.8761 0.8077 -0.1896 0.6500
5.7214 1.2875 -1.1732 0.6500
6.1506 1.2266 -0.5926 0.6500
6.1214 1.0049 -0.6082 0.6500
5.8700 1.2547 -0.8675 0.6500
6.1886 0.8096 -0.6363 0.6500
6.1547 1.1588 -0.3151 0.6500
5.7555 1.1640 -1.2820 0.6500
5.9922 1.0555 0.0597 0.6500
5.8004 0.9380 -0.8028 0.6500
5.8008 0.8686 -0.4222 0.6500
5.9247 1.0861 -0.0588 0.6500
5.7951 0.8937 0.0465 0.6500
6.1978 0.7781 -0.6027 0.6500
5.9666 1.2116 0.0311 0.6500
6.2228 1.1796 -0.6212 0.6500
6.0286 0.8786 -1.1664 0.6500
6.0603 0.7048 -0.6623 0.6500
6.0418 0.8428 -1.3991 0.6500
5.8107 1.0398 -0.3661 0.6500
5.7818 1.1125 -1.2014 0.6500
5.8795 0.9423 -0.8941 0.6500
6.1024 1.2145 -0.9599 0.6500
6.2189 0.8570 -1.1988 0.6500
5.7924 1.2661 -0.3760 0.6500
5.7497 1.0884 -1.0577 0.6500
6.2080 1.1496 0.0011 0.6500
5.9152 1.0239 -1.5887 0.6500
5.8514 1.3000 -0.8291 0.6500
5.7051 0.7988 -0.8107 0.6500
5.8205 0.9725 -0.6063 0.6500
5.7254 0.8583 -1.3960 0.6500
6.1156 0.8622 -0.1366 0.6500
5.7412 1.1873 -1.2225 0.6500
6.1510 1.0438 -0.9491 0.6500
6.1117 0.7622 -0.6402 0.6500
5.7200 1.2576 -1.5920 0.6500
6.2955 0.7864 -0.5416 0.6500
6.2875 1.1265 -1.2542 0.6500
6.2684 1.1070 -0.3072 0.6500
5.8475 1.1958 -1.1111 0.6500
6.1009 1.0827 -0.5775 0.6500
5.9689 0.9287 -0.7503 0.6500
5.9002 0.8216 -0.1021 0.6500
5.9548 1.0238 -0.9948 0.6500
6.1175 0.7197 -0.7459 0.6500
5.7650 1.0141 -0.6903 0.6500
5.9667 0.8037 -1.4117 0.6500
6.2619 1.0870 -0.6768 0.6500
6.0666 0.9471 -0.7685 0.6500
6.2505 1.1555 -1.3093 0.6500
5.7155 1.0541 -0.5431 0.6500
6.0408 0.9993 -0.7306 0.6500
6.1183 1.0947 -1.3600 0.6500
5.9030 0.8331 -0.5320 0.6500
5.7741 1.2539 -0.8016 0.6500
5.7539 0.7424 -0.0607 0.6500
6.0241 0.9061 -0.6844 0.6500
5.8155 0.7344 -1.1858 0.6500
5.7300 1.0516 -0.3405 0.6500
6.1980 0.9284 -0.8795 0.6500
6.1829 0.7342 -0.1811 0.6500
6.1482 1.1001 -0.8342 0.6500
6.0286 1.2749 -1.2416 0.6500
6.0097 0.7642 -0.7526 0.6500
6.0297 0.8323 -1.4244 0.6500
6.1636 0.8636 -0.9295 0.6500
6.0964 1.1080 -0.6385 0.6500
5.7865 0.9319 -0.5506 0.6500
5.9088 1.1528 -0.9603 0.6500
6.1100 0.9777 -1.3341 0.6500
6.0306 0.7141 -1.0558 0.6500
6.2589 0.8043 -0.7349 0.6500
5.8671 0.8920 -0.6715 0.6500
6.1333 1.0806 -0.1701 0.6500
6.1265 1.1085 -1.5096 0.6500
6.1534 1.0840 -0.6883 0.6500
6.0853 0.7370 -1.2850 0.6500
6.2328 0.9215 -0.0982 0.6500
6.1687 1.0811 -0.4345 0.6500
6.1894 1.0837 -1.1399 0.6500
5.9675 1.0477 -0.6121 0.6500
5.7419 0.9556 -0.1282 0.6500
6.0281 0.7054 -1.3525 0.6500
5.9877 1.0355 -1.0603 0.6500
6.2571 0.8570 -0.7874 0.6500
6.1066 0.9115 -1.1769 0.6500
6.1749 1.0585 -1.3732 0.6500
6.1191 0.9871 -1.2753 0.6500
6.0818 0.9594 -1.0359 0.6500
6.2482 0.9434 -0.3084 0.6500
5.7403 1.1589 0.0709 0.6500
6.2243 0.9969 -1.2338 0.6500
6.1824 1.0718 -0.2174 0.6500
6.2959 0.7563 -0.8422 0.6500
5.7815 1.0661 -1.4003 0.6500
6.2056 0.7342 -0.5833 0.6500
5.8465 1.1630 -0.9350 0.6500
5.7371 0.7063 -1.0776 0.6500
5.8508 1.1468 -0.9686 0.6500
5.7894 1.0176 -0.7301 0.6500
5.8720 1.1243 -0.7519 0.6500
6.2490 0.8468 -0.9266 0.6500
6.0935 1.0154 -1.4165 0.6500
6.0426 1.2065 -0.7208 0.6500
6.2232 0.8276 -0.0724 0.6500
6.2393 0.7155 -0.9271 0.6500
6.2781 1.1518 -0.6790 0.6500
6.2262 1.1222 -0.5215 0.6500
6.1909 0.7901 -0.8714 0.6500
5.7193 0.9052 -0.2485 0.6500
6.0343 0.9503 -1.5425 0.6500
5.9353 0.7234 -1.4002 0.6500
5.7376 0.9286 -1.5537 0.6500
5.7545 0.7564 -0.0048 0.6500
5.9572 1.2960 -1.4350 0.6500
6.2673 1.2890 -0.2226 0.6500
5.9727 1.0399 -1.4379 0.6500
6.1638 0.9876 -0.8550 0.6500
5.8274 1.2796 -0.6757 0.6500
5.8416 1.1005 -0.2596 0.6500
6.2057 0.7794 -1.3346 0.6500
5.8742 0.8274 -0.4951 0.6500
6.0895 1.0933 -0.1236 0.6500
5.7015 1.2687 0.0127 0.6500
5.7168 0.8994 0.0717 0.6500
5.9849 0.7702 -0.0237 0.6500
6.0538 1.1554 -1.0087 0.6500
5.7472 0.8233 -1.2655 0.6500
6.1726 0.7578 -0.8823 0.6500
5.7392 1.1139 -1.2374 0.6500
6.0954 1.0277 -0.0223 0.6500
6.1045 0.9637 -0.8183 0.6500
5.9635 0.7320 -1.0733 0.6500
5.9774 0.7078 -0.0359 0.6500
5.7014 0.9500 -1.0920 0.6500
6.0205 1.0615 -0.7556 0.6500
5.8813 1.2261 -0.8204 0.6500
5.8361 1.0580 -0.1746 0.6500
5.7647 0.9925 -0.7758 0.6500
6.0681 0.8055 -1.0014 0.6500
6.2135 0.7945 -1.3886 0.6500
5.7749 1.0668 -0.6829 0.6500
6.1374 0.9129 -0.4685 0.6500
5.9881 0.7935 -1.1605 0.6500
5.7060 0.9390 -0.4708 0.6500
5.9936 1.1415 -0.8146 0.6500
6.2075 0.7467 -1.5259 0.6500
6.2747 0.7798 -1.5252 0.6500
5.9801 1.0512 -1.4991 0.6500
5.9699 1.0303 -0.8940 0.6500
5.9062 0.7928 -0.2061 0.6500
5.9272 1.0610 -1.0521 0.6500
5.9856 1.0793 -0.5309 0.6500
5.7477 0.7498 -0.1637 0.6500
6.0888 1.1354 -0.6482 0.6500
5.9141 0.7675 -0.0300 0.6500
6.0964 1.1550 -1.0793 0.6500
6.0796 0.8450 -0.7349 0.6500
6.2317 0.8352 -0.6735 0.6500
5.8687 1.1020 -1.3023 0.6500
6.2614 1.0973 -0.7509 0.6500
6.0956 0.8620 -0.4907 0.6500
6.0730 1.2793 -1.4307 0.6500
6.0330 0.9330 -0.5091 0.6500
5.8225 0.9430 -0.7070 0.6500
5.7043 0.8204 -0.9690 0.6500
6.0347 0.7349 -0.9516 0.6500
6.2489 1.1916 -0.1451 0.6500
6.2084 0.9007 0.0377 0.6500
5.7464 0.9942 -0.9988 0.6500
5.8865 1.1705 -0.8203 0.6500
5.9868 0.7644 -0.7803 0.6500
5.9930 1.0709 -0.4889 0.6500
5.8111 0.9180 -1.1906 0.6500
6.1094 1.2012 -0.9938 0.6500
5.9907 0.9335 -1.3627 0.6500
6.2157 1.2723 -1.5862 0.6500
5.8505 0.9241 -1.2818 0.6500
6.2457 0.7189 -1.5233 0.6500
6.1951 1.0284 -1.1881 0.6500
5.9487 0.7776 -0.9875 0.6500
6.1858 0.7835 -1.4911 0.6500
6.0808 0.9891 0.0325 0.6500
5.9720 0.8724 -1.3708 0.6500
6.0068 1.0259 -0.1444 0.6500
6.0292 1.0956 -0.3854 0.6500
5.8365 1.2400 -0.2925 0.6500
5.7919 0.8725 -1.2224 0.6500
6.1720 1.0064 -0.0036 0.6500
5.7521 1.1567 -1.2087 0.6500
6.1133 1.0496 -1.5626 0.6500
6.2275 0.9166 -1.3378 0.6500
5.9619 0.7517 -1.0044 0.6500
6.1649 0.8140 -1.4631 0.6500
6.2186 0.7221 -0.2202 0.6500
5.8699 1.0688 -0.6471 0.6500
5.8503 1.0035 -0.0247 0.6500
6.0189 0.8797 -0.6013 0.6500
6.2448 1.2698 -1.4919 0.6500
6.1168 1.0007 -0.6882 0.6500
5.8101 1.2939 -1.4664 0.6500
5.9401 0.9206 -0.0040 0.6500
6.0477 1.0734 -0.4839 0.6500
5.9231 0.8860 -1.0085 0.6500
5.8155 1.2593 -0.5644 0.6500
6.1869 0.8540 -0.3217 0.6500
6.1136 0.8178 -0.0024 0.6500
6.1715 1.0821 -0.5349 0.6500
5.7973 0.8953 -0.4527 0.6500
5.7919 1.2232 -0.9181 0.6500
5.7574 0.7729 -1.2177 0.6500
6.0932 0.7368 -1.0012 0.6500
6.2416 0.7164 -0.4750 0.6500
6.2122 0.8820 -0.1176 0.6500
5.8555 1.1836 -0.4687 0.6500
5.9019 1.2533 0.0259 0.6500
5.9880 1.2420 -0.4574 0.6500
5.7116 1.2588 -0.5306 0.6500
6.1036 0.8792 -1.5787 0.6500
5.8305 1.0314 -0.5631 0.6500
6.1886 0.9103 -1.4764 0.6500
6.0096 1.1234 -0.7123 0.6500
5.7931 1.2453 -0.6033 0.6500
6.1497 0.7989 -0.5014 0.6500
6.1851 0.9891 -0.1190 0.6500
6.2131 0.9693 -0.7959 0.6500
5.7635 1.2447 -0.7826 0.6500
5.9821 1.2315 -0.6672 0.6500
5.7311 1.2167 -1.0313 0.6500
6.2750 1.1476 -1.1383 0.6500
5.9802 1.2502 -1.4182 0.6500
6.1579 1.2982 -0.1724 0.6500
5.8500 0.7781 -1.5290 0.6500
5.8261 1.2471 0.0680 0.6500
5.9890 1.0314 -1.1085 0.6500
6.0648 0.8612 -0.4065 0.6500
5.8636 1.0416 -0.3568 0.6500
5.9090 0.9978 -0.9247 0.6500
5.9492 1.0246 -0.9021 0.6500
5.7060 0.9233 -0.5837 0.6500
5.8442 1.0876 -1.4820 0.6500
6.1640 1.1063 -1.5627 0.6500
6.1878 0.7371 -0.3718 0.6500
6.1418 1.1622 -0.7169 0.6500
5.7837 1.0270 0.0971 0.6500
5.7851 1.2244 -1.0920 0.6500
5.8864 1.0905 -0.9660 0.6500
5.8285 1.2962 -0.5208 0.6500
5.7136 1.1454 -0.4313 0.6500
5.8328 0.9655 -0.9432 0.6500
5.9912 0.8433 -1.3927 0.6500
6.0648 1.0798 -1.4845 0.6500
5.7538 0.9984 -1.5970 0.6500
5.9254 0.9593 -0.9703 0.6500
5.9260 1.1970 -1.1262 0.6500
5.7798 1.2504 -1.5634 0.6500
6.2687 0.9742 -0.4789 0.6500
6.2962 0.7186 -0.9967 0.6500
5.7679 1.2275 -0.6735 0.6500
5.8639 0.7261 -0.1311 0.6500
5.7070 0.9696 -0.9819 0.6500
6.1737 0.8991 -1.2321 0.6500
5.9514 0.9166 -1.1272 0.6500
6.2890 1.0837 -1.5325 0.6500
5.9972 1.2134 -1.2171 0.6500
5.7410 1.1320 -0.0662 0.6500
6.1923 0.9614 -1.3861 0.6500
6.1702 1.1627 -1.0382 0.6500
5.8208 1.0877 -1.3815 0.6500
5.8090 0.9946 -1.5000 0.6500
6.2600 0.9005 -0.9560 0.6500
6.2973 0.9926 -0.2016 0.6500
6.1298 1.1719 -1.5352 0.6500
5.8026 1.1113 -0.4342 0.6500
5.8187 1.1848 -1.5153 0.6500
6.0998 1.2908 -0.3660 0.6500
5.7514 1.2823 0.0412 0.6500
5.8196 1.2512 -1.1303 0.6500
5.7052 1.1526 -0.8221 0.6500
6.0246 1.2959 -0.6687 0.6500
6.0698 0.9849 -1.2132 0.6500
6.2814 0.7861 -1.5216 0.6500
5.7575 1.1843 -1.4845 0.6500
6.2498 0.8038 -0.9708 0.6500
5.8830 1.0078 -1.2490 0.6500
6.2289 1.2410 -0.7271 0.6500
6.1067 1.1707 -1.4907 0.6500
5.8980 0.8894 -0.4320 0.6500
6.2306 0.8401 -1.3399 0.6500
6.0577 1.0651 -1.5428 0.6500
6.0923 1.1538 -1.1717 0.6500
6.2350 1.1587 -0.4348 0.6500
5.9726 1.1596 -1.4053 0.6500
5.7676 0.7017 -0.2838 0.6500
5.7485 1.1206 -0.5352 0.6500
5.8939 1.0945 -1.0769 0.6500
6.2145 0.9407 -1.4463 0.6500
6.2700 1.2992 -0.0537 0.6500
6.0382 0.9693 -1.2039 0.6500
6.0422 0.7422 -0.5247 0.6500
5.8483 0.7358 -0.4251 0.6500
6.2298 0.9556 -0.6958 0.6500
5.9344 1.0696 -0.6069 0.6500
5.9894 1.2994 -1.0964 0.6500
6.2760 0.9613 -0.6013 0.6500
6.1780 1.0440 -0.1996 0.6500
6.1583 1.2059 -0.2795 0.6500
5.9708 1.1258 -1.2208 0.6500
5.7867 1.2466 -0.2693 0.6500
5.9093 1.0836 -0.4441 0.6500
5.9598 1.2628 -0.8584 0.6500
6.1785 1.0847 -0.7734 0.6500
6.1615 0.7768 -0.7222 0.6500
6.2521 0.9061 -0.2759 0.6500
5.7431 0.9781 -0.5598 0.6500
5.9648 1.1805 -0.1590 0.6500
6.1982 0.8783 -0.2051 0.6500
5.9805 0.9957 -0.0464 0.6500
5.8389 0.8345 -0.1127 0.6500
6.1787 0.9247 -1.5645 0.6500
5.7303 0.8681 -0.9832 0.6500
5.9172 1.2637 -0.9648 0.6500
6.1119 1.2426 -0.4323 0.6500
5.7962 1.1383 -0.6365 0.6500
6.2033 0.7735 0.0839 0.6500
5.9384 1.2654 -0.5488 0.6500
5.9286 0.7940 -0.6361 0.6500
6.2695 0.7327 -0.1546 0.6500
5.7881 0.7265 -0.2570 0.6500
5.9618 0.8680 -1.3272 0.6500
6.0067 0.7966 -0.7773 0.6500
5.7581 0.8024 0.0860 0.6500
5.8894 0.8704 -0.3966 0.6500
6.0195 1.2292 -1.5600 0.6500
6.2533 1.2430 -1.4954 0.6500
5.9820 1.2437 -0.3565 0.6500
6.0352 1.1695 -0.2854 0.6500
6.1051 1.0958 -0.2069 0.6500
5.7874 1.0536 -1.1025 0.6500
5.7883 1.2963 -0.2297 0.6500
5.9870 0.8874 0.0866 0.6500
6.0745 1.1405 -0.6206 0.6500
5.8905 0.7390 -0.5835 0.6500
5.7488 0.7527 -1.1848 0.6500
6.1533 1.0510 -1.2333 0.6500
6.1196 1.2142 -1.5866 0.6500
6.2450 1.2412 -1.2344 0.6500
6.1750 0.7165 -1.3419 0.6500
6.1444 0.8706 -0.4733 0.6500
6.0137 1.2133 -1.5301 0.6500
6.2627 1.0304 0.0464 0.6500
6.1129 0.7993 -0.0361 0.6500
5.7670 0.9739 -1.0638 0.6500
6.1665 1.1733 -0.0499 0.6500
5.8350 1.1663 -0.7865 0.6500
6.1845 1.2154 -0.1388 0.6500
6.2941 0.7129 -0.4299 0.6500
5.7781 0.8851 -1.4421 0.6500
5.7483 0.8819 -0.3873 0.6500
6.1684 0.8554 -0.5122 0.6500
6.1791 0.9619 -0.2299 0.6500
6.1044 0.9487 -0.2982 0.6500
5.9793 0.9399 -0.3549 0.6500
6.2148 0.9616 -0.5023 0.6500
6.0975 0.8873 -0.1410 0.6500
6.2185 1.2887 -0.2756 0.6500
5.9007 1.0423 -0.3491 0.6500
5.9047 0.9781 -1.3916 0.6500
6.0661 0.8438 0.0527 0.6500
6.1125 0.8533 -0.1108 0.6500
5.7803 1.1556 -0.6897 0.6500
5.7953 0.9492 -0.0700 0.6500
6.1997 0.8954 -0.6852 0.6500
6.0446 0.8116 -0.6645 0.6500
5.8374 1.2965 -0.1679 0.6500
5.9000 0.9171 -0.9422 0.6500
6.1905 0.8156 -0.3768 0.6500
5.8271 1.1425 -0.2344 0.6500
6.0630 1.2418 -0.0713 0.6500
6.0051 1.1540 -0.5352 0.6500
6.2732 0.9233 -1.1096 0.6500
6.1573 1.1396 -0.2704 0.6500
6.1299 0.8914 -1.4430 0.6500
6.1518 0.9926 -0.4959 0.6500
6.2683 0.7614 -0.3970 0.6500
5.8538 0.8713 -0.1114 0.6500
5.7207 1.0049 -0.9282 0.6500
5.8739 0.7441 -0.3175 0.6500
6.2473 1.1404 -0.6401 0.6500
6.1194 0.9477 -0.5318 0.6500
5.7935 1.0181 -0.4355 0.6500
5.9038 0.9757 -1.3330 0.6500
6.0606 1.1265 -0.3422 0.6500
5.7978 1.0817 -1.4382 0.6500
6.0593 1.1230 0.0560 0.6500
5.7444 0.8394 -1.3581 0.6500
6.1361 1.0767 0.0766 0.6500
5.8803 1.0126 -1.1739 0.6500
5.9564 0.7446 -0.9071 0.6500
5.7084 0.7333 -0.6301 0.6500
6.0868 1.0486 -0.7848 0.6500
6.1116 1.0504 -0.3984 0.6500
6.2243 1.1636 -0.4500 0.6500
6.1365 1.1590 -0.9763 0.6500
6.1058 0.9734 -0.2963 0.6500
5.9525 0.9573 -0.7692 0.6500
5.7436 0.9331 -0.5484 0.6500
6.0868 1.2656 -0.4009 0.6500
5.7132 1.1136 -0.5536 0.6500
6.0948 0.9094 -1.4671 0.6500
5.7449 1.1220 -0.3150 0.6500
5.7357 1.0240 -0.7919 0.6500
6.0403 1.0455 -1.3770 0.6500
6.2521 1.2489 -1.2756 0.6500
6.1339 1.0639 -1.2212 0.6500
6.1203 1.2438 -0.0922 0.6500
6.1767 1.0180 -0.5748 0.6500
5.9764 1.1597 -1.5057 0.6500
6.1379 1.0168 -0.2363 0.6500
5.9869 1.0393 -0.4146 0.6500
6.2698 0.9581 -0.7251 0.6500
6.1274 1.0945 -0.1961 0.6500
5.8811 0.7406 -0.2942 0.6500
5.9191 1.1100 -0.7447 0.6500
6.0836 1.0132 -0.3470 0.6500
5.9850 1.1349 -1.5607 0.6500
5.7934 0.7063 -0.7447 0.6500
6.0801 0.8748 -0.9714 0.6500
6.0712 1.0402 -1.2073 0.6500
5.7100 0.9784 -0.8168 0.6500
5.9291 0.7656 -0.9329 0.6500
6.1395 0.7323 -1.2857 0.6500
5.8085 0.9422 0.0997 0.6500
6.2114 0.9498 -1.5116 0.6500
6.0405 0.9279 -0.1760 0.6500
5.9441 1.2635 -0.3181 0.6500
6.2921 0.8234 -1.4736 0.6500
6.0827 1.1293 -1.0201 0.6500
6.2555 0.8090 -0.5555 0.6500
6.2995 0.7269 -1.3364 0.6500
5.9755 1.0728 -0.3368 0.6500
5.9170 1.2060 -1.0029 0.6500
6.2209 0.8981 -1.3592 0.6500
5.7062 1.0259 -0.4253 0.6500
5.9775 1.0782 -1.1733 0.6500
6.0864 1.1013 -1.0023 0.6500
6.1863 1.0621 -0.8605 0.6500
6.1111 1.2381 -0.8651 0.6500
5.7121 0.8098 -0.2562 0.6500
6.1050 1.1449 -0.5001 0.6500
6.0917 1.2681 -0.1502 0.6500
5.7055 0.9098 -0.2889 0.6500
5.8794 1.1670 -0.0081 0.6500
5.9819 1.0684 -1.0065 0.6500
6.0796 0.8657 -0.6157 0.6500
6.1083 0.9429 -0.1687 0.6500
6.0262 1.2259 -0.2109 0.6500
6.2959 0.9885 -0.2235 0.6500
6.1116 0.8759 -0.8682 0.6500
5.7992 1.2979 -0.7736 0.6500
6.1371 0.8811 -1.4649 0.6500
5.8288 0.7253 -1.3036 0.6500
5.8009 0.8196 -0.8500 0.6500
6.0784 1.2798 -1.0712 0.6500
6.0088 0.8866 -1.1901 0.6500
6.2679 1.2166 -1.3453 0.6500
6.0498 1.2232 -0.3191 0.6500
6.0131 0.7130 -0.2217 0.6500
5.7818 1.1406 -0.7653 0.6500
6.2169 1.0260 -0.1974 0.6500
5.8902 1.0748 -0.0453 0.6500
5.9501 0.9623 -1.3410 0.6500
6.0017 0.7753 -0.1877 0.6500
6.2739 0.7831 -1.5528 0.6500
5.8551 0.7156 -1.4078 0.6500
6.1109 0.8569 -0.9009 0.6500
6.1233 1.0932 -0.4593 0.6500
5.7150 0.8688 -0.7683 0.6500
5.9354 0.9278 -1.2444 0.6500
5.7245 1.0532 -0.5270 0.6500
5.7871 1.0811 -0.1231 0.6500
5.7466 1.2165 -0.2484 0.6500
5.8517 0.9162 -1.0956 0.6500
6.1161 1.1374 -0.0665 0.6500
5.7889 0.9071 -0.9428 0.6500
5.9370 1.1263 -0.0721 0.6500
6.0437 1.2589 -1.4241 0.6500
5.8227 0.9016 -0.0098 0.6500
5.8551 0.9972 -1.0082 0.6500
6.0334 0.8491 -0.8535 0.6500
6.1198 1.0136 -0.1754 0.6500
5.9855 1.0105 -0.4276 0.6500
5.9179 1.1873 -0.6564 0.6500
6.2098 1.1689 -0.4462 0.6500
6.2000 0.9486 -0.7140 0.6500
5.8629 0.8031 -1.5554 0.6500
6.1299 0.8520 -0.8004 0.6500
6.0741 1.0012 -0.5722 0.6500
5.7422 1.2820 -1.3766 0.6500
5.7378 1.1074 -1.2161 0.6500
5.7002 0.8606 -1.2102 0.6500
5.7877 1.2955 -0.6803 0.6500
5.7711 1.2013 -1.2167 0.6500
5.7613 0.9657 -1.2135 0.6500
5.9421 1.1105 -0.8767 0.6500
6.1332 0.7691 -0.2598 0.6500
5.9747 1.2898 -1.1249 0.6500
6.0311 0.7967 -1.1723 0.6500
5.9016 1.2116 -0.7455 0.6500
6.0946 0.9859 -1.0005 0.6500
5.8989 1.1491 0.0675 0.6500
5.8860 0.8975 -0.2290 0.6500
6.2669 1.0053 -0.9341 0.6500
5.9635 1.0576 -1.3964 0.6500
5.9681 0.9477 -1.2296 0.6500
5.7436 0.9795 -0.2683 0.6500
6.2528 1.2855 -0.8232 0.6500
5.9211 0.9721 -1.2679 0.6500
6.1081 0.7963 -0.5377 0.6500
6.1027 0.9919 -0.5129 0.6500
6.2315 1.2431 -1.0403 0.6500
6.2273 0.8516 -1.3550 0.6500
5.7923 0.8832 -0.6415 0.6500
5.7653 0.8616 -0.6415 0.6500
6.2335 0.9232 -0.8232 0.6500
5.8643 0.9835 0.0488 0.6500
6.2019 0.9008 -1.0551 0.6500
5.9445 0.8119 -0.7452 0.6500
5.9091 0.9038 -0.5199 0.6500
5.8068 0.9491 -0.4261 0.6500
6.2836 0.9937 -0.1629 0.6500
5.7384 1.0932 -1.2246 0.6500
6.0141 1.1434 -0.1340 0.6500
6.1313 1.1956 -1.4278 0.6500
5.9508 0.8506 -1.4897 0.6500
5.8773 1.0691 -0.1191 0.6500
5.7944 0.8103 -1.0473 0.6500
5.8170 1.0720 -0.2461 0.6500
6.2669 1.2514 -0.2841 0.6500
5.9477 1.2227 -0.4517 0.6500
5.7196 1.0649 -1.2523 0.6500
5.9347 0.8660 -0.8781 0.6500
6.0665 0.7834 -0.2241 0.6500
6.0709 0.9675 -1.4332 0.6500
5.7565 0.9392 -0.7398 0.6500
5.8567 1.1048 -1.3388 0.6500
6.1410 0.7638 -1.4262 0.6500
6.2918 0.7277 -0.8495 0.6500
6.0075 1.1354 -1.0738 0.6500
5.7516 1.0611 -0.2047 0.6500
6.2249 0.9124 -0.7705 0.6500
5.9624 1.1467 -0.3402 0.6500
6.1403 0.9661 -0.4757 0.6500
5.8470 1.1750 0.0172 0.6500
6.2234 1.2025 -1.1580 0.6500
5.8601 1.1479 -0.2726 0.6500
6.1163 1.2599 -1.2810 0.6500
5.9404 0.7432 -0.1341 0.6500
5.9196 0.7761 -0.1150 0.6500
5.8145 1.1748 -0.2104 0.6500
6.2036 1.1375 -1.0543 0.6500
5.9645 0.9557 -1.3506 0.6500
5.9499 1.0196 -0.1665 0.6500
5.7665 0.8223 -0.5977 0.6500
5.7858 0.9045 -0.8384 0.6500
5.9219 0.7466 -0.8986 0.6500
5.7259 0.7205 -1.4277 0.6500
6.0593 1.0953 -0.5002 0.6500
5.8123 1.0556 -0.7146 0.6500
6.1364 1.1204 0.0342 0.6500
6.0883 0.9312 -0.4524 0.6500
5.9829 1.1831 0.0416 0.6500
5.8214 0.9260 -1.3623 0.6500
6.1646 0.8848 -0.4398 0.6500
6.2954 1.0589 -0.2157 0.6500
6.1267 1.0274 -0.5610 0.6500
6.1356 1.1334 -0.5548 0.6500
5.8177 0.9749 -1.3352 0.6500
5.9417 1.2686 -1.0539 0.6500
5.7498 0.9939 -0.5247 0.6500
5.7494 0.7098 -0.7959 0.6500
5.9681 1.0468 -0.1328 0.6500
5.8502 1.1572 -0.2786 0.6500
6.0874 0.9998 -0.6906 0.6500
6.2592 0.8843 -0.5598 0.6500
5.9575 1.0302 -0.4842 0.6500
5.7758 1.1052 -0.4861 0.6500
5.8239 1.0758 -0.4167 0.6500
5.9745 0.9445 -0.7548 0.6500
5.9778 0.9291 -1.3895 0.6500
6.0276 1.1863 0.0237 0.6500
6.2412 0.8569 -1.5720 0.6500
6.2468 0.9308 -1.5718 0.6500
6.0844 1.0974 -0.0047 0.6500
5.7927 0.9488 -0.7595 0.6500
5.8004 0.9381 -0.2102 0.6500
5.8797 0.7749 -0.9443 0.6500
6.1348 1.0083 -0.8674 0.6500
6.2043 1.2934 -0.4009 0.6500
6.0926 1.2135 -0.7350 0.6500
6.2068 1.1704 -0.0690 0.6500
5.8438 0.9910 -0.4245 0.6500
6.1083 1.1936 -0.7036 0.6500
5.8638 1.2476 -0.1895 0.6500
6.0931 0.8308 -0.6737 0.6500
5.7170 0.9979 -1.0906 0.6500
6.0659 1.2140 -1.3953 0.6500
6.2342 1.1931 -1.0041 0.6500
5.8571 1.2301 -0.5212 0.6500
6.2187 1.2748 0.0689 0.6500
5.7327 0.8723 -0.3326 0.6500
6.0933 1.0512 -0.5478 0.6500
5.9517 0.7956 -1.2559 0.6500
5.7167 1.0152 -0.3981 0.6500
6.0849 0.7440 -0.7110 0.6500
5.7960 0.9517 -0.3438 0.6500
5.9979 1.0124 -0.9787 0.6500
5.8478 1.1177 -0.7872 0.6500
5.7744 0.8289 -0.7058 0.6500
5.7669 1.2265 -0.9844 0.6500
6.0778 0.7165 -0.6162 0.6500
5.8188 1.0688 -1.1302 0.6500
5.8854 1.2475 -1.4702 0.6500
5.8211 1.2193 -1.2968 0.6500
5.7759 1.0145 -0.7599 0.6500
5.7016 0.7859 -1.4859 0.6500
5.9888 0.7586 -0.9427 0.6500
6.1615 1.1271 -0.4513 0.6500
5.7417 0.7749 -0.7294 0.6500
5.8033 0.7358 -0.6589 0.6500
6.2335 0.9689 -0.3684 0.6500
6.2478 0.8110 -1.3945 0.6500
6.2767 1.1842 -1.1515 0.6500
6.0768 1.0252 -0.8817 0.6500
5.7094 1.2131 -1.1442 0.6500
5.7767 0.9337 -0.8540 0.6500
5.8319 1.2532 -0.0808 0.6500
5.9115 1.2864 -1.4054 0.6500
5.9101 1.0314 -1.0992 0.6500
5.8067 0.8122 -0.1256 0.6500
5.8062 0.7321 -0.6395 0.6500
6.2728 1.2510 0.0490 0.6500
5.7543 1.0055 -1.3068 0.6500
5.7115 0.8211 -0.3153 0.6500
5.7148 0.9248 -0.1735 0.6500
6.0348 1.2585 0.0295 0.6500
5.8332 1.2765 -1.3318 0.6500
5.9882 0.8237 -0.6892 0.6500
5.9791 1.0032 -0.9149 0.6500
6.2422 1.1837 -0.5699 0.6500
5.7970 1.1334 -1.4649 0.6500
5.8871 1.0934 -0.7945 0.6500
6.1078 1.1971 -1.5507 0.6500
6.0173 1.1889 -1.0739 0.6500
6.0503 1.0629 -0.2035 0.6500
5.9796 0.9947 -0.8059 0.6500
6.1923 1.1911 -0.1528 0.6500
5.7725 1.1582 -1.5011 0.6500
6.2717 0.8176 -0.4099 0.6500
5.8090 1.0029 -1.4981 0.6500
5.8122 1.0552 -1.3359 0.6500
-15.9531 5.4609 -1.6000 0.9000
-15.9870 5.4541 -1.5918 0.9000
-15.9965 5.5741 -1.5836 0.9000
-15.9700 5.4804 -1.5754 0.9000
-15.9797 5.6080 -1.5671 0.9000
-15.9334 5.4536 -1.5589 0.9000
-16.0138 5.4930 -1.5507 0.9000
-16.0121 5.4366 -1.5425 0.9000
-15.9902 5.5266 -1.5343 0.9000
-15.9989 5.4899 -1.5261 0.9000
-15.9072 5.4983 -1.5178 0.9000
-15.9738 5.4845 -1.5096 0.9000
-16.0362 5.5278 -1.5014 0.9000
-16.0746 5.5335 -1.4932 0.9000
-15.9214 5.5416 -1.4850 0.9000
-16.0188 5.4530 -1.4768 0.9000
-15.9835 5.5160 -1.4685 0.9000
-16.0009 5.4751 -1.4603 0.9000
-15.9597 5.5664 -1.4521 0.9000
-16.0277 5.5124 -1.4439 0.9000
-15.9941 5.5150 -1.4357 0.9000
-16.0273 5.4862 -1.4275 0.9000
-15.8609 5.4593 -1.4192 0.9000
-16.0376 5.5037 -1.4110 0.9000
-15.9720 5.5612 -1.4028 0.9000
-15.8577 5.4615 -1.3946 0.9000
-15.9451 5.5660 -1.3864 0.9000
-16.0011 5.5285 -1.3782 0.9000
-15.9917 5.3985 -1.3699 0.9000
-16.0406 5.4542 -1.3617 0.9000
-15.9160 5.6144 -1.3535 0.9000
-16.0113 5.4939 -1.3453 0.9000
-16.0037 5.4548 -1.3371 0.9000
-16.0439 5.4564 -1.3289 0.9000
-16.0156 5.4932 -1.3206 0.9000
-15.9967 5.5459 -1.3124 0.9000
-15.9455 5.4831 -1.3042 0.9000
-15.9867 5.4612 -1.2960 0.9000
-15.9453 5.3867 -1.2878 0.9000
-16.1142 5.4545 -1.2796 0.9000
-15.9300 5.4651 -1.2713 0.9000
-16.0671 5.5161 -1.2631 0.9000
-15.9615 5.5203 -1.2549 0.9000
-16.1554 5.5719 -1.2467 0.9000
-15.9967 5.4405 -1.2385 0.9000
-15.9526 5.5067 -1.2303 0.9000
-16.0421 5.5080 -1.2220 0.9000
-15.9982 5.4500 -1.2138 0.9000
-15.9537 5.5456 -1.2056 0.9000
-15.9633 5.5852 -1.1974 0.9000
-16.0780 5.5012 -1.1892 0.9000
-15.9501 5.4761 -1.1810 0.9000
-15.9146 5.5747 -1.1727 0.9000
-15.9392 5.5218 -1.1645 0.9000
-16.0615 5.4392 -1.1563 0.9000
-16.0543 5.4903 -1.1481 0.9000
-15.9962 5.4819 -1.1399 0.9000
-15.9707 5.4577 -1.1317 0.9000
-15.9565 5.4600 -1.1234 0.9000
-16.0396 5.4665 -1.1152 0.9000
-16.0037 5.5405 -1.1070 0.9000
-16.0409 5.4853 -1.0988 0.9000
-16.0503 5.5043 -1.0906 0.9000
-15.9797 5.5484 -1.0824 0.9000
-16.0037 5.4851 -1.0741 0.9000
-15.9772 5.4399 -1.0659 0.9000
-16.0286 5.5472 -1.0577 0.9000
-15.9665 5.4810 -1.0495 0.9000
-16.0564 5.5891 -1.0413 0.9000
-16.0228 5.5504 -1.0331 0.9000
-16.0553 5.5265 -1.0248 0.9000
-15.9858 5.5113 -1.0166 0.9000
-15.9094 5.5561 -1.0084 0.9000
-15.9816 5.5125 -1.0002 0.9000
-16.0051 5.3914 -0.9920 0.9000
-16.0099 5.4949 -0.9838 0.9000
-16.0290 5.5286 -0.9756 0.9000
-15.9447 5.4498 -0.9673 0.9000
-15.9794 5.6296 -0.9591 0.9000
-16.0837 5.4927 -0.9509 0.9000
-15.9456 5.5281 -0.9427 0.9000
-16.0435 5.5586 -0.9345 0.9000
-16.0328 5.5302 -0.9263 0.9000
-15.9799 5.4947 -0.9180 0.9000
-16.0299 5.5200 -0.9098 0.9000
-15.8879 5.4903 -0.9016 0.9000
-16.0119 5.4953 -0.8934 0.9000
-15.9683 5.4426 -0.8852 0.9000
-16.0772 5.4870 -0.8770 0.9000
-16.0308 5.4399 -0.8687 0.9000
-16.0065 5.4998 -0.8605 0.9000
-15.9502 5.4796 -0.8523 0.9000
-16.0538 5.5251 -0.8441 0.9000
-15.9400 5.4252 -0.8359 0.9000
-15.9936 5.4536 -0.8277 0.9000
-15.9836 5.4540 -0.8194 0.9000
-16.0373 5.4993 -0.8112 0.9000
-16.0483 5.4877 -0.8030 0.9000
-16.1089 5.5548 -0.7948 0.9000
-15.9850 5.5021 -0.7866 0.9000
-15.9686 5.5000 -0.7784 0.9000
-16.0181 5.4472 -0.7701 0.9000
-16.0792 5.4856 -0.7619 0.9000
-16.0278 5.4333 -0.7537 0.9000
-15.9813 5.5247 -0.7455 0.9000
-15.9908 5.5415 -0.7373 0.9000
-15.9664 5.4246 -0.7291 0.9000
-16.0809 5.5022 -0.7208 0.9000
-16.0203 5.4948 -0.7126 0.9000
-16.0050 5.5602 -0.7044 0.9000
-15.9683 5.4500 -0.6962 0.9000
-16.0302 5.4620 -0.6880 0.9000
-15.9733 5.5132 -0.6798 0.9000
-16.0475 5.4756 -0.6715 0.9000
-15.9892 5.4782 -0.6633 0.9000
-16.0147 5.4773 -0.6551 0.9000
-16.0176 5.5261 -0.6469 0.9000
-15.8793 5.5568 -0.6387 0.9000
-16.0166 5.4959 -0.6305 0.9000
-16.0211 5.4865 -0.6222 0.9000
-16.0712 5.5332 -0.6140 0.9000
-15.9505 5.5103 -0.6058 0.9000
-16.0272 5.5079 -0.5976 0.9000
-16.0016 5.5567 -0.5894 0.9000
-16.0422 5.4467 -0.5812 0.9000
-15.9792 5.4868 -0.5729 0.9000
-15.9534 5.4510 -0.5647 0.9000
-15.9346 5.4732 -0.5565 0.9000
-16.0058 5.4363 -0.5483 0.9000
-16.0297 5.4811 -0.5401 0.9000
-16.0329 5.5185 -0.5319 0.9000
-15.9991 5.3684 -0.5236 0.9000
-15.9873 5.4837 -0.5154 0.9000
-15.9728 5.4955 -0.5072 0.9000
-16.0423 5.4862 -0.4990 0.9000
-15.9933 5.4162 -0.4908 0.9000
-16.0510 5.5478 -0.4826 0.9000
-16.0065 5.5471 -0.4743 0.9000
-15.9302 5.5572 -0.4661 0.9000
-16.0114 5.4721 -0.4579 0.9000
-16.0442 5.5086 -0.4497 0.9000
-15.9825 5.4635 -0.4415 0.9000
-15.9553 5.4464 -0.4333 0.9000
-16.0384 5.4438 -0.4251 0.9000
-16.0678 5.5100 -0.4168 0.9000
-16.0406 5.5418 -0.4086 0.9000
-16.0220 5.5643 -0.4004 0.9000
-15.9241 5.4975 -0.3922 0.9000
-16.0702 5.4659 -0.3840 0.9000
-16.0847 5.4952 -0.3758 0.9000
-15.9864 5.5486 -0.3675 0.9000
-16.0356 5.5811 -0.3593 0.9000
-16.0496 5.5589 -0.3511 0.9000
-15.9675 5.5539 -0.3429 0.9000
-15.9954 5.5681 -0.3347 0.9000
-15.9497 5.5037 -0.3265 0.9000
-15.9633 5.5141 -0.3182 0.9000
-16.0604 5.5530 -0.3100 0.9000
-16.0840 5.5257 -0.3018 0.9000
-15.9440 5.5434 -0.2936 0.9000
-16.0062 5.4696 -0.2854 0.9000
-15.8493 5.5699 -0.2772 0.9000
-15.9516 5.4751 -0.2689 0.9000
-15.9314 5.5556 -0.2607 0.9000
-16.0472 5.4955 -0.2525 0.9000
-16.0042 5.4733 -0.2443 0.9000
-15.9596 5.4003 -0.2361 0.9000
-16.0042 5.4891 -0.2279 0.9000
-15.9972 5.4376 -0.2196 0.9000
-15.9878 5.4539 -0.2114 0.9000
-16.0362 5.5255 -0.2032 0.9000
-16.0442 5.4241 -0.1950 0.9000
-16.0092 5.5615 -0.1868 0.9000
-16.0207 5.6260 -0.1786 0.9000
-16.0439 5.4758 -0.1703 0.9000
-16.0063 5.5602 -0.1621 0.9000
-16.0653 5.4301 -0.1539 0.9000
-15.9619 5.5200 -0.1457 0.9000
-15.9705 5.5178 -0.1375 0.9000
-15.9658 5.6538 -0.1293 0.9000
-16.0419 5.4814 -0.1210 0.9000
-16.0483 5.5231 -0.1128 0.9000
-15.9339 5.4908 -0.1046 0.9000
-16.0098 5.4814 -0.0964 0.9000
-15.9715 5.4931 -0.0882 0.9000
-16.0576 5.4906 -0.0800 0.9000
-16.0143 5.4683 -0.0717 0.9000
-15.9404 5.5134 -0.0635 0.9000
-15.9933 5.4552 -0.0553 0.9000
-16.0125 5.4800 -0.0471 0.9000
-15.9717 5.5961 -0.0389 0.9000
-15.9842 5.4942 -0.0307 0.9000
-15.8958 5.5443 -0.0224 0.9000
-15.9980 5.4962 -0.0142 0.9000
-15.9676 5.5384 -0.0060 0.9000
-16.0067 5.4913 0.0022 0.9000
-16.0494 5.3707 0.0104 0.9000
-15.9789 5.4985 0.0186 0.9000
-16.0733 5.4499 0.0269 0.9000
-15.9507 5.4850 0.0351 0.9000
-16.0658 5.5344 0.0433 0.9000
-16.0443 5.5908 0.0515 0.9000
-16.0484 5.4296 0.0597 0.9000
-15.9690 5.4881 0.0679 0.9000
-16.0560 5.5009 0.0762 0.9000
-15.9745 5.5024 0.0844 0.9000
-16.0337 5.5028 0.0926 0.9000
-16.0059 5.5282 0.1008 0.9000
-16.0268 5.4781 0.1090 0.9000
-15.8836 5.4901 0.1172 0.9000
-16.0832 5.5197 0.1255 0.9000
-15.9755 5.4651 0.1337 0.9000
-16.0005 5.4704 0.1419 0.9000
-16.0390 5.4967 0.1501 0.9000
-15.9803 5.4704 0.1583 0.9000
-16.0480 5.4511 0.1665 0.9000
-16.0537 5.4453 0.1747 0.9000
-16.0573 5.4978 0.1830 0.9000
-15.9959 5.5685 0.1912 0.9000
-16.0300 5.5196 0.1994 0.9000
-16.0433 5.4524 0.2076 0.9000
-15.9829 5.5774 0.2158 0.9000
-15.9461 5.4749 0.2240 0.9000
-16.0709 5.5794 0.2323 0.9000
-15.9835 5.4963 0.2405 0.9000
-15.9738 5.5133 0.2487 0.9000
-15.9363 5.4817 0.2569 0.9000
-16.0145 5.4851 0.2651 0.9000
-15.9228 5.5691 0.2733 0.9000
-15.9708 5.4910 0.2816 0.9000
-16.0940 5.5471 0.2898 0.9000
-15.9850 5.5024 0.2980 0.9000
-16.0009 5.4942 0.3062 0.9000
-15.9508 5.5312 0.3144 0.9000
-15.9410 5.4941 0.3226 0.9000
-16.0486 5.4606 0.3309 0.9000
-15.9547 5.4621 0.3391 0.9000
-16.0065 5.5290 0.3473 0.9000
-16.0355 5.3895 0.3555 0.9000
-15.9276 5.5188 0.3637 0.9000
-16.0238 5.4281 0.3719 0.9000
-15.9984 5.5087 0.3802 0.9000
-16.0037 5.5669 0.3884 0.9000
-15.9743 5.4558 0.3966 0.9000
-15.9340 5.5262 0.4048 0.9000
-15.9195 5.5562 0.4130 0.9000
-15.9548 5.4712 0.4212 0.9000
-16.0845 5.4676 0.4295 0.9000
-15.9271 5.5188 0.4377 0.9000
-15.9700 5.5625 0.4459 0.9000
-15.9451 5.6141 0.4541 0.9000
-16.0151 5.4630 0.4623 0.9000
-16.0006 5.5324 0.4705 0.9000
-15.9525 5.4760 0.4788 0.9000
-15.8994 5.4436 0.4870 0.9000
-15.9903 5.4883 0.4952 0.9000
-16.0624 5.4885 0.5034 0.9000
-15.9702 5.5043 0.5116 0.9000
-16.0093 5.5209 0.5198 0.9000
-16.0528 5.5116 0.5281 0.9000
-16.0066 5.5608 0.5363 0.9000
-15.9761 5.5939 0.5445 0.9000
-15.9474 5.5008 0.5527 0.9000
-16.0241 5.4754 0.5609 0.9000
-16.0220 5.4900 0.5691 0.9000
-16.0051 5.4885 0.5774 0.9000
-15.9122 5.4704 0.5856 0.9000
-15.9329 5.4251 0.5938 0.9000
-15.9718 5.4326 0.6020 0.9000
-15.9737 5.5342 0.6102 0.9000
-16.0157 5.5375 0.6184 0.9000
-15.9614 5.5163 0.6267 0.9000
-16.0497 5.4879 0.6349 0.9000
-15.9760 5.4747 0.6431 0.9000
-16.1016 5.4314 0.6513 0.9000
-16.0820 5.4674 0.6595 0.9000
-16.0967 5.4634 0.6677 0.9000
-15.9059 5.4293 0.6760 0.9000
-16.0079 5.5109 0.6842 0.9000
-16.0676 5.4631 0.6924 0.9000
-15.8781 5.5020 0.7006 0.9000
-16.0388 5.4260 0.7088 0.9000
-15.9737 5.5294 0.7170 0.9000
-16.0392 5.5215 0.7253 0.9000
-15.9603 5.4743 0.7335 0.9000
-16.0007 5.5687 0.7417 0.9000
-16.0373 5.4960 0.7499 0.9000
-16.0668 5.5068 0.7581 0.9000
-16.0355 5.4219 0.7663 0.9000
-16.0503 5.4609 0.7745 0.9000
-16.0881 5.4675 0.7828 0.9000
-15.9633 5.5391 0.7910 0.9000
-15.9442 5.5482 0.7992 0.9000
-16.0340 5.4715 0.8074 0.9000
-16.1041 5.5085 0.8156 0.9000
-15.9818 5.5428 0.8238 0.9000
-15.9922 5.4830 0.8321 0.9000
-16.0500 5.4269 0.8403 0.9000
-16.0030 5.5355 0.8485 0.9000
-16.1379 5.5212 0.8567 0.9000
-15.9996 5.5146 0.8649 0.9000
-16.0077 5.5480 0.8731 0.9000
-15.9335 5.5521 0.8814 0.9000
-15.9873 5.5311 0.8896 0.9000
-15.9955 5.4415 0.8978 0.9000
-15.9018 5.4244 0.9060 0.9000
-16.0397 5.5175 0.9142 0.9000
-16.0748 5.5033 0.9224 0.9000
-15.9544 5.5070 0.9307 0.9000
-15.9477 5.5845 0.9389 0.9000
-15.9465 5.5459 0.9471 0.9000
-16.0116 5.4908 0.9553 0.9000
-16.0356 5.4632 0.9635 0.9000
-16.0622 5.5322 0.9717 0.9000
-16.0444 5.5231 0.9800 0.9000
-16.0752 5.4892 0.9882 0.9000
-16.0220 5.3632 0.9964 0.9000
-15.9170 5.4521 1.0046 0.9000
-16.0272 5.5424 1.0128 0.9000
-15.9936 5.4354 1.0210 0.9000
-15.9726 5.5290 1.0293 0.9000
-16.0180 5.5222 1.0375 0.9000
-16.0184 5.4504 1.0457 0.9000
-15.9357 5.5450 1.0539 0.9000
-15.9907 5.4960 1.0621 0.9000
-15.9435 5.4926 1.0703 0.9000
-15.8806 5.4425 1.0786 0.9000
-16.0435 5.5649 1.0868 0.9000
-16.0078 5.4404 1.0950 0.9000
-16.0084 5.4398 1.1032 0.9000
-16.0248 5.5071 1.1114 0.9000
-16.0216 5.4510 1.1196 0.9000
-15.9299 5.6034 1.1279 0.9000
-15.9950 5.4506 1.1361 0.9000
-15.8755 5.5397 1.1443 0.9000
-16.0203 5.5821 1.1525 0.9000
-15.9247 5.5358 1.1607 0.9000
-15.9121 5.4622 1.1689 0.9000
-16.0041 5.5172 1.1772 0.9000
-15.9776 5.5678 1.1854 0.9000
-15.9559 5.4250 1.1936 0.9000
-16.0278 5.5549 1.2018 0.9000
-15.9168 5.5246 1.2100 0.9000
-16.0406 5.5945 1.2182 0.9000
-16.0260 5.5214 1.2265 0.9000
-16.0255 5.5076 1.2347 0.9000
-15.9887 5.5342 1.2429 0.9000
-15.9836 5.4380 1.2511 0.9000
-16.0318 5.4592 1.2593 0.9000
-16.0057 5.5035 1.2675 0.9000
-16.0557 5.4738 1.2758 0.9000
-15.9418 5.4694 1.2840 0.9000
-15.9653 5.6019 1.2922 0.9000
-16.0174 5.5897 1.3004 0.9000
-16.0096 5.3729 1.3086 0.9000
-16.0332 5.5020 1.3168 0.9000
-16.0465 5.4404 1.3251 0.9000
-16.0540 5.5575 1.3333 0.9000
-16.0463 5.5111 1.3415 0.9000
-15.9521 5.5733 1.3497 0.9000
-15.9482 5.4569 1.3579 0.9000
-16.0685 5.4525 1.3661 0.9000
-15.9651 5.4891 1.3743 0.9000
-16.0610 5.4701 1.3826 0.9000
-15.9618 5.4954 1.3908 0.9000
-15.9958 5.5593 1.3990 0.9000
-16.0260 5.5234 1.4072 0.9000
-15.9777 5.4852 1.4154 0.9000
-15.9326 5.5027 1.4236 0.9000
-16.0937 5.4209 1.4319 0.9000
-15.9431 5.4024 1.4401 0.9000
-16.0398 5.5606 1.4483 0.9000
-15.9288 5.4619 1.4565 0.9000
-15.9567 5.5717 1.4647 0.9000
-16.0561 5.4847 1.4729 0.9000
-16.0291 5.5067 1.4812 0.9000
-15.9760 5.5415 1.4894 0.9000
-15.9527 5.5474 1.4976 0.9000
-15.9762 5.4743 1.5058 0.9000
-15.9805 5.5036 1.5140 0.9000
-16.0319 5.4991 1.5222 0.9000
-15.9983 5.5189 1.5305 0.9000
-16.0037 5.5097 1.5387 0.9000
-16.0751 5.4635 1.5469 0.9000
-15.9832 5.5075 1.5551 0.9000
-16.0184 5.4268 1.5633 0.9000
-15.9312 5.5002 1.5715 0.9000
-15.9415 5.5059 1.5798 0.9000
-15.9908 5.4510 1.5880 0.9000
-15.9448 5.4859 1.5962 0.9000
-15.9692 5.4743 1.6044 0.9000
-16.0011 5.4753 1.6126 0.9000
-16.0708 5.5379 1.6208 0.9000
-16.0080 5.5231 1.6291 0.9000
-16.0167 5.5481 1.6373 0.9000
-16.0055 5.6039 1.6455 0.9000
-16.0114 5.5549 1.6537 0.9000
-15.9448 5.4232 1.6619 0.9000
-15.9393 5.4672 1.6701 0.9000
-16.0244 5.5671 1.6784 0.9000
-16.0662 5.4803 1.6866 0.9000
-16.0485 5.4769 1.6948 0.9000
-15.9379 5.5167 1.7030 0.9000
-15.9522 5.4858 1.7112 0.9000
-16.0570 5.5855 1.7194 0.9000
-16.0733 5.4919 1.7277 0.9000
-16.0296 5.6206 1.7359 0.9000
-15.9102 5.4720 1.7441 0.9000
-15.9790 5.4671 1.7523 0.9000
-16.0118 5.4582 1.7605 0.9000
-16.0063 5.4607 1.7687 0.9000
-16.0941 5.5362 1.7770 0.9000
-16.0146 5.4328 1.7852 0.9000
-15.9380 5.4498 1.7934 0.9000
-16.0197 5.5260 1.8016 0.9000
-16.0122 5.3915 1.8098 0.9000
-15.9835 5.4264 1.8180 0.9000
-16.0562 5.4974 1.8263 0.9000
-15.9834 5.5204 1.8345 0.9000
-16.0414 5.4832 1.8427 0.9000
-16.0250 5.5218 1.8509 0.9000
-16.0189 5.4570 1.8591 0.9000
-16.0189 5.5757 1.8673 0.9000
-15.9949 5.5455 1.8756 0.9000
-16.0037 5.4593 1.8838 0.9000
-16.0091 5.4906 1.8920 0.9000
-15.9939 5.4018 1.9002 0.9000
-16.0454 5.5465 1.9084 0.9000
-16.1079 5.4360 1.9166 0.9000
-16.0004 5.4731 1.9248 0.9000
-16.0344 5.4853 1.9331 0.9000
-15.9773 5.4312 1.9413 0.9000
-16.0276 5.4584 1.9495 0.9000
-16.0949 5.5186 1.9577 0.9000
-16.0060 5.4751 1.9659 0.9000
-15.9474 5.5436 1.9741 0.9000
-15.9844 5.5371 1.9824 0.9000
-16.0710 5.4576 1.9906 0.9000
-16.0313 5.4773 1.9988 0.9000
-16.0248 5.4773 2.0070 0.9000
-16.0092 5.4798 2.0152 0.9000
-16.0294 5.5737 2.0234 0.9000
-16.0878 5.5096 2.0317 0.9000
-16.0069 5.4170 2.0399 0.9000
-15.9284 5.4673 2.0481 0.9000
-16.0327 5.4769 2.0563 0.9000
-16.0622 5.5212 2.0645 0.9000
-15.9288 5.5901 2.0727 0.9000
-15.9040 5.5394 2.0810 0.9000
-16.0204 5.4949 2.0892 0.9000
-15.9881 5.4575 2.0974 0.9000
-15.9890 5.5711 2.1056 0.9000
-15.9556 5.4852 2.1138 0.9000
-16.0559 5.4290 2.1220 0.9000
-16.0015 5.5179 2.1303 0.9000
-16.0545 5.4382 2.1385 0.9000
-15.9827 5.5330 2.1467 0.9000
-15.9243 5.4803 2.1549 0.9000
-15.9833 5.4847 2.1631 0.9000
-16.0425 5.3627 2.1713 0.9000
-15.9502 5.5539 2.1796 0.9000
-16.0306 5.4410 2.1878 0.9000
-15.9763 5.4639 2.1960 0.9000
-16.0388 5.5095 2.2042 0.9000
-16.0664 5.4927 2.2124 0.9000
-16.0380 5.6148 2.2206 0.9000
-16.1351 5.4138 2.2289 0.9000
-16.0542 5.4808 2.2371 0.9000
-15.8929 5.5393 2.2453 0.9000
-16.1410 5.4778 2.2535 0.9000
-16.0785 5.4998 2.2617 0.9000
-15.9129 5.6292 2.2699 0.9000
-16.0480 5.5033 2.2782 0.9000
-16.0202 5.5700 2.2864 0.9000
-16.0008 5.5325 2.2946 0.9000
-16.0824 5.5369 2.3028 0.9000
-15.9478 5.4901 2.3110 0.9000
-16.0060 5.4186 2.3192 0.9000
-16.0317 5.5544 2.3275 0.9000
-15.9528 5.5278 2.3357 0.9000
-16.0665 5.5268 2.3439 0.9000
-15.9981 5.4925 2.3521 0.9000
-16.0507 5.4676 2.3603 0.9000
-16.0628 5.5661 2.3685 0.9000
-15.8999 5.5163 2.3768 0.9000
-15.9937 5.4086 2.3850 0.9000
-15.9526 5.4973 2.3932 0.9000
-16.0260 5.4848 2.4014 0.9000
-16.0515 5.3687 2.4096 0.9000
-16.1558 5.4626 2.4178 0.9000
-16.0159 5.6298 2.4261 0.9000
-16.0829 5.3820 2.4343 0.9000
-15.9953 5.4423 2.4425 0.9000
-16.0646 5.3783 2.4507 0.9000
-15.9766 5.4209 2.4589 0.9000
-15.8971 5.4081 2.4671 0.9000
-15.8587 5.4408 2.4754 0.9000
-15.9840 5.5858 2.4836 0.9000
-16.0006 5.5453 2.4918 0.9000
-16.0351 5.4870 2.5000 0.9000
4.0837 5.5110 -1.6000 0.9000
3.9762 5.5044 -1.5918 0.9000
3.9522 5.5020 -1.5836 0.9000
3.9783 5.5501 -1.5754 0.9000
3.9208 5.4975 -1.5671 0.9000
3.9057 5.4685 -1.5589 0.9000
4.0330 5.4865 -1.5507 0.9000
4.0166 5.4857 -1.5425 0.9000
3.9356 5.5220 -1.5343 0.9000
4.0234 5.4721 -1.5261 0.9000
4.0254 5.5563 -1.5178 0.9000
3.9698 5.4865 -1.5096 0.9000
3.9524 5.5785 -1.5014 0.9000
4.0396 5.5013 -1.4932 0.9000
4.0224 5.5264 -1.4850 0.9000
4.0870 5.5497 -1.4768 0.9000
4.0218 5.5612 -1.4685 0.9000
3.9114 5.5314 -1.4603 0.9000
3.9234 5.6311 -1.4521 0.9000
3.9891 5.5002 -1.4439 0.9000
4.0404 5.4245 -1.4357 0.9000
4.0160 5.4983 -1.4275 0.9000
3.9692 5.5397 -1.4192 0.9000
3.9159 5.5227 -1.4110 0.9000
4.0734 5.4491 -1.4028 0.9000
4.0711 5.4831 -1.3946 0.9000
3.9296 5.4595 -1.3864 0.9000
4.0332 5.4668 -1.3782 0.9000
4.0128 5.4953 -1.3699 0.9000
4.0342 5.5233 -1.3617 0.9000
4.0759 5.4636 -1.3535 0.9000
4.0713 5.4683 -1.3453 0.9000
4.0253 5.5355 -1.3371 0.9000
3.9878 5.4572 -1.3289 0.9000
3.9850 5.4549 -1.3206 0.9000
3.9891 5.6099 -1.3124 0.9000
4.1365 5.4737 -1.3042 0.9000
4.0023 5.4087 -1.2960 0.9000
4.0390 5.4380 -1.2878 0.9000
4.0208 5.4003 -1.2796 0.9000
3.9505 5.5825 -1.2713 0.9000
4.0239 5.4964 -1.2631 0.9000
3.9669 5.4479 -1.2549 0.9000
3.9527 5.5281 -1.2467 0.9000
4.0297 5.5856 -1.2385 0.9000
3.9368 5.4914 -1.2303 0.9000
4.0439 5.5817 -1.2220 0.9000
4.0285 5.4832 -1.2138 0.9000
4.0632 5.4412 -1.2056 0.9000
4.0240 5.5905 -1.1974 0.9000
3.9522 5.4639 -1.1892 0.9000
4.0557 5.4717 -1.1810 0.9000
4.0583 5.5520 -1.1727 0.9000
4.0447 5.5018 -1.1645 0.9000
4.0367 5.4945 -1.1563 0.9000
3.9261 5.4873 -1.1481 0.9000
4.0428 5.4667 -1.1399 0.9000
3.9375 5.5090 -1.1317 0.9000
3.9689 5.5244 -1.1234 0.9000
3.9584 5.4888 -1.1152 0.9000
3.9216 5.5283 -1.1070 0.9000
4.0089 5.5206 -1.0988 0.9000
3.9984 5.5194 -1.0906 0.9000
4.0664 5.4858 -1.0824 0.9000
4.0603 5.4814 -1.0741 0.9000
4.0088 5.5185 -1.0659 0.9000
4.0394 5.4400 -1.0577 0.9000
3.9948 5.6450 -1.0495 0.9000
3.9945 5.3742 -1.0413 0.9000
4.0063 5.4720 -1.0331 0.9000
3.9925 5.5257 -1.0248 0.9000
4.0106 5.5365 -1.0166 0.9000
4.0332 5.4578 -1.0084 0.9000
3.9390 5.4675 -1.0002 0.9000
3.9796 5.5025 -0.9920 0.9000
4.0388 5.4321 -0.9838 0.9000
3.9723 5.4399 -0.9756 0.9000
3.9733 5.5438 -0.9673 0.9000
4.0508 5.5409 -0.9591 0.9000
3.9630 5.5006 -0.9509 0.9000
4.0217 5.5385 -0.9427 0.9000
4.0075 5.5047 -0.9345 0.9000
4.0444 5.4613 -0.9263 0.9000
3.9967 5.4421 -0.9180 0.9000
3.9605 5.5312 -0.9098 0.9000
3.9674 5.4663 -0.9016 0.9000
4.0828 5.5404 -0.8934 0.9000
3.9733 5.4847 -0.8852 0.9000
3.9701 5.5650 -0.8770 0.9000
3.9769 5.4522 -0.8687 0.9000
3.9865 5.4430 -0.8605 0.9000
3.9796 5.5103 -0.8523 0.9000
4.0282 5.4826 -0.8441 0.9000
4.0051 5.5074 -0.8359 0.9000
3.9705 5.4963 -0.8277 0.9000
4.0361 5.4742 -0.8194 0.9000
4.0141 5.4866 -0.8112 0.9000
4.0663 5.3905 -0.8030 0.9000
4.0158 5.5745 -0.7948 0.9000
3.9936 5.4679 -0.7866 0.9000
3.9898 5.5218 -0.7784 0.9000
4.0073 5.3960 -0.7701 0.9000
4.0184 5.4556 -0.7619 0.9000
3.9999 5.5125 -0.7537 0.9000
3.9780 5.5903 -0.7455 0.9000
4.0313 5.5221 -0.7373 0.9000
4.0217 5.5275 -0.7291 0.9000
4.0009 5.4751 -0.7208 0.9000
4.0334 5.4989 -0.7126 0.9000
3.9962 5.4896 -0.7044 0.9000
4.0006 5.5149 -0.6962 0.9000
4.0316 5.5615 -0.6880 0.9000
4.0400 5.4819 -0.6798 0.9000
4.0327 5.5008 -0.6715 0.9000
3.9618 5.4798 -0.6633 0.9000
4.0188 5.4865 -0.6551 0.9000
4.0022 5.5562 -0.6469 0.9000
4.0196 5.5219 -0.6387 0.9000
4.0912 5.5154 -0.6305 0.9000
3.9895 5.4932 -0.6222 0.9000
4.0011 5.4563 -0.6140 0.9000
3.9719 5.5343 -0.6058 0.9000
3.9904 5.5415 -0.5976 0.9000
3.9661 5.5436 -0.5894 0.9000
3.9464 5.4988 -0.5812 0.9000
3.9022 5.4607 -0.5729 0.9000
3.9652 5.5316 -0.5647 0.9000
3.9687 5.5536 -0.5565 0.9000
3.9971 5.5416 -0.5483 0.9000
3.9730 5.4606 -0.5401 0.9000
4.0516 5.5184 -0.5319 0.9000
4.0113 5.4023 -0.5236 0.9000
4.0371 5.5666 -0.5154 0.9000
4.0492 5.5082 -0.5072 0.9000
4.0693 5.5096 -0.4990 0.9000
4.0487 5.5771 -0.4908 0.9000
3.9558 5.4703 -0.4826 0.9000
4.0430 5.5058 -0.4743 0.9000
4.0160 5.4569 -0.4661 0.9000
4.0673 5.4251 -0.4579 0.9000
4.0013 5.5139 -0.4497 0.9000
4.0572 5.5117 -0.4415 0.9000
4.0050 5.3938 -0.4333 0.9000
4.0070 5.5365 -0.4251 0.9000
4.0333 5.4979 -0.4168 0.9000
3.9843 5.5376 -0.4086 0.9000
4.0276 5.5118 -0.4004 0.9000
3.9241 5.5523 -0.3922 0.9000
4.0242 5.5580 -0.3840 0.9000
3.9364 5.5100 -0.3758 0.9000
4.0277 5.5461 -0.3675 0.9000
3.8440 5.5441 -0.3593 0.9000
3.9093 5.4409 -0.3511 0.9000
4.0026 5.4559 -0.3429 0.9000
4.0035 5.4495 -0.3347 0.9000
3.9874 5.5332 -0.3265 0.9000
4.0361 5.4646 -0.3182 0.9000
4.0466 5.3984 -0.3100 0.9000
4.1265 5.4496 -0.3018 0.9000
4.0022 5.4809 -0.2936 0.9000
4.0517 5.5230 -0.2854 0.9000
3.9586 5.5646 -0.2772 0.9000
3.9727 5.5476 -0.2689 0.9000
3.9590 5.5089 -0.2607 0.9000
3.9945 5.4587 -0.2525 0.9000
4.0112 5.3998 -0.2443 0.9000
4.0521 5.4756 -0.2361 0.9000
4.0173 5.4857 -0.2279 0.9000
4.0668 5.5050 -0.2196 0.9000
4.0677 5.5447 -0.2114 0.9000
4.0020 5.5336 -0.2032 0.9000
3.9948 5.5047 -0.1950 0.9000
3.9238 5.4801 -0.1868 0.9000
3.9729 5.4239 -0.1786 0.9000
3.9595 5.4600 -0.1703 0.9000
3.9617 5.4518 -0.1621 0.9000
3.9788 5.6296 -0.1539 0.9000
4.0263 5.5997 -0.1457 0.9000
4.0145 5.4371 -0.1375 0.9000
4.0494 5.5196 -0.1293 0.9000
4.0192 5.4325 -0.1210 0.9000
3.9704 5.5112 -0.1128 0.9000
4.0378 5.4755 -0.1046 0.9000
3.9315 5.4929 -0.0964 0.9000
4.0489 5.5526 -0.0882 0.9000
3.9617 5.5186 -0.0800 0.9000
3.8852 5.5435 -0.0717 0.9000
4.0272 5.5251 -0.0635 0.9000
3.9845 5.4634 -0.0553 0.9000
4.0587 5.4344 -0.0471 0.9000
4.0481 5.4850 -0.0389 0.9000
3.9507 5.4849 -0.0307 0.9000
4.0762 5.4739 -0.0224 0.9000
3.9058 5.4648 -0.0142 0.9000
4.0232 5.5033 -0.0060 0.9000
4.0712 5.5661 0.0022 0.9000
3.9492 5.3950 0.0104 0.9000
4.1056 5.4379 0.0186 0.9000
4.0081 5.5131 0.0269 0.9000
4.0186 5.4071 0.0351 0.9000
4.0587 5.4278 0.0433 0.9000
4.0209 5.6058 0.0515 0.9000
3.9338 5.5281 0.0597 0.9000
3.8392 5.6335 0.0679 0.9000
3.9512 5.4146 0.0762 0.9000
3.9556 5.6042 0.0844 0.9000
3.9526 5.4344 0.0926 0.9000
3.9684 5.5448 0.1008 0.9000
3.8576 5.3912 0.1090 0.9000
3.9404 5.5145 0.1172 0.9000
4.0273 5.5180 0.1255 0.9000
4.0521 5.4776 0.1337 0.9000
3.9636 5.4304 0.1419 0.9000
4.0345 5.4860 0.1501 0.9000
3.8705 5.5120 0.1583 0.9000
4.0135 5.4424 0.1665 0.9000
4.0592 5.4897 0.1747 0.9000
4.0258 5.4968 0.1830 0.9000
3.9987 5.5226 0.1912 0.9000
3.8725 5.4204 0.1994 0.9000
4.0945 5.4703 0.2076 0.9000
4.0970 5.5088 0.2158 0.9000
4.0350 5.4801 0.2240 0.9000
4.0666 5.4451 0.2323 0.9000
4.0001 5.5468 0.2405 0.9000
4.0381 5.5484 0.2487 0.9000
4.0420 5.5377 0.2569 0.9000
3.9968 5.4817 0.2651 0.9000
3.9587 5.4897 0.2733 0.9000
4.0438 5.5624 0.2816 0.9000
4.0939 5.5401 0.2898 0.9000
4.0621 5.5632 0.2980 0.9000
4.0170 5.5042 0.3062 0.9000
4.0132 5.5305 0.3144 0.9000
4.0161 5.5332 0.3226 0.9000
3.8858 5.5721 0.3309 0.9000
3.9947 5.3860 0.3391 0.9000
3.9892 5.5061 0.3473 0.9000
3.9396 5.5477 0.3555 0.9000
4.0527 5.5588 0.3637 0.9000
4.0141 5.4774 0.3719 0.9000
3.8691 5.5195 0.3802 0.9000
4.0117 5.5368 0.3884 0.9000
4.0638 5.5627 0.3966 0.9000
3.9702 5.5178 0.4048 0.9000
3.9488 5.5129 0.4130 0.9000
3.9355 5.4865 0.4212 0.9000
4.0050 5.5561 0.4295 0.9000
3.9637 5.5622 0.4377 0.9000
3.9265 5.5522 0.4459 0.9000
4.0810 5.5371 0.4541 0.9000
4.0102 5.5123 0.4623 0.9000
3.9738 5.4706 0.4705 0.9000
4.0837 5.4630 0.4788 0.9000
4.0137 5.5515 0.4870 0.9000
3.9933 5.5566 0.4952 0.9000
4.0109 5.5123 0.5034 0.9000
3.9736 5.5122 0.5116 0.9000
3.9930 5.5107 0.5198 0.9000
4.0292 5.5599 0.5281 0.9000
4.0841 5.5378 0.5363 0.9000
3.9725 5.4785 0.5445 0.9000
4.0314 5.5254 0.5527 0.9000
3.9263 5.4208 0.5609 0.9000
4.0253 5.4691 0.5691 0.9000
4.0902 5.4125 0.5774 0.9000
4.0012 5.4572 0.5856 0.9000
3.9711 5.4618 0.5938 0.9000
3.9734 5.3958 0.6020 0.9000
4.0242 5.5586 0.6102 0.9000
4.0030 5.4746 0.6184 0.9000
3.9798 5.4838 0.6267 0.9000
4.0327 5.4570 0.6349 0.9000
3.9561 5.5283 0.6431 0.9000
4.0433 5.5690 0.6513 0.9000
3.9842 5.5261 0.6595 0.9000
4.0329 5.5174 0.6677 0.9000
4.0420 5.4013 0.6760 0.9000
3.9029 5.4949 0.6842 0.9000
3.9965 5.5324 0.6924 0.9000
3.9235 5.5600 0.7006 0.9000
3.9135 5.5303 0.7088 0.9000
3.9883 5.6044 0.7170 0.9000
4.0154 5.4636 0.7253 0.9000
3.9228 5.4636 0.7335 0.9000
4.0136 5.5192 0.7417 0.9000
3.9563 5.5639 0.7499 0.9000
4.0034 5.5719 0.7581 0.9000
4.1265 5.3982 0.7663 0.9000
3.9841 5.5055 0.7745 0.9000
3.9431 5.5476 0.7828 0.9000
3.9991 5.5462 0.7910 0.9000
3.9905 5.5282 0.7992 0.9000
3.9827 5.4957 0.8074 0.9000
4.0017 5.3482 0.8156 0.9000
3.9908 5.6028 0.8238 0.9000
3.9381 5.5306 0.8321 0.9000
4.0412 5.4559 0.8403 0.9000
4.0657 5.4838 0.8485 0.9000
3.9814 5.5130 0.8567 0.9000
4.0175 5.5238 0.8649 0.9000
3.8977 5.4305 0.8731 0.9000
3.9991 5.4505 0.8814 0.9000
4.0962 5.5250 0.8896 0.9000
4.0400 5.4711 0.8978 0.9000
4.0077 5.4111 0.9060 0.9000
3.9978 5.4604 0.9142 0.9000
3.9851 5.4994 0.9224 0.9000
4.0210 5.4181 0.9307 0.9000
4.0514 5.5817 0.9389 0.9000
3.9749 5.5594 0.9471 0.9000
4.0376 5.5458 0.9553 0.9000
3.9596 5.5045 0.9635 0.9000
3.9781 5.4382 0.9717 0.9000
3.9444 5.4580 0.9800 0.9000
4.0080 5.5662 0.9882 0.9000
4.0042 5.4603 0.9964 0.9000
4.0198 5.4984 1.0046 0.9000
4.0154 5.4855 1.0128 0.9000
4.0362 5.4922 1.0210 0.9000
4.1042 5.4937 1.0293 0.9000
4.0366 5.4881 1.0375 0.9000
3.9013 5.4774 1.0457 0.9000
3.9876 5.4840 1.0539 0.9000
3.9982 5.4896 1.0621 0.9000
3.9208 5.4528 1.0703 0.9000
4.0415 5.4300 1.0786 0.9000
4.0894 5.4815 1.0868 0.9000
3.9567 5.4562 1.0950 0.9000
4.0632 5.4967 1.1032 0.9000
4.0537 5.4467 1.1114 0.9000
4.0137 5.4054 1.1196 0.9000
4.0415 5.5727 1.1279 0.9000
3.9618 5.4684 1.1361 0.9000
4.0575 5.3888 1.1443 0.9000
4.0633 5.5372 1.1525 0.9000
4.0239 5.4754 1.1607 0.9000
4.0153 5.4966 1.1689 0.9000
3.9603 5.5059 1.1772 0.9000
4.0473 5.5460 1.1854 0.9000
4.0007 5.5107 1.1936 0.9000
3.9932 5.4254 1.2018 0.9000
4.0472 5.4356 1.2100 0.9000
3.9856 5.4236 1.2182 0.9000
3.9647 5.4706 1.2265 0.9000
4.0544 5.5149 1.2347 0.9000
3.9245 5.4548 1.2429 0.9000
4.0364 5.4615 1.2511 0.9000
3.9384 5.4595 1.2593 0.9000
3.9095 5.4662 1.2675 0.9000
4.0329 5.5295 1.2758 0.9000
4.0162 5.4813 1.2840 0.9000
3.9684 5.5512 1.2922 0.9000
3.9422 5.4693 1.3004 0.9000
4.0169 5.4975 1.3086 0.9000
3.9766 5.4864 1.3168 0.9000
4.0395 5.5106 1.3251 0.9000
3.9712 5.5230 1.3333 0.9000
3.9787 5.4978 1.3415 0.9000
4.0554 5.6312 1.3497 0.9000
3.9486 5.5730 1.3579 0.9000
3.9272 5.4698 1.3661 0.9000
3.9533 5.5644 1.3743 0.9000
4.0121 5.5590 1.3826 0.9000
4.0956 5.4328 1.3908 0.9000
4.0076 5.3928 1.3990 0.9000
3.9564 5.5094 1.4072 0.9000
3.9586 5.4920 1.4154 0.9000
4.0205 5.3747 1.4236 0.9000
3.9133 5.5051 1.4319 0.9000
3.9059 5.5010 1.4401 0.9000
4.0098 5.4683 1.4483 0.9000
4.0442 5.5776 1.4565 0.9000
4.0455 5.4875 1.4647 0.9000
4.0173 5.4790 1.4729 0.9000
4.0598 5.4987 1.4812 0.9000
3.9906 5.4306 1.4894 0.9000
3.9811 5.4529 1.4976 0.9000
3.9974 5.3578 1.5058 0.9000
4.0148 5.5180 1.5140 0.9000
4.1945 5.5445 1.5222 0.9000
3.9902 5.5128 1.5305 0.9000
4.0090 5.5089 1.5387 0.9000
4.0869 5.4942 1.5469 0.9000
4.0277 5.5737 1.5551 0.9000
3.9160 5.4907 1.5633 0.9000
4.0860 5.5428 1.5715 0.9000
4.0162 5.5377 1.5798 0.9000
3.8581 5.4291 1.5880 0.9000
3.9797 5.5307 1.5962 0.9000
3.9640 5.4421 1.6044 0.9000
3.9763 5.4698 1.6126 0.9000
3.9982 5.4888 1.6208 0.9000
4.0361 5.5605 1.6291 0.9000
4.0634 5.4621 1.6373 0.9000
4.0652 5.5144 1.6455 0.9000
4.0801 5.4198 1.6537 0.9000
3.9900 5.4885 1.6619 0.9000
3.8955 5.4740 1.6701 0.9000
3.8749 5.5610 1.6784 0.9000
4.0387 5.4604 1.6866 0.9000
3.9970 5.4198 1.6948 0.9000
4.0749 5.4764 1.7030 0.9000
4.0232 5.4672 1.7112 0.9000
3.9123 5.5102 1.7194 0.9000
3.9698 5.5641 1.7277 0.9000
4.0214 5.4813 1.7359 0.9000
3.9443 5.5164 1.7441 0.9000
4.0753 5.4932 1.7523 0.9000
3.9780 5.5232 1.7605 0.9000
3.9839 5.4494 1.7687 0.9000
3.9198 5.4971 1.7770 0.9000
4.1019 5.5455 1.7852 0.9000
3.9902 5.4602 1.7934 0.9000
4.0145 5.4896 1.8016 0.9000
3.9614 5.4948 1.8098 0.9000
3.9803 5.4241 1.8180 0.9000
4.0154 5.5343 1.8263 0.9000
4.0217 5.4697 1.8345 0.9000
4.0288 5.4959 1.8427 0.9000
4.0506 5.5289 1.8509 0.9000
4.0347 5.5340 1.8591 0.9000
4.0273 5.4388 1.8673 0.9000
3.9671 5.5190 1.8756 0.9000
3.9887 5.5475 1.8838 0.9000
3.9386 5.4654 1.8920 0.9000
3.9750 5.5380 1.9002 0.9000
4.0213 5.5189 1.9084 0.9000
4.0201 5.5230 1.9166 0.9000
4.0331 5.5416 1.9248 0.9000
4.0736 5.4542 1.9331 0.9000
3.9343 5.4513 1.9413 0.9000
3.9067 5.5567 1.9495 0.9000
3.9869 5.4832 1.9577 0.9000
4.0737 5.4263 1.9659 0.9000
4.0721 5.4910 1.9741 0.9000
4.0099 5.4938 1.9824 0.9000
3.9857 5.5115 1.9906 0.9000
4.0131 5.4800 1.9988 0.9000
4.0560 5.5862 2.0070 0.9000
3.9610 5.4545 2.0152 0.9000
3.9715 5.4022 2.0234 0.9000
4.0048 5.4259 2.0317 0.9000
4.0560 5.4625 2.0399 0.9000
4.0418 5.5231 2.0481 0.9000
3.9015 5.4890 2.0563 0.9000
4.0419 5.5166 2.0645 0.9000
3.9993 5.4656 2.0727 0.9000
4.0318 5.5197 2.0810 0.9000
3.9892 5.4199 2.0892 0.9000
4.0250 5.5071 2.0974 0.9000
4.0023 5.5289 2.1056 0.9000
3.9728 5.4529 2.1138 0.9000
3.9621 5.5830 2.1220 0.9000
3.9904 5.4052 2.1303 0.9000
3.9353 5.5340 2.1385 0.9000
3.9779 5.5407 2.1467 0.9000
3.9839 5.4557 2.1549 0.9000
4.0518 5.5148 2.1631 0.9000
4.0332 5.4560 2.1713 0.9000
4.1006 5.5136 2.1796 0.9000
3.9161 5.4878 2.1878 0.9000
3.9872 5.4989 2.1960 0.9000
4.0616 5.4696 2.2042 0.9000
4.0137 5.4699 2.2124 0.9000
3.9891 5.4602 2.2206 0.9000
3.9534 5.5310 2.2289 0.9000
4.0347 5.5823 2.2371 0.9000
4.0093 5.6127 2.2453 0.9000
3.9831 5.5456 2.2535 0.9000
4.0504 5.4986 2.2617 0.9000
4.1119 5.5488 2.2699 0.9000
3.9556 5.5165 2.2782 0.9000
4.0292 5.4818 2.2864 0.9000
4.0069 5.5976 2.2946 0.9000
4.0325 5.5479 2.3028 0.9000
4.0660 5.4620 2.3110 0.9000
4.0711 5.5473 2.3192 0.9000
3.9751 5.5280 2.3275 0.9000
3.9171 5.4524 2.3357 0.9000
3.9953 5.5030 2.3439 0.9000
3.9956 5.4965 2.3521 0.9000
3.8624 5.3695 2.3603 0.9000
4.0507 5.4289 2.3685 0.9000
3.9737 5.5540 2.3768 0.9000
3.9974 5.4636 2.3850 0.9000
3.9715 5.5291 2.3932 0.9000
3.9896 5.5631 2.4014 0.9000
4.0638 5.3963 2.4096 0.9000
4.0042 5.5805 2.4178 0.9000
4.1061 5.4913 2.4261 0.9000
4.0315 5.5193 2.4343 0.9000
4.0351 5.5968 2.4425 0.9000
3.9898 5.5482 2.4507 0.9000
3.9970 5.4911 2.4589 0.9000
4.0516 5.4733 2.4671 0.9000
4.0594 5.4775 2.4754 0.9000
4.0133 5.4717 2.4836 0.9000
4.0278 5.5631 2.4918 0.9000
3.9930 5.5270 2.5000 0.9000
24.0105 5.4676 -1.6000 0.9000
23.9890 5.4912 -1.5918 0.9000
24.0364 5.5557 -1.5836 0.9000
23.9058 5.5168 -1.5754 0.9000
24.0931 5.4285 -1.5671 0.9000
23.9866 5.4418 -1.5589 0.9000
23.9524 5.5440 -1.5507 0.9000
24.0573 5.5298 -1.5425 0.9000
24.0562 5.4742 -1.5343 0.9000
23.9963 5.4979 -1.5261 0.9000
24.0664 5.5019 -1.5178 0.9000
24.0501 5.5124 -1.5096 0.9000
24.0190 5.5210 -1.5014 0.9000
23.9180 5.4806 -1.4932 0.9000
24.0063 5.5350 -1.4850 0.9000
24.0004 5.5297 -1.4768 0.9000
23.9876 5.5436 -1.4685 0.9000
23.9815 5.5385 -1.4603 0.9000
24.0376 5.5373 -1.4521 0.9000
23.9378 5.4773 -1.4439 0.9000
24.0597 5.4938 -1.4357 0.9000
23.9975 5.4574 -1.4275 0.9000
23.9579 5.5101 -1.4192 0.9000
23.9855 5.4599 -1.4110 0.9000
24.0100 5.5235 -1.4028 0.9000
24.0721 5.5600 -1.3946 0.9000
24.0355 5.5000 -1.3864 0.9000
24.0591 5.4729 -1.3782 0.9000
23.9968 5.5247 -1.3699 0.9000
23.9894 5.5516 -1.3617 0.9000
24.0928 5.4626 -1.3535 0.9000
23.9931 5.5058 -1.3453 0.9000
23.9726 5.5157 -1.3371 0.9000
23.9675 5.4861 -1.3289 0.9000
24.0147 5.5256 -1.3206 0.9000
23.9458 5.4181 -1.3124 0.9000
24.0092 5.5172 -1.3042 0.9000
24.0082 5.5897 -1.2960 0.9000
24.0296 5.5280 -1.2878 0.9000
23.9125 5.5019 -1.2796 0.9000
23.9001 5.4392 -1.2713 0.9000
23.9781 5.4828 -1.2631 0.9000
23.9930 5.5154 -1.2549 0.9000
23.9441 5.5047 -1.2467 0.9000
23.9316 5.4383 -1.2385 0.9000
24.0216 5.5125 -1.2303 0.9000
23.9844 5.4571 -1.2220 0.9000
24.0404 5.4713 -1.2138 0.9000
23.9312 5.5448 -1.2056 0.9000
23.9946 5.4881 -1.1974 0.9000
24.0836 5.4677 -1.1892 0.9000
23.9851 5.4508 -1.1810 0.9000
23.9708 5.4642 -1.1727 0.9000
24.0456 5.4730 -1.1645 0.9000
24.0609 5.5429 -1.1563 0.9000
23.9682 5.4984 -1.1481 0.9000
23.9719 5.5602 -1.1399 0.9000
24.0433 5.4416 -1.1317 0.9000
24.0150 5.5645 -1.1234 0.9000
24.0161 5.4925 -1.1152 0.9000
24.0118 5.4887 -1.1070 0.9000
23.9975 5.4881 -1.0988 0.9000
24.0501 5.6130 -1.0906 0.9000
24.0694 5.4762 -1.0824 0.9000
23.9485 5.6035 -1.0741 0.9000
24.0444 5.5432 -1.0659 0.9000
23.9978 5.4447 -1.0577 0.9000
23.9357 5.4519 -1.0495 0.9000
23.9538 5.5096 -1.0413 0.9000
23.9795 5.5052 -1.0331 0.9000
24.0529 5.4801 -1.0248 0.9000
23.9483 5.4732 -1.0166 0.9000
23.9100 5.5774 -1.0084 0.9000
23.9868 5.5077 -1.0002 0.9000
23.9761 5.5235 -0.9920 0.9000
24.0535 5.5059 -0.9838 0.9000
24.0128 5.5022 -0.9756 0.9000
24.0356 5.6077 -0.9673 0.9000
23.9803 5.5287 -0.9591 0.9000
23.9391 5.6315 -0.9509 0.9000
24.0656 5.5389 -0.9427 0.9000
23.9705 5.4674 -0.9345 0.9000
24.0324 5.5622 -0.9263 0.9000
23.9816 5.4962 -0.9180 0.9000
24.0329 5.5762 -0.9098 0.9000
24.0151 5.4662 -0.9016 0.9000
24.0064 5.4208 -0.8934 0.9000
24.0207 5.5051 -0.8852 0.9000
23.9879 5.5734 -0.8770 0.9000
23.9148 5.4685 -0.8687 0.9000
24.0144 5.5290 -0.8605 0.9000
24.0573 5.4663 -0.8523 0.9000
23.9978 5.5472 -0.8441 0.9000
23.9843 5.4817 -0.8359 0.9000
24.0131 5.5134 -0.8277 0.9000
24.0490 5.4833 -0.8194 0.9000
23.9859 5.4625 -0.8112 0.9000
23.9253 5.4039 -0.8030 0.9000
24.0079 5.4350 -0.7948 0.9000
24.0182 5.4861 -0.7866 0.9000
24.0087 5.5224 -0.7784 0.9000
23.9753 5.5927 -0.7701 0.9000
24.0167 5.4740 -0.7619 0.9000
23.9885 5.4682 -0.7537 0.9000
23.9781 5.4338 -0.7455 0.9000
23.9857 5.5428 -0.7373 0.9000
24.0087 5.5286 -0.7291 0.9000
24.0140 5.5224 -0.7208 0.9000
23.9743 5.5172 -0.7126 0.9000
24.0100 5.4813 -0.7044 0.9000
24.0191 5.5679 -0.6962 0.9000
24.0279 5.4612 -0.6880 0.9000
24.0241 5.4763 -0.6798 0.9000
24.0651 5.4492 -0.6715 0.9000
24.0343 5.4936 -0.6633 0.9000
24.1002 5.4612 -0.6551 0.9000
24.0516 5.4685 -0.6469 0.9000
24.0500 5.4400 -0.6387 0.9000
23.9387 5.4521 -0.6305 0.9000
24.0378 5.4196 -0.6222 0.9000
24.0426 5.5179 -0.6140 0.9000
23.9978 5.4569 -0.6058 0.9000
23.8976 5.5806 -0.5976 0.9000
23.8835 5.5473 -0.5894 0.9000
23.9860 5.5035 -0.5812 0.9000
23.9731 5.5285 -0.5729 0.9000
23.9254 5.5429 -0.5647 0.9000
24.0194 5.4753 -0.5565 0.9000
23.9433 5.4898 -0.5483 0.9000
23.9167 5.5539 -0.5401 0.9000
24.1032 5.5571 -0.5319 0.9000
24.0252 5.4614 -0.5236 0.9000
23.9787 5.6148 -0.5154 0.9000
23.9294 5.4324 -0.5072 0.9000
23.9557 5.3857 -0.4990 0.9000
23.9689 5.5861 -0.4908 0.9000
23.9728 5.5364 -0.4826 0.9000
23.9839 5.5093 -0.4743 0.9000
23.9410 5.5405 -0.4661 0.9000
23.9563 5.4660 -0.4579 0.9000
23.9144 5.4131 -0.4497 0.9000
23.9010 5.4775 -0.4415 0.9000
23.9232 5.4651 -0.4333 0.9000
23.9695 5.4506 -0.4251 0.9000
23.9846 5.4699 -0.4168 0.9000
24.0233 5.4706 -0.4086 0.9000
24.0208 5.4764 -0.4004 0.9000
24.0312 5.5191 -0.3922 0.9000
23.9848 5.5279 -0.3840 0.9000
24.0328 5.5150 -0.3758 0.9000
23.8928 5.3730 -0.3675 0.9000
24.0302 5.4491 -0.3593 0.9000
23.9980 5.4498 -0.3511 0.9000
24.0481 5.5598 -0.3429 0.9000
23.8660 5.4576 -0.3347 0.9000
24.0456 5.4051 -0.3265 0.9000
23.9187 5.5344 -0.3182 0.9000
24.0560 5.5046 -0.3100 0.9000
23.9578 5.6257 -0.3018 0.9000
24.0208 5.4309 -0.2936 0.9000
23.9957 5.4891 -0.2854 0.9000
24.0507 5.4481 -0.2772 0.9000
24.0076 5.4482 -0.2689 0.9000
24.0785 5.4589 -0.2607 0.9000
23.9640 5.4451 -0.2525 0.9000
23.9483 5.5093 -0.2443 0.9000
23.9673 5.5031 -0.2361 0.9000
24.0317 5.4984 -0.2279 0.9000
24.0337 5.5634 -0.2196 0.9000
23.9356 5.5279 -0.2114 0.9000
23.9576 5.5418 -0.2032 0.9000
24.0144 5.5081 -0.1950 0.9000
24.0623 5.5155 -0.1868 0.9000
23.9649 5.5464 -0.1786 0.9000
23.9287 5.4428 -0.1703 0.9000
24.0502 5.4673 -0.1621 0.9000
23.9126 5.5037 -0.1539 0.9000
24.0270 5.5021 -0.1457 0.9000
23.8916 5.4289 -0.1375 0.9000
23.9940 5.5381 -0.1293 0.9000
23.9823 5.5720 -0.1210 0.9000
23.9609 5.5682 -0.1128 0.9000
24.0720 5.4653 -0.1046 0.9000
23.9958 5.5425 -0.0964 0.9000
23.9916 5.4798 -0.0882 0.9000
23.9872 5.5035 -0.0800 0.9000
23.9616 5.5551 -0.0717 0.9000
24.0914 5.5670 -0.0635 0.9000
23.9812 5.4779 -0.0553 0.9000
24.0927 5.4740 -0.0471 0.9000
23.9587 5.5749 -0.0389 0.9000
24.0009 5.4950 -0.0307 0.9000
23.9761 5.3500 -0.0224 0.9000
23.9598 5.5220 -0.0142 0.9000
23.9906 5.4599 -0.0060 0.9000
24.0832 5.4858 0.0022 0.9000
24.0644 5.5297 0.0104 0.9000
24.0012 5.4076 0.0186 0.9000
23.9317 5.5382 0.0269 0.9000
24.0161 5.4242 0.0351 0.9000
23.9736 5.4629 0.0433 0.9000
23.9517 5.5159 0.0515 0.9000
24.0319 5.4385 0.0597 0.9000
23.9360 5.4387 0.0679 0.9000
24.0052 5.5167 0.0762 0.9000
24.0223 5.5265 0.0844 0.9000
24.0329 5.4911 0.0926 0.9000
23.9359 5.5310 0.1008 0.9000
24.0836 5.7014 0.1090 0.9000
24.0133 5.4255 0.1172 0.9000
23.9987 5.3880 0.1255 0.9000
23.9324 5.5562 0.1337 0.9000
23.9574 5.4409 0.1419 0.9000
23.9807 5.5185 0.1501 0.9000
23.9971 5.5304 0.1583 0.9000
24.0157 5.4983 0.1665 0.9000
23.9808 5.5139 0.1747 0.9000
24.0709 5.5855 0.1830 0.9000
23.9796 5.4694 0.1912 0.9000
24.0082 5.5638 0.1994 0.9000
24.0553 5.4345 0.2076 0.9000
23.9710 5.5175 0.2158 0.9000
23.9301 5.5243 0.2240 0.9000
23.9778 5.4962 0.2323 0.9000
24.0441 5.5485 0.2405 0.9000
24.0019 5.5022 0.2487 0.9000
24.0323 5.5166 0.2569 0.9000
23.9329 5.4647 0.2651 0.9000
23.9178 5.4501 0.2733 0.9000
24.0275 5.4488 0.2816 0.9000
24.0160 5.4693 0.2898 0.9000
23.9528 5.4359 0.2980 0.9000
23.9413 5.5934 0.3062 0.9000
23.9903 5.4846 0.3144 0.9000
23.9963 5.4995 0.3226 0.9000
23.9376 5.4426 0.3309 0.9000
23.9951 5.6022 0.3391 0.9000
23.9261 5.4873 0.3473 0.9000
23.9668 5.4705 0.3555 0.9000
23.9329 5.4751 0.3637 0.9000
23.9932 5.4895 0.3719 0.9000
23.9666 5.4848 0.3802 0.9000
24.0661 5.4327 0.3884 0.9000
24.0139 5.5430 0.3966 0.9000
23.9330 5.4443 0.4048 0.9000
24.0442 5.5405 0.4130 0.9000
23.9888 5.4335 0.4212 0.9000
24.0364 5.5087 0.4295 0.9000
23.9340 5.4488 0.4377 0.9000
24.0287 5.4636 0.4459 0.9000
24.1011 5.5241 0.4541 0.9000
24.0278 5.5590 0.4623 0.9000
23.9690 5.5911 0.4705 0.9000
24.0561 5.5187 0.4788 0.9000
23.9645 5.4997 0.4870 0.9000
24.0228 5.4518 0.4952 0.9000
24.1110 5.4105 0.5034 0.9000
23.9697 5.5310 0.5116 0.9000
24.0243 5.4873 0.5198 0.9000
24.0990 5.5005 0.5281 0.9000
24.0479 5.4801 0.5363 0.9000
24.0344 5.4641 0.5445 0.9000
23.9005 5.5338 0.5527 0.9000
23.9506 5.5852 0.5609 0.9000
24.0421 5.4400 0.5691 0.9000
23.9832 5.4063 0.5774 0.9000
23.9740 5.4883 0.5856 0.9000
24.0576 5.4641 0.5938 0.9000
24.0318 5.5592 0.6020 0.9000
23.9576 5.5253 0.6102 0.9000
24.0368 5.5948 0.6184 0.9000
23.9506 5.5539 0.6267 0.9000
23.9192 5.5052 0.6349 0.9000
24.0144 5.5074 0.6431 0.9000
23.9365 5.5196 0.6513 0.9000
23.9357 5.4545 0.6595 0.9000
23.9473 5.5218 0.6677 0.9000
24.0065 5.5685 0.6760 0.9000
24.0375 5.4684 0.6842 0.9000
23.9835 5.4879 0.6924 0.9000
23.9378 5.5328 0.7006 0.9000
23.9417 5.5749 0.7088 0.9000
23.9203 5.4629 0.7170 0.9000
24.0338 5.5122 0.7253 0.9000
23.9528 5.4984 0.7335 0.9000
24.0092 5.4863 0.7417 0.9000
23.9075 5.4070 0.7499 0.9000
24.0613 5.4628 0.7581 0.9000
23.9971 5.4386 0.7663 0.9000
23.9193 5.4933 0.7745 0.9000
23.9675 5.4773 0.7828 0.9000
24.0068 5.4405 0.7910 0.9000
23.9534 5.4867 0.7992 0.9000
24.0159 5.5933 0.8074 0.9000
24.0616 5.4669 0.8156 0.9000
24.0434 5.4806 0.8238 0.9000
23.9964 5.4887 0.8321 0.9000
24.0691 5.4636 0.8403 0.9000
24.0074 5.4211 0.8485 0.9000
23.9913 5.5905 0.8567 0.9000
23.9926 5.4085 0.8649 0.9000
24.0020 5.4143 0.8731 0.9000
24.0193 5.5374 0.8814 0.9000
23.9528 5.3975 0.8896 0.9000
24.0542 5.5386 0.8978 0.9000
24.0624 5.5431 0.9060 0.9000
24.1211 5.4599 0.9142 0.9000
23.9117 5.5021 0.9224 0.9000
23.9993 5.4975 0.9307 0.9000
23.9575 5.4597 0.9389 0.9000
24.0300 5.4692 0.9471 0.9000
24.0588 5.4922 0.9553 0.9000
23.9997 5.4766 0.9635 0.9000
23.9824 5.5288 0.9717 0.9000
23.9738 5.4925 0.9800 0.9000
23.9884 5.5226 0.9882 0.9000
24.0169 5.4806 0.9964 0.9000
24.0166 5.5320 1.0046 0.9000
24.0730 5.5442 1.0128 0.9000
23.9902 5.4010 1.0210 0.9000
24.0440 5.5189 1.0293 0.9000
23.9541 5.4653 1.0375 0.9000
23.9354 5.4781 1.0457 0.9000
24.0491 5.5156 1.0539 0.9000
24.0196 5.5061 1.0621 0.9000
23.9730 5.4883 1.0703 0.9000
23.9534 5.5331 1.0786 0.9000
23.9757 5.5090 1.0868 0.9000
24.0104 5.4621 1.0950 0.9000
24.0074 5.5549 1.1032 0.9000
23.9273 5.5532 1.1114 0.9000
23.9361 5.5007 1.1196 0.9000
24.0065 5.4721 1.1279 0.9000
24.0290 5.4614 1.1361 0.9000
23.9603 5.5836 1.1443 0.9000
23.9287 5.4908 1.1525 0.9000
24.0015 5.5073 1.1607 0.9000
23.8896 5.5211 1.1689 0.9000
23.9805 5.3619 1.1772 0.9000
24.0297 5.4542 1.1854 0.9000
23.9877 5.6101 1.1936 0.9000
23.9216 5.3602 1.2018 0.9000
24.0753 5.4252 1.2100 0.9000
24.0003 5.4775 1.2182 0.9000
24.0104 5.4504 1.2265 0.9000
24.0439 5.4625 1.2347 0.9000
23.9909 5.4422 1.2429 0.9000
23.9862 5.4914 1.2511 0.9000
24.0613 5.5179 1.2593 0.9000
23.9591 5.5200 1.2675 0.9000
24.0457 5.4589 1.2758 0.9000
23.9435 5.5486 1.2840 0.9000
23.9636 5.5072 1.2922 0.9000
24.0146 5.5536 1.3004 0.9000
24.0714 5.5144 1.3086 0.9000
24.0074 5.4869 1.3168 0.9000
23.9300 5.4882 1.3251 0.9000
24.0356 5.5176 1.3333 0.9000
23.9603 5.5631 1.3415 0.9000
24.0317 5.5063 1.3497 0.9000
24.0144 5.5104 1.3579 0.9000
23.9249 5.5283 1.3661 0.9000
24.0180 5.4112 1.3743 0.9000
23.9383 5.4285 1.3826 0.9000
24.0676 5.5109 1.3908 0.9000
23.9214 5.4522 1.3990 0.9000
23.9920 5.4868 1.4072 0.9000
23.9527 5.4993 1.4154 0.9000
24.0705 5.6206 1.4236 0.9000
23.9226 5.4912 1.4319 0.9000
24.1165 5.3943 1.4401 0.9000
23.9819 5.5102 1.4483 0.9000
23.9718 5.5509 1.4565 0.9000
24.0386 5.5266 1.4647 0.9000
23.9983 5.5232 1.4729 0.9000
23.9575 5.4632 1.4812 0.9000
23.9618 5.4790 1.4894 0.9000
23.9751 5.4575 1.4976 0.9000
23.9653 5.4633 1.5058 0.9000
24.0405 5.4896 1.5140 0.9000
24.0043 5.5460 1.5222 0.9000
24.0231 5.6440 1.5305 0.9000
23.9791 5.5073 1.5387 0.9000
24.0322 5.5270 1.5469 0.9000
23.9653 5.3794 1.5551 0.9000
23.9539 5.4780 1.5633 0.9000
23.9745 5.5766 1.5715 0.9000
24.0712 5.5047 1.5798 0.9000
23.9712 5.4948 1.5880 0.9000
23.9735 5.6450 1.5962 0.9000
24.0109 5.5595 1.6044 0.9000
23.9935 5.5386 1.6126 0.9000
23.9456 5.4968 1.6208 0.9000
23.9409 5.5136 1.6291 0.9000
24.0374 5.6069 1.6373 0.9000
23.9406 5.6116 1.6455 0.9000
24.0442 5.4731 1.6537 0.9000
23.9766 5.4188 1.6619 0.9000
23.8838 5.5025 1.6701 0.9000
24.0324 5.5382 1.6784 0.9000
24.0401 5.5903 1.6866 0.9000
24.0291 5.4947 1.6948 0.9000
23.9767 5.4826 1.7030 0.9000
23.9822 5.5556 1.7112 0.9000
23.9773 5.4539 1.7194 0.9000
23.9640 5.4881 1.7277 0.9000
24.0140 5.5003 1.7359 0.9000
23.9897 5.4964 1.7441 0.9000
23.9768 5.5640 1.7523 0.9000
23.9644 5.5268 1.7605 0.9000
24.0074 5.4730 1.7687 0.9000
24.0634 5.4882 1.7770 0.9000
24.0059 5.6399 1.7852 0.9000
23.9322 5.4278 1.7934 0.9000
23.9988 5.4061 1.8016 0.9000
24.0241 5.4379 1.8098 0.9000
24.0355 5.5152 1.8180 0.9000
24.0258 5.5568 1.8263 0.9000
24.0067 5.4942 1.8345 0.9000
24.1355 5.4718 1.8427 0.9000
23.9405 5.4633 1.8509 0.9000
24.0745 5.4133 1.8591 0.9000
24.0277 5.5800 1.8673 0.9000
24.1147 5.4899 1.8756 0.9000
23.9276 5.5111 1.8838 0.9000
24.0768 5.5426 1.8920 0.9000
24.0819 5.5693 1.9002 0.9000
23.9921 5.4887 1.9084 0.9000
23.9575 5.4544 1.9166 0.9000
24.1062 5.4989 1.9248 0.9000
23.9588 5.4934 1.9331 0.9000
24.0523 5.4721 1.9413 0.9000
24.0748 5.4369 1.9495 0.9000
23.9920 5.5195 1.9577 0.9000
23.9916 5.5663 1.9659 0.9000
24.0883 5.5876 1.9741 0.9000
23.9846 5.4622 1.9824 0.9000
23.9721 5.5879 1.9906 0.9000
23.8651 5.4450 1.9988 0.9000
24.0561 5.5075 2.0070 0.9000
23.9813 5.5523 2.0152 0.9000
24.0391 5.5276 2.0234 0.9000
23.9926 5.5706 2.0317 0.9000
24.0668 5.4488 2.0399 0.9000
24.0688 5.4909 2.0481 0.9000
23.9502 5.4898 2.0563 0.9000
23.9768 5.5570 2.0645 0.9000
24.0291 5.4884 2.0727 0.9000
24.0704 5.5117 2.0810 0.9000
24.0056 5.4871 2.0892 0.9000
24.0107 5.5181 2.0974 0.9000
24.0174 5.4624 2.1056 0.9000
23.9562 5.4440 2.1138 0.9000
23.9773 5.4751 2.1220 0.9000
23.9907 5.4541 2.1303 0.9000
24.0500 5.4899 2.1385 0.9000
24.0897 5.5391 2.1467 0.9000
23.9545 5.4331 2.1549 0.9000
24.0361 5.4793 2.1631 0.9000
24.0109 5.6085 2.1713 0.9000
23.9749 5.4103 2.1796 0.9000
23.9520 5.4442 2.1878 0.9000
24.0114 5.5151 2.1960 0.9000
23.9708 5.4198 2.2042 0.9000
24.0187 5.4934 2.2124 0.9000
23.9499 5.5837 2.2206 0.9000
23.9448 5.4687 2.2289 0.9000
24.0538 5.4552 2.2371 0.9000
24.0098 5.4186 2.2453 0.9000
24.0086 5.4560 2.2535 0.9000
23.9747 5.4880 2.2617 0.9000
24.0379 5.6067 2.2699 0.9000
23.9909 5.4907 2.2782 0.9000
24.0389 5.4930 2.2864 0.9000
23.9773 5.4976 2.2946 0.9000
23.9469 5.4564 2.3028 0.9000
23.9637 5.3820 2.3110 0.9000
24.0212 5.5722 2.3192 0.9000
23.9506 5.5302 2.3275 0.9000
24.0906 5.5555 2.3357 0.9000
23.9320 5.5117 2.3439 0.9000
23.9925 5.5579 2.3521 0.9000
24.0595 5.4228 2.3603 0.9000
24.0143 5.5025 2.3685 0.9000
23.9824 5.5258 2.3768 0.9000
24.0575 5.5659 2.3850 0.9000
23.9536 5.5208 2.3932 0.9000
23.9856 5.5208 2.4014 0.9000
23.9191 5.5113 2.4096 0.9000
24.0442 5.4261 2.4178 0.9000
24.0280 5.4703 2.4261 0.9000
24.0281 5.4748 2.4343 0.9000
24.0065 5.5417 2.4425 0.9000
24.0041 5.5257 2.4507 0.9000
24.0054 5.5753 2.4589 0.9000
24.0152 5.5244 2.4671 0.9000
24.0065 5.4893 2.4754 0.9000
23.9534 5.5641 2.4836 0.9000
23.8871 5.4378 2.4918 0.9000
24.1044 5.4855 2.5000 0.9000
-6.7576 -6.5289 2.6817 0.5500
-6.8967 -5.7781 -0.7872 0.5500
-6.8694 -5.4857 1.7403 0.5500
-6.5292 -6.9024 2.5611 0.5500
-5.8477 -6.2373 -0.7168 0.5500
-6.2805 -6.1325 0.1117 0.5500
-5.7922 -6.0546 0.0977 0.5500
-5.8231 -7.7969 2.1902 0.5500
-7.8694 -6.0826 1.0589 0.5500
-5.8763 -7.1652 1.2024 0.5500
-6.6000 -6.0425 1.0850 0.5500
-7.3141 -7.4254 0.3884 0.5500
-5.8188 -6.4531 -0.7174 0.5500
-5.9491 -6.7477 -1.3046 0.5500
-5.8822 -4.7963 -0.2974 0.5500
-5.4452 -7.2175 2.7144 0.5500
-6.5452 -7.2776 2.0091 0.5500
-6.7940 -5.3288 -0.6025 0.5500
-6.0327 -5.8220 -0.2825 0.5500
-6.3698 -6.3100 0.7524 0.5500
-3.8412 -6.9158 1.3544 0.5500
-6.1276 -7.4542 -1.1977 0.5500
-6.0253 -6.8792 -1.2191 0.5500
-6.7322 -6.9637 1.2646 0.5500
-6.8667 -7.0963 1.1027 0.5500
-7.3742 -6.9454 0.8606 0.5500
-6.3119 -6.9827 -0.1293 0.5500
-6.2188 -5.7637 0.6005 0.5500
-5.1787 -7.6488 1.3531 0.5500
-6.2597 -6.2191 -0.5049 0.5500
-6.3867 -6.3188 -1.3644 0.5500
-5.8761 -6.5858 0.6179 0.5500
-6.1549 -5.9992 1.5229 0.5500
-5.3071 -6.1893 -0.6536 0.5500
-4.9263 -6.4518 0.0594 0.5500
-6.1075 -5.6496 -0.1227 0.5500
-6.8565 -8.4969 2.0556 0.5500
-6.1965 -4.7791 2.6991 0.5500
-5.9114 -5.5929 0.6691 0.5500
-7.1604 -5.1504 0.2088 0.5500
-6.3143 -7.2289 1.1887 0.5500
-7.2801 -6.4694 2.7052 0.5500
-5.7470 -6.2759 1.7126 0.5500
-6.9673 -6.8211 -1.1965 0.5500
-6.3408 -6.3796 0.3075 0.5500
-6.2041 -6.3122 -0.6548 0.5500
-7.1106 -7.4814 -0.8296 0.5500
-6.0448 -5.9279 1.4295 0.5500
-6.9430 -5.9939 1.6842 0.5500
-4.8891 -7.0622 0.5895 0.5500
-5.0102 -7.5594 0.4369 0.5500
-5.1333 -6.4165 0.0606 0.5500
-5.9553 -7.1754 2.5784 0.5500
-5.8013 -6.2849 -0.2945 0.5500
-6.2137 -7.1347 -0.5779 0.5500
-5.6428 -5.3020 2.5625 0.5500
-4.7620 -7.0500 0.9081 0.5500
-6.8553 -7.2151 -0.9382 0.5500
-5.7195 -6.4808 1.9332 0.5500
-7.4419 -7.7789 1.1562 0.5500
-6.4017 -7.1927 1.9536 0.5500
-6.1217 -7.8249 1.0874 0.5500
-5.8174 -6.3302 2.2137 0.5500
-5.5303 -5.7579 1.6643 0.5500
-5.0238 -6.8437 1.4337 0.5500
-7.1922 -5.4965 2.1830 0.5500
-5.3758 -7.1802 -0.3000 0.5500
-4.6283 -6.8731 -1.1622 0.5500
-6.3704 -5.7841 -1.3131 0.5500
-6.4704 -5.9271 -0.6848 0.5500
-5.9042 -6.1349 0.4857 0.5500
-6.1208 -5.6120 -1.4676 0.5500
-6.1744 -6.5412 1.3715 0.5500
-4.8521 -6.2576 2.5959 0.5500
-4.0985 -7.0449 0.3076 0.5500
-6.2603 -4.9592 0.8483 0.5500
-4.1502 -6.8601 2.6176 0.5500
-6.2845 -6.6704 -0.9813 0.5500
-5.3947 -6.3323 0.2081 0.5500
-6.8368 -5.9663 2.7444 0.5500
-6.7068 -5.9745 -0.8965 0.5500
-6.2603 -8.6673 2.2886 0.5500
-5.3349 -5.0864 0.2508 0.5500
-5.8338 -5.2121 0.7231 0.5500
-7.3158 -5.4981 2.0446 0.5500
-7.0667 -6.3828 2.7355 0.5500
-7.3827 -5.5018 -1.3853 0.5500
-5.7463 -6.2903 -0.0039 0.5500
-5.8824 -6.3003 -0.2446 0.5500
-5.8977 -5.9415 0.4796 0.5500
-5.9062 -6.0653 -0.8309 0.5500
-6.6072 -5.6808 -0.1305 0.5500
-5.8653 -8.2214 1.1573 0.5500
-4.8538 -6.5710 1.9516 0.5500
-5.5455 -7.4767 2.6326 0.5500
-6.9366 -5.7552 -0.3832 0.5500
-6.2684 -7.2298 2.6905 0.5500
-6.5032 -6.7263 -0.1979 0.5500
-5.2952 -5.7510 2.4859 0.5500
-6.8464 -5.4534 1.7156 0.5500
-5.8554 -5.7937 0.2718 0.5500
-6.2753 -5.8976 2.6868 0.5500
-6.6230 -7.4498 -1.3743 0.5500
-5.8347 -7.3137 1.8738 0.5500
-6.1778 -7.5723 1.3963 0.5500
-5.4051 -7.3448 -1.1111 0.5500
-6.3910 -6.3735 -0.2757 0.5500
-6.9467 -5.6956 0.4282 0.5500
-6.1659 -5.6984 -0.4585 0.5500
-5.8000 -7.9812 2.5143 0.5500
-5.5117 -6.5291 -0.8357 0.5500
-6.1490 -6.7192 0.9044 0.5500
-5.3256 -8.3538 0.8539 0.5500
-7.0730 -5.8361 0.7971 0.5500
-5.2162 -5.8584 -0.9055 0.5500
-5.5447 -6.9862 0.6114 0.5500
-6.3548 -6.7476 2.4589 0.5500
-5.1615 -6.3836 -0.6009 0.5500
-5.7510 -6.1690 -1.1804 0.5500
-4.9782 -7.0190 2.5807 0.5500
-6.6215 -7.1872 2.4664 0.5500
-6.5461 -7.3687 0.8962 0.5500
-5.5602 -5.3089 2.3132 0.5500
-5.9462 -5.5243 2.6892 0.5500
-7.1518 -7.3739 -0.7541 0.5500
-4.5039 -7.2166 -0.5616 0.5500
-4.5985 -7.3485 0.7972 0.5500
-5.8468 -7.6880 1.5278 0.5500
-6.5495 -4.9392 1.9894 0.5500
-6.5314 -7.0875 0.6173 0.5500
-5.6906 -5.8924 -1.3996 0.5500
-4.8508 -6.7709 -1.1905 0.5500
-3.8838 -6.6756 2.0992 0.5500
-6.2411 -6.7312 0.9207 0.5500
-6.2848 -6.2060 -1.2695 0.5500
-6.1323 -6.6479 1.4887 0.5500
-5.6731 -5.9037 1.2107 0.5500
-6.6837 -5.5756 0.3303 0.5500
-7.0902 -6.9963 2.1933 0.5500
-6.1863 -6.3366 -0.2404 0.5500
-5.7521 -7.8069 1.7540 0.5500
-4.6286 -6.9176 -0.0803 0.5500
-6.8635 -6.4854 0.8960 0.5500
-5.0965 -6.6592 2.7825 0.5500
-6.0818 -6.5871 1.1353 0.5500
-6.1952 -6.0867 0.9196 0.5500
-7.2415 -5.9197 0.9554 0.5500
-5.6865 -8.2008 1.4915 0.5500
-5.7801 -6.3536 1.9492 0.5500
-4.1858 -6.7518 1.9177 0.5500
-6.2064 -6.8854 1.7849 0.5500
-4.7572 -5.3832 -0.0454 0.5500
-6.2438 -7.9054 -0.4607 0.5500
-6.2734 -6.5425 0.2304 0.5500
-7.3443 -5.3488 0.7347 0.5500
-5.0802 -6.4424 1.9926 0.5500
-5.8898 -7.2599 0.7529 0.5500
-6.0039 -6.6731 0.0799 0.5500
-6.2322 -5.0831 0.8100 0.5500
-5.8116 -5.5625 -1.1837 0.5500
-6.5689 -6.9144 0.8140 0.5500
-5.6402 -5.2721 0.7257 0.5500
-6.7637 -5.9902 1.0386 0.5500
-6.1071 -8.5339 2.2172 0.5500
-5.6021 -6.5849 0.9449 0.5500
-4.8739 -5.0398 0.9190 0.5500
-5.8321 -6.6254 1.4240 0.5500
-4.9627 -5.2835 2.6736 0.5500
-6.0100 -7.6476 1.6210 0.5500
-6.7481 -7.5471 -0.6598 0.5500
-4.3347 -5.5939 0.3646 0.5500
-6.0924 -5.8183 -0.9202 0.5500
-5.2426 -6.5209 -1.3580 0.5500
-6.4966 -5.8049 2.0227 0.5500
-5.5834 -6.9741 0.0294 0.5500
-5.7244 -7.4011 -0.3542 0.5500
-6.0002 -6.1906 0.5851 0.5500
-4.3768 -6.7295 -0.6186 0.5500
-5.6570 -6.1667 -1.2968 0.5500
-6.2968 -6.3349 1.3765 0.5500
-4.7408 -6.7681 -0.5566 0.5500
-7.4490 -4.9926 -1.3862 0.5500
-7.1665 -7.3302 1.6734 0.5500
-5.2960 -6.3776 2.5739 0.5500
-5.8186 -6.5746 -0.9997 0.5500
-6.4371 -6.2541 0.5007 0.5500
-5.6862 -6.4627 -0.6029 0.5500
-5.1469 -5.6362 -1.3163 0.5500
-6.8454 -6.2499 0.1881 0.5500
-6.0700 -7.0205 1.9485 0.5500
-5.9692 -7.3215 -0.1690 0.5500
-5.7550 -7.1155 -1.0888 0.5500
-5.4846 -7.1506 1.0918 0.5500
-7.5744 -5.9571 2.1146 0.5500
-5.5711 -6.5661 -0.0154 0.5500
-7.5269 -6.1836 0.4286 0.5500
-6.0296 -7.6021 -0.7731 0.5500
-6.8442 -6.7527 2.7624 0.5500
-5.8427 -6.1135 2.6538 0.5500
-5.4675 -5.6680 1.9457 0.5500
-5.9543 -7.6883 -1.1883 0.5500
-6.5225 -5.2457 -0.2071 0.5500
-7.0527 -5.3472 -0.6540 0.5500
-6.0296 -5.6858 -0.9968 0.5500
-6.3257 -5.4877 0.3100 0.5500
-5.7308 -6.8027 0.2950 0.5500
-6.3445 -7.1381 2.6241 0.5500
-4.8783 -6.4321 1.6260 0.5500
-5.9627 -6.2592 -1.1610 0.5500
-5.2645 -7.0001 -1.2787 0.5500
-6.3993 -6.0286 2.5843 0.5500
-5.4120 -5.3724 1.9552 0.5500
-5.5009 -5.7837 -1.3306 0.5500
-6.5445 -6.4622 2.1891 0.5500
-7.1980 -8.4524 0.6112 0.5500
-4.9854 -7.7287 1.7007 0.5500
-6.3360 -6.5752 1.0085 0.5500
-6.5169 -5.9863 1.4354 0.5500
-6.2403 -7.6377 -0.0973 0.5500
-6.7574 -6.4233 0.7344 0.5500
-5.4960 -5.9309 -0.6514 0.5500
-6.0072 -6.5519 0.2057 0.5500
-5.9581 -6.9970 -1.0975 0.5500
-5.0893 -7.6861 1.3444 0.5500
-5.9202 -5.8820 -1.2435 0.5500
-4.7395 -7.0236 -0.2259 0.5500
-6.0158 -5.1829 -1.0640 0.5500
-7.2047 -6.3583 1.3624 0.5500
-6.7093 -6.2046 0.5142 0.5500
-6.5818 -5.8339 0.0677 0.5500
-5.9098 -6.7915 0.5396 0.5500
-4.7823 -6.1241 -0.8066 0.5500
-5.8491 -7.0164 2.3319 0.5500
-6.1829 -7.1405 -0.0098 0.5500
-6.2426 -7.2291 1.3848 0.5500
-5.5636 -6.8914 2.5664 0.5500
-5.6676 -4.8532 -0.9643 0.5500
-5.3618 -7.2230 1.4110 0.5500
-6.5630 -6.0090 -1.4664 0.5500
-4.1993 -6.6816 2.5786 0.5500
-6.2756 -7.4088 -0.0439 0.5500
-6.5083 -5.8668 -0.2506 0.5500
-5.0443 -6.9027 -0.1800 0.5500
-5.2780 -6.8570 2.7569 0.5500
-6.5151 -5.6336 -0.2259 0.5500
-5.4577 -6.7097 2.4194 0.5500
-6.3408 -6.3209 2.3647 0.5500
-5.6649 -6.5222 2.1767 0.5500
-5.8123 -6.5752 -0.8182 0.5500
-3.9634 -7.5557 1.3369 0.5500
-4.8877 -5.8137 0.1335 0.5500
-5.1467 -6.3224 0.5331 0.5500
-5.3876 -5.8490 -0.8372 0.5500
-7.0027 -6.4077 2.7021 0.5500
-5.8520 -5.6551 -0.3580 0.5500
-6.3511 -6.3787 2.1916 0.5500
-6.0410 -5.4022 -1.2410 0.5500
-5.9312 -7.2244 1.9070 0.5500
-7.3719 -7.1325 1.9263 0.5500
-6.2271 -5.0703 -0.3779 0.5500
-5.8984 -5.8384 0.9400 0.5500
-5.2597 -5.0075 -0.2200 0.5500
-6.6269 -6.0097 -0.5943 0.5500
-6.6323 -6.7225 1.1584 0.5500
-6.6854 -5.0062 1.6189 0.5500
-6.2545 -7.9548 1.5642 0.5500
-6.9021 -5.8601 2.1054 0.5500
-4.9385 -8.5319 1.5755 0.5500
-5.3793 -5.2950 0.1445 0.5500
-3.8280 -7.3221 2.7106 0.5500
-6.4251 -6.7450 2.6101 0.5500
-5.3116 -7.2736 0.4433 0.5500
-6.9708 -6.0263 2.6760 0.5500
-4.8244 -6.6478 2.7275 0.5500
-6.1717 -5.3943 1.6972 0.5500
-6.0674 -7.0272 1.9725 0.5500
-4.9797 -7.4447 -1.0092 0.5500
-5.0283 -6.8767 -0.3378 0.5500
-6.7840 -5.1897 -0.9736 0.5500
-6.0848 -5.6656 -0.8411 0.5500
-4.8601 -5.5746 1.8420 0.5500
-6.2943 -6.9409 -0.6198 0.5500
-5.7552 -7.5558 0.1254 0.5500
-5.5696 -5.3627 0.3768 0.5500
-4.8728 -7.6020 -1.2060 0.5500
-5.4658 -6.4951 2.2036 0.5500
-6.1948 -7.0321 2.1365 0.5500
-7.5707 -6.4397 -1.4176 0.5500
-5.4372 -7.8674 1.0464 0.5500
-5.8621 -5.8194 1.0736 0.5500
-4.5793 -5.4036 1.1880 0.5500
-5.5394 -5.6642 -0.3876 0.5500
-6.4533 -7.3902 -0.7727 0.5500
-6.9970 -6.1526 -1.1276 0.5500
-6.1380 -6.6370 1.6014 0.5500
-5.7098 -6.5005 0.6171 0.5500
-5.9162 -5.1725 1.1349 0.5500
-7.0097 -6.8481 0.8979 0.5500
-8.2295 -5.9565 1.3290 0.5500
-6.7656 -7.8961 1.5335 0.5500
-7.9514 -6.4424 -0.5899 0.5500
-6.7853 -5.7552 1.4583 0.5500
-5.8068 -6.6202 -0.3131 0.5500
-4.8431 -6.0082 -1.3809 0.5500
-7.9581 -7.1485 2.0213 0.5500
-6.8202 -6.8730 1.7320 0.5500
-5.6837 -6.6077 1.7359 0.5500
-6.3604 -6.9340 0.1156 0.5500
-5.8699 -5.7813 1.8263 0.5500
-5.6982 -5.6255 -0.2534 0.5500
-6.3295 -5.9819 -0.2185 0.5500
-5.0362 -8.5253 0.0735 0.5500
-4.0568 -6.7545 1.6112 0.5500
-6.8538 -5.8263 -0.4323 0.5500
-5.2585 -6.6309 -1.1803 0.5500
-4.3137 -6.6782 -0.3853 0.5500
-4.8423 -5.7519 0.4746 0.5500
-6.5512 -5.7108 -0.1287 0.5500
-6.2625 -6.0212 1.5948 0.5500
-7.3861 -7.6907 -1.1672 0.5500
-6.4560 -7.3952 1.3206 0.5500
-6.4317 -6.1854 -0.1506 0.5500
-5.6340 -8.1642 -0.7095 0.5500
-6.9090 -5.1882 -0.4971 0.5500
-5.9422 -6.3911 -0.6462 0.5500
-5.8333 -7.0632 2.2021 0.5500
-6.3727 -6.9252 -0.2296 0.5500
-5.3293 -5.5344 1.9951 0.5500
-6.3616 -7.5077 -0.2524 0.5500
-5.7396 -8.0384 -1.4839 0.5500
-7.0392 -7.2946 -1.4706 0.5500
-6.6228 -6.2637 0.0813 0.5500
-5.2318 -5.2184 2.1730 0.5500
-7.3368 -5.5262 1.0444 0.5500
-5.3979 -6.8491 1.4219 0.5500
-6.2620 -6.2735 0.2831 0.5500
-7.6255 -6.2216 -0.3161 0.5500
-6.3558 -6.3227 1.2646 0.5500
-5.4126 -8.0755 0.9916 0.5500
-4.1545 -6.7510 -1.3502 0.5500
-4.5075 -5.8679 0.8783 0.5500
-6.7444 -5.0075 1.2122 0.5500
-5.3607 -6.1818 0.0842 0.5500
-6.3582 -5.6257 -0.0296 0.5500
-6.4891 -5.7938 1.8859 0.5500
-5.1952 -6.8039 0.0948 0.5500
-5.8183 -7.5685 -0.2683 0.5500
-5.8152 -5.5947 1.8742 0.5500
-7.3419 -5.0180 2.7348 0.5500
-6.7730 -6.8378 -0.7054 0.5500
-6.7205 -5.5468 0.1272 0.5500
-5.5899 -6.3797 -1.4887 0.5500
-5.4145 -7.6038 0.5887 0.5500
-4.6116 -6.4625 -0.2838 0.5500
-6.7529 -6.9547 2.0502 0.5500
-4.5926 -6.1458 2.4378 0.5500
-6.2082 -6.1805 -1.0005 0.5500
-5.9368 -7.0160 2.2144 0.5500
-6.0935 -7.5464 -0.5756 0.5500
-5.7973 -6.8665 -0.1758 0.5500
-5.4422 -5.2602 2.3087 0.5500
-5.1700 -7.4390 0.0706 0.5500
-6.1955 -5.9203 -1.4275 0.5500
-5.9290 -6.0212 -1.2772 0.5500
-6.7289 -6.9414 -0.0480 0.5500
-5.4577 -7.1744 2.3030 0.5500
-5.7872 -6.0248 -1.1187 0.5500
-6.6217 -6.5224 -0.6590 0.5500
-6.9947 -6.9027 2.6596 0.5500
-5.8714 -6.1227 0.2693 0.5500
-4.9548 -5.1992 2.2524 0.5500
-4.7311 -5.5083 0.1485 0.5500
-7.0349 -6.3972 0.7287 0.5500
-5.2524 -9.2042 2.5718 0.5500
-5.3620 -6.6910 2.6124 0.5500
-4.8921 -7.3030 -0.7882 0.5500
-5.6196 -6.6628 1.4100 0.5500
-6.2675 -6.7794 0.3241 0.5500
-5.3713 -6.7527 -0.8560 0.5500
-8.0615 -5.6388 -1.3892 0.5500
-6.7932 -6.6822 0.6835 0.5500
-6.6956 -6.7170 -1.0969 0.5500
-6.5381 -6.1187 2.5350 0.5500
-7.2161 -7.3460 -0.4253 0.5500
-6.4515 -6.7702 0.3912 0.5500
-6.4429 -7.5962 1.6234 0.5500
-6.2108 -6.0018 0.6830 0.5500
-5.7729 -6.3148 0.1226 0.5500
-7.0010 -4.8451 1.2073 0.5500
-6.3622 -7.8069 -0.6499 0.5500
-6.0732 -5.7239 0.6102 0.5500
-7.4831 -7.9028 2.6416 0.5500
-6.0589 -7.2966 1.8745 0.5500
-5.8090 -8.2166 -0.0608 0.5500
-5.3936 -6.4448 2.4244 0.5500
-7.0559 -6.2819 2.2620 0.5500
-6.1213 -6.7578 -0.3327 0.5500
-5.0082 -8.2480 2.5171 0.5500
-7.3887 -6.9260 0.5870 0.5500
-6.0054 -6.3966 2.5111 0.5500
-7.2180 -7.2317 0.8636 0.5500
-6.3436 -6.5226 -1.0840 0.5500
-6.6440 -5.6354 -0.9016 0.5500
-5.7006 -6.9591 0.6408 0.5500
-6.2362 -7.3697 -1.3932 0.5500
-7.0213 -6.5647 1.8042 0.5500
-4.7814 -5.0476 -0.1770 0.5500
-5.8576 -6.0959 -1.3654 0.5500
-5.2105 -7.7075 1.2892 0.5500
-6.8762 -5.4153 1.1044 0.5500
-6.3145 -6.8313 -0.9557 0.5500
-5.2007 -6.6870 -0.7206 0.5500
-6.6000 -7.5311 1.6967 0.5500
-6.0041 -6.3813 -0.8503 0.5500
-6.0524 -8.0633 -1.4723 0.5500
-7.8904 -7.4013 2.7988 0.5500
-6.0550 -6.0136 -0.2523 0.5500
-6.3351 -6.3987 2.3315 0.5500
-6.1327 -7.1030 0.2805 0.5500
-6.5756 -6.6552 2.6399 0.5500
-7.0311 -5.9422 0.3485 0.5500
-6.6508 -6.1937 1.7220 0.5500
-6.4214 -5.9703 2.6523 0.5500
-5.5145 -7.4504 -0.2860 0.5500
-6.4479 -7.0661 -1.3723 0.5500
-5.9121 -4.9517 0.4292 0.5500
-5.8391 -6.8173 1.7735 0.5500
-6.4327 -6.8677 0.9252 0.5500
-5.2229 -6.4018 2.0916 0.5500
-6.3000 -6.3236 -0.3532 0.5500
-6.4489 -7.2980 -1.2079 0.5500
-5.1161 -8.4914 -0.5500 0.5500
-5.8904 -6.7573 -0.5164 0.5500
-7.9134 -6.5154 -0.0584 0.5500
-8.1270 -7.9154 -0.1593 0.5500
-4.7252 -6.2867 -0.4929 0.5500
-5.9337 -6.2316 -0.9761 0.5500
-6.1391 -5.7219 0.7439 0.5500
-7.7748 -7.3782 1.5590 0.5500
-6.1170 -6.2061 2.4058 0.5500
-6.8437 -6.0587 -0.3142 0.5500
-6.2525 -5.3178 1.3403 0.5500
-6.5827 -5.8185 0.7685 0.5500
-6.2317 -5.6551 2.3007 0.5500
-5.8451 -6.3781 1.4888 0.5500
-5.7018 -6.8614 -0.7133 0.5500
-6.0523 -5.4842 -0.3548 0.5500
-5.9147 -7.5154 1.1853 0.5500
-7.4275 -5.2796 1.7301 0.5500
-6.0671 -5.8666 -1.1616 0.5500
-5.8345 -6.7690 1.2794 0.5500
-6.0634 -7.7715 -0.7672 0.5500
-4.8113 -6.5563 2.5546 0.5500
-6.2114 -7.0081 2.6442 0.5500
-7.0595 -7.7661 2.1946 0.5500
-6.0004 -6.9572 2.2003 0.5500
-6.4594 -5.7776 2.6329 0.5500
-7.3799 -6.5079 -0.2699 0.5500
-6.2437 -6.6931 0.7472 0.5500
-4.8193 -7.7546 -0.9242 0.5500
-6.2951 -6.6460 0.4616 0.5500
-5.1334 -5.2410 -1.0500 0.5500
-5.4259 -6.4699 1.4742 0.5500
-4.1065 -6.7892 -1.1746 0.5500
-5.6369 -5.9018 2.1961 0.5500
-5.9388 -5.4877 2.1618 0.5500
-5.9285 -5.3956 2.6522 0.5500
-5.7772 -6.2245 -1.3829 0.5500
-6.2079 -7.8136 2.0200 0.5500
-6.4067 -5.7064 -0.2408 0.5500
-5.6312 -6.8140 -0.6577 0.5500
-6.5061 -6.9212 1.7274 0.5500
-7.4935 -7.2792 -0.9837 0.5500
-7.0482 -6.0661 2.2659 0.5500
-4.6825 -5.7344 2.2639 0.5500
-6.2552 -7.0342 0.8906 0.5500
-5.3853 -5.9857 0.3177 0.5500
-6.5582 -5.6206 2.3248 0.5500
-5.2886 -6.2072 1.5632 0.5500
-5.6781 -6.4996 -1.3616 0.5500
-4.4072 -6.6219 0.2717 0.5500
-4.9467 -7.0250 0.3481 0.5500
-5.4114 -5.8911 2.1814 0.5500
-6.4710 -5.5884 2.2958 0.5500
-6.9406 -6.3947 0.8373 0.5500
-6.1122 -6.8558 -1.0173 0.5500
-5.9848 -6.1066 1.1190 0.5500
-6.3271 -7.2225 0.4798 0.5500
-5.4359 -5.4940 0.3186 0.5500
-5.9380 -5.5869 2.7326 0.5500
-6.0019 -6.1024 2.7821 0.5500
-4.7807 -6.8426 0.2613 0.5500
-5.9163 -6.6532 2.5187 0.5500
-7.0842 -7.8921 -0.4482 0.5500
-5.1809 -7.1128 -0.6680 0.5500
-5.8324 -5.9121 1.3239 0.5500
-6.2180 -7.1186 0.6520 0.5500
-6.7648 -4.5904 1.7068 0.5500
-4.9910 -6.8972 -1.0275 0.5500
-4.6478 -7.2422 0.5744 0.5500
-6.5379 -6.2303 1.4316 0.5500
-5.7619 -6.1945 0.6546 0.5500
-5.6488 -5.4078 -0.2688 0.5500
-7.3948 -6.7050 0.6535 0.5500
-6.0350 -7.2107 1.0166 0.5500
-7.3930 -6.9665 0.8665 0.5500
-6.0146 -5.5374 0.9333 0.5500
-4.1896 -5.1872 0.4040 0.5500
-7.1593 -6.9771 -0.0767 0.5500
-4.4990 -6.6199 -1.1972 0.5500
-4.5789 -5.3936 -1.3002 0.5500
-6.0045 -5.9117 0.7954 0.5500
-5.5879 -6.9708 2.1927 0.5500
-6.2267 -7.4496 1.8784 0.5500
-6.3577 -7.0413 0.8059 0.5500
-5.8373 -5.8416 1.2498 0.5500
-6.6198 -7.7155 2.6987 0.5500
-5.6215 -6.3589 2.6591 0.5500
-5.9668 -6.8141 2.7777 0.5500
-6.8539 -7.1072 -1.4291 0.5500
-5.4324 -6.9111 1.2357 0.5500
-5.4114 -5.8215 1.7038 0.5500
-5.1016 -6.0955 -1.0568 0.5500
-6.3838 -5.6936 0.0619 0.5500
-5.1768 -7.1724 -0.7900 0.5500
-4.2666 -7.8645 0.1539 0.5500
-5.9763 -6.3746 0.3972 0.5500
-5.9051 -6.5324 -0.7330 0.5500
-5.4571 -6.9140 0.6332 0.5500
-7.7325 -8.1057 -0.6934 0.5500
-7.0929 -5.8326 2.4659 0.5500
-6.4406 -8.8827 -0.7713 0.5500
-6.2728 -5.9529 0.7040 0.5500
-5.9102 -5.9893 -0.0195 0.5500
-5.7862 -6.0393 0.3178 0.5500
-7.0984 -6.5753 0.1743 0.5500
-5.0782 -8.3421 2.7082 0.5500
-5.7335 -7.8075 1.3535 0.5500
-5.9522 -7.1914 -1.2905 0.5500
-5.6076 -5.0443 2.0909 0.5500
-6.4923 -5.7591 0.8454 0.5500
-6.1908 -6.6690 -0.9990 0.5500
-6.8661 -7.0144 0.5279 0.5500
-7.7632 -6.4176 -0.9260 0.5500
-6.1891 -5.8465 0.8973 0.5500
-4.6203 -6.2832 0.0941 0.5500
-6.4549 -7.6364 -1.2127 0.5500
-7.2453 -5.3756 1.3103 0.5500
-5.5482 -6.1386 -0.4963 0.5500
-6.3830 -6.9285 1.7954 0.5500
-5.6501 -6.2414 2.3864 0.5500
-5.4713 -5.5522 -0.4562 0.5500
-6.4052 -6.2152 -0.1849 0.5500
-5.6682 -6.1704 -1.2997 0.5500
-6.0284 -5.2967 0.5705 0.5500
-7.5743 -7.0221 2.1132 0.5500
-6.4197 -7.2883 -1.0263 0.5500
-6.6638 -6.8756 -0.7787 0.5500
-7.2065 -5.8260 1.7018 0.5500
-6.6778 -5.7335 1.2439 0.5500
-5.4630 -6.3708 -0.6429 0.5500
-5.9888 -7.1776 -0.7636 0.5500
-7.4846 -5.0759 -1.1970 0.5500
-6.8887 -7.4290 -1.4241 0.5500
-5.9879 -6.8665 0.3171 0.5500
-6.0024 -7.0634 -1.0362 0.5500
-6.2563 -5.6510 -0.2440 0.5500
-5.3973 -6.6417 2.2579 0.5500
-5.7048 -5.1838 -1.2878 0.5500
-6.4571 -5.8594 1.9261 0.5500
-6.5402 -7.2447 0.1410 0.5500
-6.1612 -6.7535 0.2711 0.5500
-7.6668 -6.9271 2.6825 0.5500
-5.7663 -5.3929 0.9445 0.5500
-7.0052 -5.8231 -1.3425 0.5500
-5.0324 -7.7689 1.9135 0.5500
-7.3696 -6.0799 0.8845 0.5500
-5.7043 -6.5502 1.8414 0.5500
-7.5930 -7.5202 -0.8498 0.5500
-6.5165 -7.1615 -0.3712 0.5500
-5.6836 -6.6728 2.4153 0.5500
-5.2661 -8.2707 0.3484 0.5500
-5.3064 -6.3229 0.6960 0.5500
-5.4502 -6.4320 1.2655 0.5500
-5.3614 -6.7034 0.7717 0.5500
-5.2938 -6.4711 1.7277 0.5500
-6.4528 -6.6807 -0.5404 0.5500
-6.3106 -7.3992 2.4596 0.5500
-5.4643 -7.0125 -1.2692 0.5500
-5.1303 -7.1216 0.6479 0.5500
-6.1353 -5.9962 2.7899 0.5500
-6.4455 -7.3524 1.3328 0.5500
-6.4723 -6.9421 0.5733 0.5500
-6.6822 -6.4787 2.5959 0.5500
-5.6447 -7.7193 -1.1647 0.5500
-5.1140 -6.8646 0.3162 0.5500
-5.6326 -6.4817 2.3853 0.5500
-6.0352 -6.3765 1.4251 0.5500
-4.4864 -6.2296 0.0843 0.5500
-6.0150 -7.1186 2.7035 0.5500
-4.9045 -7.3839 1.7643 0.5500
-6.8785 -6.8835 2.7025 0.5500
-5.8330 -6.3537 1.0098 0.5500
-6.7914 -6.7414 -1.4648 0.5500
-6.7418 -7.4024 2.6793 0.5500
-6.6512 -4.7371 2.0435 0.5500
-5.9511 -7.1412 0.8663 0.5500
-6.3713 -7.5698 -0.8082 0.5500
-7.6568 -7.0638 2.2880 0.5500
-6.3488 -5.8093 1.2406 0.5500
-6.5007 -6.0444 -1.4870 0.5500
-7.3992 -5.0726 0.6233 0.5500
-5.6378 -7.3093 2.7240 0.5500
-5.4679 -6.7419 1.0198 0.5500
-5.5066 -5.6896 1.5561 0.5500
-4.6374 -7.3396 1.3296 0.5500
-6.8976 -5.5724 0.7306 0.5500
-6.8779 -6.4723 1.4760 0.5500
-6.0275 -7.1388 -0.6582 0.5500
-6.0952 -7.8728 -0.0469 0.5500
-5.8931 -6.0822 2.3245 0.5500
-5.3312 -5.3189 -0.3397 0.5500
-6.2047 -6.2280 0.2920 0.5500
-5.1737 -6.1827 -1.0555 0.5500
-6.6171 -6.2891 2.5011 0.5500
-6.4056 -5.7621 -0.3419 0.5500
-6.8889 -5.5188 0.9982 0.5500
-8.7292 -8.8076 0.2147 0.5500
-7.4001 -6.7559 -0.0091 0.5500
-5.2840 -6.9947 -0.7767 0.5500
-5.1180 -6.3490 2.7829 0.5500
-7.0233 -6.8171 -0.2565 0.5500
-5.2548 -6.1438 0.2046 0.5500
-7.9427 -6.2329 -0.6713 0.5500
-6.8252 -8.0329 1.1986 0.5500
-6.3741 -8.2413 -1.1295 0.5500
-5.1570 -5.8950 1.3507 0.5500
-4.5549 -7.1649 0.6633 0.5500
-6.3705 -5.1251 1.2842 0.5500
-6.0547 -5.8181 -1.4798 0.5500
-5.1674 -7.9301 1.3960 0.5500
-4.2018 -7.1379 -1.3036 0.5500
-5.0496 -6.3083 2.4452 0.5500
-6.9681 -6.8570 1.9117 0.5500
-5.2993 -6.6386 -0.9672 0.5500
-6.5168 -7.3864 0.8919 0.5500
-4.8792 -6.2236 2.6145 0.5500
-5.4936 -6.4843 -0.4567 0.5500
-6.8183 -5.8955 -1.1874 0.5500
-5.1159 -6.5386 0.3169 0.5500
-5.5768 -7.0030 -0.9057 0.5500
-5.6813 -6.3904 1.8434 0.5500
-5.9760 -6.2097 2.4222 0.5500
-6.4189 -6.4985 0.4333 0.5500
-5.5062 -5.5175 2.7910 0.5500
-4.2387 -7.3686 -0.6826 0.5500
-4.4734 -5.7731 2.4464 0.5500
-6.1475 -7.4755 -0.1090 0.5500
-7.6831 -5.9776 2.3781 0.5500
-6.4381 -8.1440 2.3893 0.5500
-5.8831 -6.7392 0.0001 0.5500
-5.7718 -5.7370 -1.4128 0.5500
-5.2812 -6.8316 -0.1987 0.5500
-5.4191 -6.5833 0.3762 0.5500
-5.4073 -6.2894 2.7304 0.5500
-6.5067 -8.3699 1.4658 0.5500
-6.4184 -6.2744 1.2298 0.5500
-6.8652 -7.2767 1.2743 0.5500
-5.7920 -5.7620 0.2039 0.5500
-5.3079 -6.5995 1.4654 0.5500
-5.1448 -6.3054 -0.2974 0.5500
-8.0066 -7.4772 1.7349 0.5500
-5.6236 -5.8899 1.3029 0.5500
-6.8336 -6.5557 1.7092 0.5500
-5.5278 -7.7416 -0.8492 0.5500
-6.8389 -6.9463 0.8748 0.5500
-5.4124 -6.0036 -0.6756 0.5500
-6.5179 -6.4337 -0.1590 0.5500
-6.5010 -5.9740 1.9051 0.5500
-5.3572 -6.8332 0.2947 0.5500
-6.4413 -5.5743 -1.2857 0.5500
-5.2330 -5.4155 2.3357 0.5500
-5.4065 -7.9465 -1.0385 0.5500
-6.0890 -6.0722 0.6384 0.5500
-6.3628 -5.3327 0.5440 0.5500
-4.9790 -6.1607 0.2162 0.5500
-5.3360 -6.5767 -1.4777 0.5500
-4.6860 -7.6036 -0.4071 0.5500
-7.3942 -6.7917 -0.8310 0.5500
-6.2313 -6.9510 -0.7966 0.5500
-6.3643 -5.8388 -0.9564 0.5500
-5.5903 -5.7464 2.0434 0.5500
-6.7593 -6.6763 -1.0659 0.5500
-6.6465 -7.3029 -0.0680 0.5500
-5.9672 -8.2457 0.9933 0.5500
-7.5005 -6.0724 -1.3242 0.5500
-7.6093 -6.1404 0.7576 0.5500
-6.0921 -8.2139 0.4944 0.5500
-3.8767 -6.1270 2.1898 0.5500
-5.9092 -5.8454 -1.0009 0.5500
-6.3012 -8.7449 -1.2486 0.5500
-5.6549 -7.3497 -0.8673 0.5500
-5.5373 -4.5528 0.5480 0.5500
-6.1026 -6.4818 -1.0486 0.5500
-6.5409 -4.7030 1.1476 0.5500
-7.2547 -6.3455 1.9117 0.5500
-5.2795 -5.6402 0.8887 0.5500
-6.3766 -6.7649 0.0413 0.5500
-5.6206 -7.0532 0.4207 0.5500
-5.1547 -7.7959 -0.4575 0.5500
-6.2455 -6.0841 2.1639 0.5500
-7.1723 -7.1950 -0.1089 0.5500
-6.1812 -7.2816 2.1921 0.5500
-6.1244 -7.7610 2.6534 0.5500
-5.6039 -6.4843 -0.4006 0.5500
-6.4575 -5.9003 2.1890 0.5500
-6.4984 -6.6990 2.0967 0.5500
-6.3084 -6.7686 1.1287 0.5500
-5.7025 -5.2831 2.0855 0.5500
-5.2800 -7.7973 0.3297 0.5500
-4.1333 -5.0575 1.0924 0.5500
-4.4569 -7.5844 0.2446 0.5500
-6.1069 -6.5992 2.7952 0.5500
-6.5751 -6.2079 0.7870 0.5500
-6.4987 -5.7187 -0.4799 0.5500
-7.0501 -7.7815 1.3816 0.5500
-5.9006 -6.3694 1.7596 0.5500
-6.7923 -6.9935 2.2038 0.5500
-6.8856 -5.7059 -1.4454 0.5500
-6.8328 -7.0034 1.7134 0.5500
-5.2892 -8.0517 0.7814 0.5500
-6.0661 -6.2085 1.6238 0.5500
-7.0902 -6.5261 0.7677 0.5500
-5.2951 -5.0808 -0.0824 0.5500
-5.0470 -5.7313 -1.3490 0.5500
-6.3678 -7.2037 -0.1225 0.5500
-6.6268 -5.7225 1.3207 0.5500
-6.6979 -6.4231 -1.4582 0.5500
-5.7878 -5.9301 2.4623 0.5500
-5.2707 -7.1069 0.2171 0.5500
-5.8652 -6.8037 -1.2295 0.5500
-7.0765 -5.9801 2.2925 0.5500
-5.1487 -5.9162 -0.7229 0.5500
-6.0434 -8.1859 -1.2493 0.5500
-6.1608 -6.0371 -1.1626 0.5500
-5.6552 -7.1759 0.7704 0.5500
-5.1653 -6.3124 -0.2706 0.5500
-6.9109 -7.8234 2.1198 0.5500
-7.0732 -5.7935 0.8460 0.5500
-6.0384 -5.9595 -0.3042 0.5500
